ID,SeriousDlqin2yrs
129460,0.17333573
134018,0.06578413
86523,0.07673481
138466,0.05253188
143905,0.031428337
118893,0.9126953
124587,0.020058138
136337,0.5518095
16700,0.15636691
57857,0.23029304
15734,0.070337504
108865,0.07287487
70643,0.10695128
63937,0.11492537
45630,0.80604213
134,0.092586435
19051,0.05774103
70017,0.080713
141425,0.089069284
54428,0.15202463
22909,0.4884888
50665,0.80462444
14452,0.09633334
25646,0.3940908
7670,0.78415054
58203,0.054286305
34957,0.107201576
12339,0.0837509
57387,0.12241391
135184,0.036052577
67705,0.7192047
88706,0.040075213
50761,0.040653005
128898,0.79689217
141806,0.9174738
26485,0.06204277
35726,0.500669
7684,0.14819059
110249,0.032436967
93798,0.93277115
15352,0.12919967
124345,0.48564318
114161,0.041978285
134264,0.7094544
25722,0.07339729
80217,0.016452659
39434,0.22086309
148053,0.21445583
36794,0.03997463
36180,0.10999467
111180,0.19154383
109175,0.2807055
89108,0.103930846
102313,0.061040662
1237,0.74380034
115697,0.5153794
117088,0.5785029
32708,0.07634668
56470,0.4724769
32678,0.15129513
7520,0.06106179
19850,0.83489424
59381,0.07372552
72715,0.37095582
120597,0.60080165
64821,0.49016184
85756,0.7319396
87380,0.54056126
4468,0.36952847
117685,0.073719144
14303,0.3665476
137190,0.094502546
16530,0.13822556
87639,0.15364203
52576,0.1234897
51230,0.4619668
8197,0.63598627
8926,0.047595795
12082,0.12886973
36469,0.19468227
71537,0.5534466
143473,0.11705951
40512,0.42602578
142333,0.036080252
122859,0.11502372
123494,0.9176242
11783,0.12880157
93815,0.24559708
34965,0.13249244
28589,0.4760389
4382,0.21354157
103120,0.1595455
67853,0.038482085
1341,0.068047106
61792,0.051600862
133333,0.09395514
33457,0.10528193
84785,0.2021964
88130,0.03451905
44198,0.07861298
119157,0.032382417
24998,0.08445179
122763,0.41288346
121251,0.7555182
78085,0.41728547
5826,0.51568717
10776,0.38357937
149700,0.2587674
41971,0.05872481
45082,0.5590416
99466,0.5920697
105695,0.16056882
46531,0.048013873
92571,0.07295426
149280,0.8695931
9307,0.051076308
3832,0.83980787
136229,0.25041914
9749,0.12926467
22416,0.18117128
8923,0.32005444
122317,0.08601824
75316,0.12585206
90063,0.14506836
125217,0.068986595
7152,0.2233233
98829,0.03859157
7731,0.18390259
73791,0.4187474
77593,0.17177193
44064,0.05861824
97789,0.047754508
96776,0.046497654
65178,0.73814744
91449,0.19633587
99847,0.42240566
67431,0.3439579
37950,0.1470173
25116,0.09478433
125291,0.47104105
81884,0.06726517
54800,0.5799314
56112,0.38067117
101235,0.042365875
46574,0.17108083
40808,0.32239485
142283,0.19371979
51874,0.032660708
51128,0.92442524
114138,0.13447393
13547,0.13019113
6473,0.056149706
26439,0.78342766
117091,0.8186558
18597,0.031089317
94348,0.12982368
30020,0.13658619
63311,0.519427
29567,0.577271
137357,0.16899504
116355,0.108623154
16821,0.06293153
145830,0.6212853
94237,0.055762667
138891,0.025512638
125287,0.10138669
43538,0.6622285
18098,0.7159958
11471,0.06896546
50859,0.7569971
105579,0.17865628
1026,0.73024476
48669,0.051272735
4369,0.20394847
8675,0.071691036
30495,0.048225116
46390,0.21303517
85342,0.01056634
145455,0.56887084
84151,0.07650971
99728,0.72053903
51431,0.21616091
40461,0.24891834
74752,0.3341587
146347,0.1495944
89627,0.08569364
119495,0.5712699
5535,0.38632774
6886,0.34244236
82573,0.12701242
5856,0.090198845
112565,0.078727104
141875,0.22459315
116917,0.10939506
82648,0.2987329
61263,0.13292864
149132,0.1436556
136782,0.047091965
73326,0.6149776
36736,0.2506093
135464,0.104122214
134733,0.113039196
109407,0.20305787
80387,0.19653286
69821,0.14124957
36225,0.045819275
106353,0.541462
23899,0.2669385
98340,0.4572706
1459,0.089840956
124570,0.20605217
125522,0.09806422
65121,0.13061762
111475,0.057164658
134388,0.58141536
136272,0.4755645
63305,0.080994725
51318,0.107578374
124790,0.102476805
137374,0.08169398
61364,0.6001006
130363,0.9045363
115501,0.941145
126422,0.5668314
74959,0.10407923
20728,0.046873357
98840,0.063699536
86036,0.034545638
126021,0.07218187
106773,0.16623624
114366,0.23782195
38396,0.39315405
64618,0.4748771
44641,0.6488418
15441,0.14730862
70716,0.0918809
149477,0.056094687
4458,0.58098936
85932,0.08823712
96810,0.55184644
35535,0.9795024
25662,0.32595882
81621,0.36630735
50408,0.0734781
91625,0.47332686
144293,0.10726925
102549,0.13247707
126255,0.5965795
121831,0.23242737
102237,0.39853266
87682,0.5363417
1128,0.6347304
113669,0.09468163
143810,0.20618802
2537,0.09369918
32514,0.08317151
27431,0.18199798
12324,0.043385465
4255,0.08462434
120638,0.7334454
140287,0.038815435
15575,0.08184313
102682,0.39318177
66848,0.09697947
42860,0.041276366
64695,0.4557441
78618,0.049624365
125868,0.09312594
95046,0.36634177
148199,0.045334816
48429,0.5546716
103265,0.34690353
88744,0.22491562
95916,0.052803658
85231,0.09822398
59848,0.13621001
102903,0.035068743
6418,0.29574254
56585,0.15300451
16433,0.07091413
143329,0.5121608
35325,0.53885883
129113,0.39521196
20640,0.25546
81767,0.7825617
125251,0.057576224
111116,0.83327883
78367,0.05836806
91129,0.46163023
100868,0.14975296
142892,0.05887578
54362,0.25616336
90671,0.10791614
68108,0.049628366
24347,0.18473248
64400,0.06124837
11051,0.07004294
23652,0.053304262
35741,0.067307405
106355,0.9631679
43631,0.039636035
60105,0.31781098
4167,0.25653368
139748,0.18546945
108628,0.12576504
130842,0.09293996
73121,0.4904506
144847,0.6010324
98908,0.16231082
107258,0.10107796
7310,0.11213261
66363,0.514669
105182,0.1185216
109290,0.27482095
30480,0.044775438
117321,0.14233825
101188,0.92182535
51893,0.029122606
72716,0.17274556
133102,0.1161416
25151,0.11235593
87813,0.89566946
75161,0.035776168
69389,0.09092677
99673,0.4015125
124140,0.082979105
78958,0.20789897
93773,0.112850316
48062,0.39858618
127963,0.06066246
92341,0.12988107
51786,0.1938892
123328,0.04628547
86416,0.0504342
48391,0.15851511
7238,0.86223316
77088,0.08146031
60633,0.34882385
127141,0.083432876
83640,0.10418124
94760,0.23100717
99612,0.27495864
75729,0.06031386
74668,0.075731836
91592,0.34131023
8120,0.09172156
52033,0.28083977
91872,0.13571507
3618,0.024454717
18561,0.057669003
113602,0.077765055
140838,0.61249495
148161,0.32871726
145995,0.07975648
38762,0.13155437
11025,0.04738624
60824,0.076332144
30964,0.16335815
34568,0.43101674
44328,0.1513277
77621,0.054620802
17489,0.6088009
1449,0.32324374
111125,0.05657541
56855,0.17981745
21162,0.41255617
21765,0.4381198
70454,0.123932265
141564,0.67814475
122653,0.08381897
81969,0.078364514
6623,0.09848763
13636,0.2890906
35440,0.89412725
427,0.2942209
91482,0.092599615
16494,0.8997381
9668,0.080719866
25314,0.051368438
6527,0.7059019
113696,0.23751906
120716,0.20880623
123407,0.190772
6045,0.2447185
102619,0.35134396
89593,0.30714235
146461,0.048911255
144504,0.09615129
33304,0.83219475
38522,0.06279012
35919,0.08040192
12916,0.12477329
64933,0.45820963
65146,0.36020264
20257,0.78761834
13337,0.37338775
49821,0.8306205
35035,0.034938008
52244,0.10616667
61391,0.050088692
59255,0.17076863
82951,0.09206375
77312,0.40873647
121599,0.20379698
73110,0.13087188
63200,0.122413196
148328,0.06661274
134738,0.5465128
12550,0.22045873
36966,0.29071045
117478,0.13070442
7824,0.56834364
18671,0.068536334
12238,0.0759341
113183,0.14878275
138486,0.5391997
135525,0.112023376
89449,0.2862204
74982,0.08560512
82665,0.08284633
148908,0.15404794
110931,0.047474314
135483,0.18554509
74838,0.25175956
113813,0.45467862
74545,0.877149
98377,0.115333326
4788,0.18149662
17861,0.049794734
48878,0.7302996
33410,0.6223525
31696,0.035750702
114449,0.0569858
25788,0.14245501
141779,0.076626405
94354,0.055483382
20374,0.28891516
35587,0.039567046
53581,0.25750518
96356,0.45121586
55729,0.20774008
127598,0.11898543
23760,0.4518048
75498,0.053113732
18516,0.11111801
47209,0.10269643
20941,0.09483669
48549,0.17541236
59387,0.57155925
119215,0.17358118
72253,0.13185461
49924,0.45609054
123466,0.11885418
95055,0.76155216
111457,0.3843408
73306,0.7909855
99154,0.5425365
8249,0.78712344
47007,0.039060704
22760,0.32877478
141212,0.3524762
121061,0.327524
1847,0.17645325
17047,0.0464825
79153,0.15172823
97307,0.09875024
112605,0.363811
6181,0.1482236
133193,0.114968225
48299,0.054388296
11793,0.05822584
23345,0.016733903
109678,0.038633507
64100,0.06531293
95271,0.10639709
145753,0.49820846
139739,0.08249607
35141,0.17439754
73076,0.06644095
27110,0.057281148
103760,0.5530507
13277,0.08681098
135351,0.3316595
77959,0.106894635
58411,0.3676975
2346,0.052315213
145711,0.69711626
41475,0.39429393
102443,0.3148156
43839,0.92065924
126788,0.86372334
83174,0.84816
7137,0.43264744
43256,0.17737617
112876,0.1809957
31034,0.39738888
73489,0.13803595
102108,0.34608582
136720,0.054047015
10254,0.12330838
122083,0.082112685
94683,0.30173948
84309,0.12377075
117684,0.7882644
112563,0.5276455
135195,0.42585662
43633,0.58766174
51680,0.22597927
112812,0.24247523
86540,0.07249559
27185,0.496256
53039,0.046499226
99611,0.26267442
41063,0.42420208
85471,0.24218756
147094,0.2299938
90426,0.2390375
54757,0.038286097
38420,0.22921248
12487,0.11513299
105351,0.5940176
104084,0.080597505
17085,0.07158438
126312,0.28494966
102967,0.23267847
128155,0.060629092
55487,0.22017209
88489,0.07051374
6709,0.042443104
89488,0.19055362
131366,0.51208353
12182,0.30947626
42157,0.09459703
42217,0.1736583
77996,0.08931102
131091,0.29576182
39249,0.53343296
139367,0.09800722
35382,0.23968175
102884,0.38766018
98592,0.28163743
123498,0.38183376
42488,0.2627707
8456,0.17919189
12376,0.34892046
20160,0.217513
143667,0.05155207
34949,0.10476005
69311,0.10121682
925,0.111636885
46791,0.12225239
105258,0.07424381
91884,0.07620182
143763,0.1137972
61288,0.08477435
593,0.12284213
96955,0.14099076
586,0.74234104
105685,0.17327167
133222,0.7307292
43007,0.27830005
139305,0.16312505
18039,0.22843541
123467,0.44328564
11926,0.10472605
80773,0.09703295
128641,0.87515223
55471,0.11333722
59906,0.24643546
11618,0.85099995
76625,0.4639733
54513,0.06272087
25,0.106312715
50313,0.9098973
34392,0.045590717
12352,0.28942737
130790,0.9108767
71456,0.11358893
96489,0.13619854
143716,0.93462217
65981,0.1376477
44623,0.15426764
7090,0.07928097
54529,0.81650776
6828,0.3086561
13041,0.051829696
62859,0.1987218
50776,0.17991774
64691,0.09513672
2199,0.03467842
137673,0.4539094
89207,0.040624637
105396,0.11121874
142822,0.4931531
36342,0.22040299
141229,0.14947738
20865,0.14283475
63103,0.20438285
127171,0.10823228
147415,0.043663952
2609,0.09427527
87431,0.043523207
30198,0.28407192
120106,0.14289032
32624,0.41379362
117518,0.1065529
72635,0.26489767
90577,0.16855776
147026,0.1519497
80409,0.07393885
29527,0.37007025
39508,0.82073164
93356,0.12161595
135632,0.27232894
74943,0.09952789
15901,0.08947521
105736,0.3153287
109997,0.25134534
135992,0.055751115
45338,0.31990752
40378,0.14133544
665,0.17796993
88437,0.7353636
76725,0.09451151
123116,0.80697405
85368,0.26634935
84690,0.038119853
46676,0.36373994
54508,0.05432072
93955,0.08425517
77643,0.8281831
51437,0.15209451
127979,0.48176092
25657,0.14362021
140235,0.15800448
95338,0.5576308
1875,0.040426124
130512,0.067040674
2571,0.20774612
85190,0.4441856
29457,0.59638005
5568,0.07288047
86254,0.82882327
54648,0.80209523
129206,0.1535454
104110,0.18892711
39494,0.5020265
57902,0.028923174
68427,0.07034851
38400,0.22362503
3883,0.059790555
142771,0.2658643
55990,0.13750833
78096,0.8997189
12912,0.11492857
92595,0.6024795
53932,0.07449198
45230,0.449718
118114,0.11409123
47423,0.43686926
89140,0.7049625
92399,0.14254479
119365,0.2399929
76687,0.10043575
22190,0.41455916
86718,0.15164362
9496,0.8544291
88274,0.21247685
24257,0.07698055
97855,0.21564735
8281,0.09122264
87054,0.16716698
58992,0.18551324
143668,0.04469161
31299,0.27678257
128261,0.17844276
72600,0.3114525
8261,0.10674273
14154,0.3410519
88436,0.066038
27341,0.78532946
5777,0.082266286
43744,0.2745408
112185,0.072237216
112617,0.16160528
122746,0.11375417
24340,0.4606239
15454,0.08158149
40373,0.08037181
143481,0.41912746
145510,0.103246085
52794,0.8422927
51756,0.15561558
43659,0.07969001
73080,0.3966807
121173,0.0450252
135585,0.020015517
2529,0.046271518
85078,0.6341402
48482,0.026076412
10257,0.5383157
81914,0.112292506
118064,0.11955501
6652,0.30928177
64409,0.091756344
4841,0.44202277
24127,0.14190792
26718,0.385221
46837,0.25251108
114324,0.2188771
10474,0.6482205
146272,0.33632392
79908,0.46428558
37045,0.09800032
7514,0.03318872
82634,0.13874328
92013,0.07293821
68976,0.118335195
94610,0.080487475
113007,0.8690322
147673,0.40424174
125461,0.6896922
140026,0.9764073
37445,0.10616011
114852,0.044723213
54658,0.12787475
13730,0.12009983
105148,0.3701303
22634,0.84210545
72969,0.11656861
62925,0.31142762
7169,0.33875737
129731,0.14809303
99956,0.8608919
92641,0.03137217
46818,0.17769681
141585,0.31332508
112627,0.32416305
140649,0.43783185
147758,0.09911988
149293,0.3618883
9266,0.5921267
79482,0.462353
136635,0.070868425
33484,0.26501548
38550,0.31247994
116623,0.07078499
59604,0.33682513
147900,0.3501331
7364,0.523727
10664,0.07273404
81907,0.108796015
101494,0.16016597
34656,0.36674148
121914,0.8347137
35620,0.20290919
2077,0.08616658
6999,0.10895594
99650,0.07382288
35249,0.13647658
143554,0.9630578
56590,0.32185683
107370,0.12097383
107955,0.111638
134084,0.41360393
137705,0.30058676
11151,0.24774043
126493,0.6142104
61634,0.9237847
116738,0.11448879
55529,0.05997168
32994,0.15728879
49612,0.1826818
108957,0.061673716
149267,0.055889565
39960,0.1881185
92885,0.062444683
65163,0.39068604
100801,0.07295901
75565,0.045131
145941,0.45015696
102703,0.3948064
45289,0.028763235
148503,0.2882848
140967,0.08610401
103697,0.33240086
137994,0.31305107
93893,0.26300716
97046,0.6761193
101179,0.10555194
18289,0.11402259
130977,0.0354376
50578,0.58860755
143285,0.121561006
37524,0.36077255
127374,0.4106528
138662,0.018995836
121600,0.44093925
58155,0.054122712
77293,0.22047402
23378,0.7486902
39306,0.13646977
132940,0.0698376
22447,0.38423148
7919,0.42388776
53020,0.5550948
109432,0.5420106
102224,0.21016875
123168,0.15018924
136126,0.055016294
52377,0.24284212
141914,0.46543637
45984,0.2974767
123148,0.23413852
6563,0.19601595
75587,0.10062963
136909,0.7140901
17192,0.8680598
61257,0.24940531
76953,0.27321777
98451,0.16603312
4986,0.08477385
33014,0.095644124
96926,0.031931642
119729,0.09397203
43980,0.31427267
54936,0.20743889
25949,0.17485285
72570,0.104915366
18256,0.05394019
22395,0.19737525
67897,0.52098686
104127,0.07136849
38317,0.2751962
26577,0.053727258
20614,0.029245919
139028,0.091886476
873,0.040819086
82352,0.06043672
144891,0.32290184
98746,0.9293067
113045,0.04113556
115343,0.053622626
137543,0.49536663
1384,0.07401481
76731,0.1583246
9803,0.30712014
55819,0.9356918
32604,0.092472464
113131,0.9300344
70927,0.091855206
71871,0.092163935
131170,0.25637522
76114,0.596997
124618,0.036610354
21894,0.5512866
20736,0.11242093
45674,0.05569326
37725,0.11704035
29124,0.22395712
67238,0.16294645
66789,0.7271007
141080,0.059273142
77062,0.09296593
69137,0.048906982
25884,0.118874736
16967,0.14299943
122210,0.1280212
49937,0.36063343
139448,0.23050763
64832,0.09025832
132168,0.1381159
106882,0.25740194
102342,0.13498032
70472,0.103186585
112628,0.07868463
4099,0.18051258
43654,0.84437054
80619,0.053456757
131822,0.0990862
29775,0.09181027
53522,0.22018084
4456,0.089298904
65532,0.9410881
35652,0.51867676
61878,0.097386435
39905,0.05451595
62644,0.05666382
34939,0.12706745
132336,0.04775134
101148,0.26513147
60936,0.22125283
48219,0.041843317
142563,0.049495608
99957,0.06842116
138821,0.065700606
81033,0.46832964
50548,0.08740335
136338,0.11035102
68945,0.44936007
2921,0.07340631
141083,0.7036771
105928,0.045272164
123434,0.5336381
135418,0.06498721
86652,0.44850722
10610,0.23045771
135356,0.041452713
70305,0.83743817
26686,0.09565041
80893,0.17823184
19391,0.06008917
148029,0.033477828
56916,0.24390914
94082,0.7315051
4381,0.19491132
140174,0.868013
60991,0.11745287
31875,0.36585635
67911,0.08610725
98299,0.25046816
54971,0.9253149
104206,0.043768268
99147,0.13844872
117544,0.47523764
44187,0.19160786
141653,0.06623789
86096,0.23524645
31425,0.59979886
100551,0.24835813
58916,0.114892595
26238,0.4913417
145759,0.14924294
54006,0.48534748
104259,0.041438904
131909,0.12906928
113534,0.19654258
9943,0.59880143
21181,0.056615487
145016,0.16869909
127025,0.18677343
99705,0.20957197
86047,0.92834336
88629,0.035242576
92265,0.35007647
113545,0.050728586
20546,0.15981808
95405,0.1304815
128014,0.34700376
49303,0.18488938
144046,0.19943564
49113,0.043916788
8208,0.10623139
56025,0.77219963
46908,0.12350138
69072,0.2807636
146175,0.12794052
112217,0.66130936
8345,0.20433566
109095,0.20322706
123413,0.072321504
40892,0.1778062
31882,0.14466345
105867,0.47729257
43537,0.305338
113870,0.066421375
14437,0.068994746
130734,0.028888572
10688,0.16035984
121883,0.12639596
63319,0.12899654
9198,0.106936455
16492,0.13663894
111238,0.13596387
115451,0.6619576
129979,0.64571714
143736,0.2277219
6825,0.059515435
43900,0.3936405
99907,0.09896823
6470,0.078097336
82638,0.061942726
48594,0.22764206
71365,0.81444174
143156,0.39804944
27129,0.08636582
5844,0.80415213
114058,0.31180167
66770,0.4087954
131615,0.90588087
10831,0.06360947
33210,0.092023656
56647,0.62458175
56595,0.7392221
49282,0.03175566
13210,0.4445196
34510,0.41760007
73472,0.05308515
144055,0.093075514
382,0.39766464
99295,0.15698352
102303,0.3551907
127922,0.1898902
80224,0.5272999
91709,0.23443782
127239,0.07382647
26509,0.3743467
26265,0.12466867
32949,0.9723812
68808,0.8065436
83057,0.42886683
147660,0.08933344
129504,0.25884157
31202,0.7796368
62107,0.1449381
81152,0.2078875
12374,0.04989188
4876,0.2846751
103514,0.3364365
127423,0.29557848
44579,0.7485548
18966,0.11531854
113082,0.21432687
30842,0.26676172
78181,0.06014642
130303,0.028091095
66575,0.05871528
24696,0.057093684
109062,0.29715818
42295,0.05838276
92569,0.6277153
129879,0.06929559
36463,0.20023641
35050,0.030674733
1890,0.19579138
142991,0.12964535
77078,0.46658933
80319,0.1247778
34425,0.038855255
3313,0.036728255
20954,0.59419173
100740,0.22916967
54640,0.04689745
7552,0.5145954
88077,0.10578426
65628,0.052962814
109058,0.15205666
116904,0.15606824
60460,0.090506114
126832,0.12116235
121179,0.1245249
126124,0.43669078
17543,0.15412763
128335,0.27310508
102749,0.050772164
146368,0.77519226
62823,0.070589714
63351,0.71208966
53935,0.051650852
66566,0.25791472
109354,0.45070848
107017,0.051780753
98259,0.06997881
87478,0.34862974
60065,0.13127826
140742,0.15744887
103799,0.1391944
146260,0.3872176
103513,0.058453966
100217,0.13600396
137693,0.029775614
125109,0.016697077
116659,0.51280963
92264,0.036361933
49682,0.54431224
45478,0.14245212
146534,0.17160194
46841,0.053725634
1902,0.4341251
19256,0.77912796
112803,0.11079097
64962,0.4803167
53699,0.321635
48422,0.5869159
47888,0.028956272
78121,0.2810879
32747,0.14975287
113412,0.95802623
70704,0.12371048
23811,0.1724899
88127,0.3937271
12291,0.21681908
105907,0.858907
28737,0.25669438
70802,0.31165805
121452,0.93075997
137568,0.06077512
100559,0.4565108
68286,0.088820964
11201,0.6925189
104280,0.49203786
2897,0.42931643
144925,0.6118122
66859,0.4907904
90795,0.08709131
32475,0.41234022
46401,0.046151247
63784,0.49735883
128858,0.20381369
140111,0.16428514
93304,0.114998706
31465,0.09540729
73905,0.9464308
4454,0.2548019
92053,0.43890938
89394,0.13393725
115515,0.66181374
62531,0.072570466
137009,0.14458328
145983,0.51371926
120780,0.051583633
9995,0.27111414
60914,0.69224936
114141,0.07801657
12521,0.05196073
57125,0.28428465
62593,0.6078659
95005,0.33406574
136180,0.32672632
144437,0.25710097
149597,0.15667437
109383,0.12486187
104081,0.2708913
112938,0.38215846
123473,0.02959572
50091,0.09677334
6667,0.0564099
130011,0.6999794
61963,0.17028348
117451,0.23534563
78661,0.8560063
84345,0.13028574
72437,0.05885636
37611,0.09482583
27006,0.28096393
908,0.19329293
102897,0.090264075
41643,0.43698615
91003,0.3278092
38276,0.19666433
78596,0.104931675
74871,0.33509552
86318,0.07848815
144828,0.05979806
64360,0.20608501
29072,0.15405095
80777,0.13632926
74472,0.3470178
65228,0.57049024
97386,0.117260054
65529,0.4707107
5157,0.9728924
47603,0.08316683
2448,0.036391392
143799,0.11927439
60750,0.109204404
29710,0.09490573
96785,0.3103463
16464,0.052285943
136223,0.1531092
129575,0.3324999
132489,0.33954126
68189,0.13518369
146693,0.07777337
9142,0.10315076
120414,0.061102353
37557,0.0806265
85301,0.15657985
60925,0.1006216
72276,0.34785548
52317,0.5244798
49992,0.9118154
72116,0.85901254
66665,0.49088374
98718,0.11550126
144015,0.066165455
75650,0.6882705
95321,0.054880798
61142,0.19622627
38488,0.034057114
54155,0.18527077
107359,0.26556677
48087,0.36477512
36891,0.3146694
99629,0.41448355
96525,0.054140337
121624,0.87412167
73384,0.34162396
6784,0.052255694
6018,0.07348667
45211,0.1682628
64793,0.19936182
140216,0.078816175
19064,0.08386232
92313,0.11597358
101547,0.20901118
80304,0.2712808
96646,0.07706959
131573,0.07837827
146242,0.045848645
18432,0.3317585
57955,0.77806485
40963,0.5204148
68955,0.27396187
18680,0.96908265
66482,0.058682203
6002,0.63380533
21041,0.22391519
85067,0.045233496
13188,0.06209936
43459,0.033425394
142775,0.081314236
124257,0.6580366
17118,0.09530339
7886,0.13900693
143775,0.62343264
149583,0.9499078
126660,0.1291471
122612,0.14364219
18448,0.18725128
90582,0.86155254
119290,0.41231588
133428,0.67659545
18535,0.12753789
78669,0.35528484
117680,0.0660299
148078,0.20855795
123550,0.077912286
7382,0.08411577
98817,0.12401349
126157,0.07789672
114688,0.8737938
89106,0.08413486
53508,0.27122515
34532,0.04399777
84180,0.03861914
109104,0.3076963
40698,0.4642746
69069,0.04454344
45100,0.05358766
8368,0.2470121
43902,0.5970445
141385,0.7905561
95083,0.14058287
86926,0.070434146
57638,0.22990324
28601,0.08250041
137704,0.19612935
22944,0.07734868
16261,0.07020932
118917,0.18096815
38061,0.18749468
18126,0.04709739
42624,0.6045052
146931,0.36621612
148404,0.17705394
119147,0.04163387
56327,0.33153084
132179,0.24937393
85911,0.049718108
62789,0.15737431
27144,0.0445273
62082,0.054205135
3071,0.20172857
86794,0.47534946
49725,0.07758757
36230,0.5618007
27217,0.11619433
70929,0.90314347
54319,0.1511383
35439,0.13381185
87282,0.082973704
83096,0.049057566
80615,0.7203942
36448,0.17127942
32199,0.06345293
84794,0.18797615
782,0.40255722
37474,0.22128187
40622,0.083230905
106912,0.31497118
143396,0.22186133
141638,0.20276642
76994,0.070831105
22656,0.30663893
134658,0.26307687
78404,0.674569
96478,0.099871665
57510,0.5817954
23137,0.16355407
146550,0.71668214
129254,0.06937011
53318,0.37208644
14211,0.09816998
23226,0.06995391
98512,0.255939
111847,0.083696514
149402,0.036695533
56584,0.4364784
136550,0.56229717
47283,0.8781619
115959,0.16847163
145260,0.213249
70692,0.5081815
55241,0.3357741
81379,0.06446885
84758,0.15429097
113525,0.045861598
142842,0.3063166
96063,0.18747237
84926,0.07505668
31259,0.6563602
107488,0.0593865
26559,0.47859335
31194,0.15172693
96445,0.36855823
21817,0.9122407
149111,0.2334312
100144,0.37722075
110892,0.085503705
76658,0.03608104
10341,0.2312711
127652,0.2748799
109411,0.7104643
60913,0.3941192
115625,0.055770233
77680,0.051272463
2676,0.23428269
86498,0.9613197
61002,0.07731252
86680,0.7281798
138680,0.43000457
56945,0.120444074
5148,0.06179401
50492,0.07750743
76828,0.22085516
123454,0.09834202
82202,0.16640706
59898,0.052735254
9529,0.14162844
54904,0.17589007
143552,0.1909823
128478,0.91868114
39257,0.038170185
5537,0.78867275
28997,0.48842138
146413,0.27947924
7785,0.09489804
9366,0.2724592
72057,0.040601723
101770,0.14301729
6803,0.5180155
106549,0.42163268
104609,0.077343166
75744,0.054517128
50042,0.046312608
28264,0.6712314
32982,0.022593834
117479,0.8974617
30784,0.05601225
70882,0.09005753
91130,0.34004313
91829,0.2707596
142262,0.21537106
144801,0.06679433
89034,0.052139204
137299,0.34532616
104539,0.21513633
86287,0.086626336
6759,0.07025964
7835,0.26568148
118896,0.08925776
111602,0.59046257
60817,0.06721455
116499,0.13915393
30133,0.23293215
63730,0.5636323
37354,0.5398823
144166,0.586712
69407,0.26877147
128331,0.40775704
60087,0.9085538
86707,0.29347453
130682,0.17304955
3659,0.036763158
56370,0.24252231
21787,0.30366465
22585,0.861421
99442,0.44752803
42561,0.22826698
6328,0.08002563
64542,0.5887189
7452,0.10985868
27936,0.2777888
89555,0.09850751
73365,0.37247214
24466,0.36264592
55459,0.18930389
112991,0.13005145
44703,0.06736556
32750,0.34006354
123094,0.056506123
63444,0.11676205
40321,0.08768406
48563,0.31268868
64012,0.12115918
77746,0.11155522
127061,0.74837416
94554,0.20389098
113843,0.30500203
58198,0.1423382
130371,0.11663192
25062,0.29215053
124737,0.027376965
39015,0.14136045
48503,0.14011928
37237,0.29921237
68150,0.3514222
61740,0.24444918
41409,0.05263512
73229,0.07888972
42457,0.7265614
50375,0.22116591
16324,0.24306452
129094,0.07233512
115274,0.08361573
67917,0.034591183
134360,0.10705489
120636,0.048384108
138687,0.79185635
138532,0.09360164
47448,0.41607022
80883,0.09390401
43669,0.055184864
79753,0.04223969
131664,0.053050492
30925,0.16194364
102837,0.22645469
112779,0.2561273
119319,0.046436
49486,0.06023526
129948,0.09954105
120698,0.06426568
139163,0.88050073
125840,0.2789208
32300,0.15856507
32437,0.69204795
88062,0.274481
53126,0.11657396
22073,0.28988665
104840,0.16929777
115233,0.076112255
23423,0.3937157
130591,0.14620352
62368,0.15291578
37017,0.7796944
80559,0.50814456
15692,0.7585405
87034,0.076932386
41846,0.6439187
126499,0.122343324
25908,0.6758762
27522,0.05696902
141338,0.2532867
133486,0.95368713
139475,0.15412253
36635,0.35580775
147826,0.07615008
72592,0.016967874
62328,0.16418609
103269,0.1480975
59334,0.30647868
31287,0.12475812
102676,0.041868992
95677,0.36804357
59963,0.61097556
57999,0.6131367
83830,0.2805894
122849,0.07125284
76103,0.05443806
123164,0.30372775
113488,0.1340074
11081,0.077915266
51386,0.12150437
111975,0.46732098
145973,0.18311535
23873,0.9717981
98059,0.70302004
79861,0.6367114
83181,0.5491774
79324,0.8876138
142011,0.147192
67733,0.06602647
102684,0.52825165
91281,0.19974901
72990,0.08859732
70240,0.113115154
48179,0.15298387
53398,0.30614683
126256,0.06942002
112332,0.8214063
141584,0.18649374
92987,0.04217146
75739,0.38540804
114437,0.8537093
35509,0.5272374
86623,0.32661825
102486,0.06878379
72155,0.1532604
78303,0.07256594
5811,0.05567166
56868,0.37390366
146296,0.1446464
106805,0.18252915
121828,0.5203421
56988,0.2541638
78664,0.10688636
129096,0.26633024
67335,0.13853948
58408,0.4300607
20540,0.1595022
107072,0.66559815
130402,0.1181122
86779,0.10481211
93703,0.06270484
107809,0.2806771
56439,0.1790978
56163,0.15121827
131399,0.15127294
137103,0.054133333
122335,0.95473325
54499,0.09030714
87312,0.19563195
145011,0.15337136
37587,0.12210074
42974,0.07431653
141615,0.9740244
75524,0.12906379
16339,0.07004396
68933,0.1879417
89498,0.47374487
108112,0.88257647
60715,0.22854796
149189,0.91209906
46965,0.08561673
112575,0.17654735
24074,0.123680174
80302,0.647834
14409,0.17898399
131522,0.4562865
61930,0.1320818
107011,0.06737494
33788,0.053595163
85457,0.11322355
43427,0.42497987
129918,0.09765801
30673,0.86690044
33168,0.5662465
105567,0.5512355
143528,0.065952115
128452,0.079677805
47104,0.13853309
9259,0.19699124
128355,0.059934944
141093,0.09647306
81629,0.2046685
101008,0.18245198
97410,0.069658436
54975,0.124269284
144017,0.046110176
98388,0.255845
83382,0.28585625
141275,0.049177654
35545,0.6210169
125788,0.09632615
110657,0.056542333
84295,0.9108441
121222,0.45285657
14765,0.03610638
33367,0.48688263
74537,0.24147692
128877,0.11518173
93105,0.46552047
136286,0.50083184
82849,0.8797246
119144,0.019033816
42762,0.14037593
144883,0.117117025
34075,0.08202207
136978,0.10373766
8220,0.06246216
4838,0.9051035
1351,0.68104964
9908,0.097650215
97553,0.28947654
102266,0.33298445
83844,0.06629897
109309,0.10126071
67108,0.042602524
69770,0.029172776
149636,0.12113838
130186,0.1647132
52634,0.17523582
117774,0.5375524
118106,0.095010325
92604,0.06800121
28969,0.117920466
129735,0.3016854
78006,0.03327905
65560,0.40750548
130600,0.38441968
112997,0.38501725
125591,0.9500061
47438,0.34933233
84212,0.17465208
81012,0.9660801
16141,0.0865803
92533,0.3565412
58972,0.16515304
43909,0.06472648
100905,0.079756826
20505,0.2982077
135225,0.029900858
111485,0.06615345
147831,0.12305458
104522,0.5489413
59662,0.15606318
61384,0.17998403
102722,0.07154206
98742,0.09411314
111599,0.13411725
74578,0.10897567
122055,0.05879194
32787,0.047513336
117426,0.087668434
126427,0.14049022
58178,0.30145383
44985,0.088451184
127745,0.42392147
103455,0.8133224
143663,0.07891236
21433,0.12562412
20395,0.14480087
130393,0.94844705
145423,0.2041696
4978,0.27247387
31966,0.1338137
143991,0.052567072
55564,0.078671664
65567,0.15705255
109922,0.071433134
148822,0.94448054
74850,0.34506616
149014,0.09202643
77478,0.11470056
36530,0.2779061
138052,0.24043481
43013,0.2641747
99952,0.5997065
3592,0.11636327
29093,0.56850266
147856,0.30097565
132359,0.05333423
135832,0.295533
76030,0.06417092
26066,0.23913509
78902,0.15327463
112140,0.03364273
20460,0.5146604
124674,0.09924106
35753,0.097674206
29127,0.15653266
75735,0.3064715
34952,0.20055301
22667,0.09161672
130634,0.118933745
69555,0.1240269
107345,0.06730917
54138,0.08479561
106659,0.31129354
15676,0.05500664
42236,0.7388441
127632,0.40763506
139400,0.08050316
44264,0.20630307
3663,0.19515534
44986,0.37539008
84554,0.2027624
73892,0.0971155
114412,0.14134175
86812,0.08282862
66704,0.07573784
84042,0.07210792
65985,0.072148316
116896,0.24900784
57956,0.889019
110412,0.080933996
4779,0.32103944
93643,0.045987625
105224,0.12081215
141648,0.1178672
121991,0.027126897
84738,0.13668954
125883,0.06654728
118306,0.30514812
38540,0.73278815
135962,0.21890272
146643,0.07696343
98021,0.12976788
120815,0.31171575
60949,0.012137801
136874,0.25946677
67206,0.66420156
93570,0.054961383
15082,0.050508384
139718,0.098440796
146840,0.9031146
79101,0.52941847
148003,0.07264413
108844,0.19183229
148349,0.1607522
80947,0.07657786
148082,0.07851521
49799,0.26169053
66583,0.06466002
44139,0.3242799
84711,0.28966692
3608,0.10114486
15461,0.19442804
40758,0.25805825
123815,0.34467778
43210,0.82054687
148267,0.08658376
60524,0.027958604
69201,0.49430868
73218,0.090754606
85382,0.09781607
119189,0.030630074
102653,0.1261733
2037,0.25682703
64097,0.6423587
65670,0.7783651
130029,0.062420513
103344,0.090702295
19989,0.08013654
84280,0.10327221
106714,0.49483365
127616,0.11377111
121388,0.54143643
42791,0.073232464
105456,0.3606504
128400,0.64182264
137320,0.031897802
125725,0.051553693
37810,0.07921965
44813,0.05715936
146812,0.08600516
121701,0.049402088
79039,0.10861874
75357,0.3721621
45124,0.5151225
21160,0.7775494
1397,0.569913
147449,0.046854574
66491,0.11116445
82666,0.08614387
110533,0.20075214
67270,0.4951639
21321,0.24170327
7494,0.0571876
63732,0.037722796
44042,0.18512692
49908,0.14472082
79493,0.24889344
45443,0.37257996
26841,0.42372015
103907,0.051904332
97887,0.4604999
29109,0.0953362
48323,0.31148225
10212,0.03881783
118442,0.1709291
71521,0.071666844
61975,0.27676243
66977,0.09165098
121231,0.087114304
3043,0.16700605
11910,0.0704652
123298,0.04021216
12959,0.22242571
145670,0.17722674
145792,0.41008016
124568,0.11575806
49528,0.6091752
147825,0.29129264
140843,0.20281275
107961,0.23875138
19095,0.41447297
28829,0.079698265
113649,0.053609896
124997,0.027405847
27771,0.06606381
144897,0.14770411
91905,0.041143056
27546,0.044536717
78637,0.36646143
55712,0.037782498
144126,0.049075674
28005,0.32308668
20782,0.38715172
93761,0.18595761
66022,0.6886917
69664,0.6508257
105344,0.11906214
40652,0.15307623
46009,0.108547345
67674,0.1346271
137148,0.10188622
98395,0.5125123
123997,0.03264659
132209,0.2788
28919,0.199408
59317,0.43482766
77303,0.3231027
28230,0.03677944
119916,0.020761127
63476,0.090908654
118683,0.041593727
112576,0.14990059
65889,0.051146198
131185,0.75893444
42425,0.04208252
119654,0.04779741
143385,0.18576378
2471,0.23005597
79001,0.40730438
86370,0.06567583
88724,0.72504616
68395,0.08339234
112962,0.062110968
128149,0.77440256
82824,0.037524804
24507,0.30517653
89033,0.08405089
81432,0.8902324
48019,0.17701058
56822,0.3979223
86262,0.070227236
113967,0.7238042
97631,0.043506127
41175,0.5864009
94454,0.22199254
62612,0.12053773
98011,0.032571927
97550,0.42126638
140985,0.16506015
2848,0.6834705
33204,0.66512644
29487,0.50576675
94470,0.25217754
98694,0.6368645
31914,0.0724557
96164,0.20223147
139492,0.91975015
122469,0.6388487
130973,0.07387003
31617,0.093041435
29235,0.12701312
107984,0.10098676
20762,0.17664775
6170,0.2648062
38870,0.8521928
90021,0.26842356
138503,0.5519169
74491,0.18146917
144918,0.24374752
2793,0.43535495
69325,0.052748747
59980,0.050512224
128197,0.041479766
77966,0.7529957
140999,0.6558524
19457,0.01989142
144903,0.039094258
54818,0.7909283
19828,0.120171405
72046,0.0519794
103929,0.29148054
41546,0.38210034
76419,0.15555307
52046,0.23113428
58950,0.11100101
114879,0.581257
68803,0.8016334
76295,0.5193771
114500,0.16450733
41677,0.25067398
62990,0.4809032
125036,0.75841844
23763,0.41799
14457,0.70236313
112446,0.04207978
14014,0.24835737
24846,0.21958911
114379,0.08953894
33223,0.07370226
32964,0.036147602
68211,0.25440407
58335,0.08947608
53924,0.44230723
7971,0.076809354
107478,0.06802444
22893,0.2708904
16999,0.05324207
27330,0.062183965
78594,0.13401924
104070,0.040336106
43194,0.39476922
64515,0.41166177
10132,0.07540619
57023,0.29698995
24131,0.83029073
144319,0.17100336
18781,0.34977478
65699,0.04526218
95740,0.60393953
109056,0.18197379
130520,0.26371953
98379,0.8957266
140080,0.32132176
78025,0.09829205
28031,0.22330196
141799,0.08229211
73818,0.5578743
98886,0.92430496
56644,0.41847268
98397,0.14694451
69192,0.12362496
147687,0.037899397
12859,0.062341735
90166,0.1679405
71090,0.057333816
132229,0.7575985
147433,0.38948342
6216,0.09277337
70399,0.21260385
118522,0.13021976
63459,0.091678485
35874,0.0836055
12249,0.03777988
102527,0.15600015
46911,0.105876535
141899,0.48550197
136358,0.061733924
71462,0.1510626
81800,0.12279135
86073,0.15190817
24556,0.34814134
144052,0.14389521
45717,0.03128873
145690,0.23931682
82023,0.11353533
136650,0.05285813
147501,0.41883138
96936,0.032103002
37114,0.050395444
42347,0.104704864
25276,0.113417536
3255,0.10182376
62543,0.047158446
75294,0.31852284
46602,0.37997046
60912,0.054949682
69538,0.16588536
79795,0.18265773
125764,0.2790972
79334,0.41822445
84840,0.9070699
86444,0.060028423
52668,0.041104514
108257,0.114803426
13468,0.025214693
79616,0.23951514
128500,0.08100966
142446,0.4543635
48565,0.094914034
126709,0.12845172
32258,0.30307284
137220,0.476527
95129,0.3257222
84414,0.38852602
97016,0.09964734
115354,0.6097147
120079,0.6859506
149398,0.2270716
117866,0.033141688
86182,0.0802291
90392,0.16068844
19401,0.07410721
146655,0.06969964
6089,0.049663126
129171,0.5601391
103936,0.2551237
39569,0.09392836
21855,0.08859449
13608,0.08380545
37780,0.49836925
116042,0.08802014
121207,0.078641206
124636,0.11047588
11041,0.037936833
20120,0.47183707
23295,0.02163813
51029,0.87638324
108708,0.040009715
12294,0.40685374
95063,0.14659828
54655,0.11424891
128822,0.10034847
105835,0.24237986
74220,0.057269704
102666,0.87142926
122754,0.10126891
76670,0.053247962
71681,0.37496924
6750,0.20758565
86898,0.07888989
36391,0.10410394
81947,0.12773629
147727,0.5682134
37580,0.287567
18191,0.36511356
81891,0.1399112
24267,0.6013409
144694,0.08615722
37184,0.09223272
30080,0.17602196
3817,0.05382674
68619,0.11680391
4860,0.75799894
40196,0.055698775
78475,0.52373976
53326,0.09426452
25490,0.71597487
49007,0.13796166
101201,0.08661884
142300,0.11689398
37784,0.7910808
4038,0.7575056
96249,0.4425571
121690,0.34235007
144048,0.082267106
143874,0.10285893
84402,0.19389485
96075,0.97851896
140821,0.22433881
83115,0.054389052
19252,0.3611584
81154,0.06601187
134728,0.8012035
21343,0.5609861
113838,0.1329853
79020,0.07323641
79993,0.04479622
37608,0.1666223
134566,0.044090107
35510,0.14985107
42795,0.60560656
35385,0.048489567
125339,0.38830066
18212,0.2846288
30262,0.026338324
68496,0.12535077
46077,0.3200921
25404,0.097309805
70879,0.088130556
28798,0.12307178
1621,0.10222332
128460,0.77176523
81063,0.61135674
143063,0.9446572
27388,0.20762958
133454,0.2554466
108100,0.5239725
84658,0.07569569
37569,0.4857141
117810,0.029933581
117496,0.69717884
13689,0.06256198
75420,0.09895823
101263,0.32121667
3030,0.0901441
8228,0.13173497
104018,0.07824928
47058,0.52775496
52728,0.031098232
82743,0.1575947
75997,0.09866213
62071,0.1923066
104559,0.67089754
132075,0.11843356
28597,0.3627136
110441,0.97511387
91891,0.9669107
144473,0.7089606
17017,0.31834176
132097,0.080790766
56232,0.6284691
134792,0.06787922
47559,0.33943492
55758,0.15230592
38300,0.54039985
73158,0.042630207
1515,0.6144409
61626,0.13823573
79969,0.6087968
23492,0.19865592
84863,0.075282276
52666,0.099947006
98948,0.021177629
79569,0.2702857
19369,0.18701452
138090,0.13266867
120242,0.057317838
66284,0.09154833
1855,0.08639608
112232,0.20323458
146381,0.11087795
137850,0.20536081
69111,0.39460158
107042,0.18041684
70896,0.29105988
97856,0.715517
5461,0.23274891
137907,0.19486995
47728,0.21920158
145386,0.51048464
18347,0.31582338
39016,0.03714716
113582,0.2543439
79401,0.9287025
65998,0.15995939
99328,0.78696275
58636,0.29632804
24334,0.069932766
103440,0.06178356
110196,0.4560056
104008,0.05090277
69112,0.1851573
38894,0.021927357
130076,0.060190592
94209,0.26708946
54849,0.110412404
36125,0.24405694
89569,0.09993781
43078,0.6860589
62608,0.19793384
93630,0.18151699
14273,0.40574443
26971,0.083089516
42919,0.13517655
32188,0.8848141
98098,0.41854888
59349,0.097269155
89242,0.11580539
20141,0.15978427
50177,0.040156517
118524,0.18752924
66066,0.12052138
104524,0.7453831
69001,0.017314417
37406,0.15000837
124506,0.50201917
43884,0.1518768
140351,0.06426119
52898,0.6241861
8204,0.08102951
79178,0.10793149
23709,0.84749097
62957,0.11162227
12869,0.04172857
91824,0.12902765
126856,0.28485644
30863,0.029686105
7859,0.04893697
21736,0.61527026
80526,0.25357878
138222,0.11564672
20996,0.97124094
5500,0.22146769
25125,0.10162403
42142,0.5051374
41974,0.10139371
107135,0.46987286
62283,0.07096087
84418,0.0656806
2789,0.0927763
24942,0.8312172
25048,0.19434343
109460,0.59441614
3119,0.07960874
5718,0.12321185
60161,0.9341614
72391,0.08501307
86551,0.0745538
79673,0.6362938
23030,0.09563072
28186,0.7061853
58261,0.10961452
67601,0.0307163
113646,0.9153655
78928,0.054145906
11207,0.3020891
12037,0.1389724
20634,0.039525364
28485,0.12542248
83997,0.5055395
59795,0.27134496
14120,0.539278
79588,0.1627187
102685,0.8964133
149245,0.8381636
44754,0.81698513
132779,0.67341244
63379,0.36594266
45890,0.2925604
110886,0.5023319
143213,0.27417162
110036,0.24486789
23253,0.36125016
25300,0.67723334
149766,0.1451014
9277,0.049128205
123971,0.06148719
81014,0.07098356
111102,0.16010126
130683,0.73634505
42853,0.4369205
102953,0.10145914
98799,0.04526924
110982,0.14514987
91977,0.10296698
10379,0.54298145
9734,0.06647876
21531,0.14983752
139557,0.08541376
15861,0.061096244
127918,0.10882166
149650,0.112584814
108236,0.058820758
15247,0.8150227
73455,0.34929672
49993,0.9322963
88831,0.19359727
79070,0.1707942
75906,0.72633576
42458,0.02142795
149682,0.38574883
103516,0.08656229
76233,0.5328971
111641,0.5220919
116183,0.20309892
31355,0.094248585
98140,0.53082514
71164,0.06053358
32386,0.08655379
143717,0.046397
105869,0.94380164
37687,0.03816124
127166,0.07914123
118681,0.27147073
91883,0.4496887
70223,0.3865659
62200,0.64476913
3724,0.22300623
71650,0.10153377
124020,0.44466963
111633,0.1331995
6006,0.2934357
104251,0.33652872
149757,0.081286244
25709,0.16441695
105197,0.28665817
3387,0.114288084
64405,0.13631059
116546,0.19563162
85707,0.6350777
8020,0.25325376
105041,0.12372327
136944,0.1334643
131252,0.06803271
75141,0.8458672
23769,0.29931724
42885,0.41224635
136483,0.06359524
137997,0.120386
63373,0.021546027
100910,0.85363364
60778,0.6535526
143227,0.0362217
106904,0.08275652
111281,0.94513214
2926,0.5936141
43273,0.10794178
74357,0.02683026
67643,0.040305525
120564,0.5993284
64156,0.75791854
21696,0.9095057
101403,0.43637067
67642,0.5141607
2295,0.102812216
69966,0.1043851
87617,0.73185945
81410,0.3932206
64534,0.38433683
29256,0.5630351
45281,0.7171854
116471,0.8973207
67776,0.41203958
31087,0.22256556
36917,0.24236482
11805,0.084222004
49000,0.60504234
31291,0.07301363
10629,0.08765844
94337,0.054706592
2719,0.49753246
84849,0.37735772
140078,0.36123425
82461,0.2482258
29883,0.14315598
77015,0.4979513
83911,0.14481519
1561,0.6935937
46064,0.6047102
124211,0.03243103
51835,0.38541806
88774,0.3287152
63918,0.629413
100963,0.04419046
131560,0.09847
140851,0.10353157
39272,0.05255881
5772,0.1765041
115809,0.3572504
136999,0.11093265
135672,0.30736852
56254,0.5062152
78038,0.5480091
88138,0.52924097
13094,0.22908558
39854,0.029489873
8063,0.099535376
9156,0.62718546
41421,0.09206557
115317,0.1339793
103275,0.20975916
55493,0.051424954
39196,0.10490288
14197,0.04829779
130865,0.03996978
73541,0.107001
58697,0.601605
141156,0.30874422
37120,0.6392616
101907,0.057664957
3932,0.9473043
131337,0.16593874
335,0.08028952
148691,0.04683413
133907,0.08007691
122770,0.04105237
81928,0.20360403
70468,0.5356879
10731,0.2414486
63849,0.113040514
147350,0.44103327
24428,0.12630485
122516,0.08577917
115857,0.06174782
32986,0.9470718
110594,0.18275845
86836,0.05069601
140014,0.17428681
132735,0.2760359
63302,0.1284643
15387,0.0629186
28521,0.052683055
62778,0.3140879
96466,0.6621603
121952,0.1573262
144798,0.10595007
98027,0.077594176
40563,0.08602597
1073,0.14761509
86740,0.031717584
98190,0.27665097
23625,0.031579603
86433,0.056792773
57386,0.40495136
74020,0.02908821
67447,0.2525266
105284,0.22264098
74580,0.21174383
26021,0.18364252
91612,0.04700006
45477,0.34877908
146021,0.18824504
338,0.07009361
21382,0.061750554
26714,0.083356574
48771,0.09627919
44872,0.70429254
30761,0.30996206
31232,0.19692706
84550,0.20391782
85721,0.07759077
129102,0.7462837
143624,0.05260273
137928,0.459762
23655,0.071382746
107185,0.36845347
83715,0.8579512
147753,0.4365158
71436,0.19605288
94926,0.26647428
93931,0.054127485
78720,0.84374255
93205,0.2515251
89420,0.62510794
33061,0.14786944
39009,0.55890685
39239,0.042921897
111886,0.30907077
5606,0.12993729
10600,0.16225304
92437,0.7090739
9380,0.042732574
147279,0.056837954
108083,0.09697092
16985,0.1380732
113840,0.23812856
117337,0.48519117
80043,0.11091032
31714,0.78765553
87332,0.10339472
86227,0.40192404
125113,0.0678327
92761,0.19038329
112006,0.089824095
98629,0.066364355
70227,0.45782107
131554,0.08802398
114464,0.0811532
75588,0.31802854
33363,0.44899616
37243,0.3268969
43887,0.94494283
11058,0.03312964
97954,0.4867303
103761,0.4131441
52338,0.10908935
145333,0.09249637
46121,0.18880145
39962,0.41679484
148441,0.13396342
86620,0.032831732
106055,0.20158963
25831,0.4168348
20043,0.8778094
142271,0.2841889
37623,0.50944924
102076,0.1329218
28082,0.026532242
56768,0.29163626
33799,0.4691057
132743,0.082783036
129639,0.088045254
75615,0.117888026
78863,0.12448739
34789,0.12446641
73733,0.08834249
14774,0.79812336
57974,0.12933552
8808,0.041871954
29640,0.5412595
1801,0.83988136
53574,0.7352114
20772,0.10152847
116903,0.10041037
116046,0.07394698
19031,0.13794658
82721,0.2918069
55698,0.09032455
146464,0.27342755
64043,0.3890513
110872,0.05228992
29681,0.06214231
93311,0.053548314
134926,0.20158236
140475,0.41792282
111473,0.5283685
60131,0.054694373
74643,0.3040817
11017,0.7603451
30608,0.08567547
111332,0.28863996
61527,0.11592244
124127,0.15217589
59647,0.10620285
122358,0.44935733
90117,0.14926295
130833,0.07688668
54132,0.7152516
46451,0.61997825
115478,0.22801495
147287,0.07680938
94009,0.0635169
145866,0.46363032
14943,0.44980332
99031,0.0497211
71773,0.368676
10557,0.592899
137079,0.15836546
7924,0.07804484
75675,0.15771984
103754,0.86600864
5550,0.81470245
90714,0.062098667
39479,0.14875418
78977,0.28790992
47549,0.06443159
3992,0.11728915
3241,0.07852725
108393,0.068414494
86195,0.076120116
39870,0.06402277
50649,0.09828137
3635,0.05808479
70952,0.55486387
149653,0.07501245
107132,0.06342542
130970,0.13746694
82909,0.044142343
45509,0.14412497
72754,0.05437813
70430,0.48459294
28645,0.6825766
857,0.20362309
66103,0.038758114
43558,0.30847627
74461,0.27008924
81691,0.26909196
129264,0.37615743
54795,0.04594131
51894,0.18103895
40761,0.085722804
114727,0.8941586
68251,0.11095123
89197,0.08535911
12369,0.41643226
21161,0.020623136
21852,0.07112698
130562,0.3424719
96394,0.05886302
2000,0.5794412
104990,0.43921363
93567,0.2670726
126594,0.65177745
43463,0.06974657
43026,0.07098435
147869,0.063600026
38712,0.10578702
84733,0.2317909
2323,0.04974088
79172,0.25129995
57463,0.09000077
52600,0.8447607
55101,0.059904445
101619,0.3535392
5441,0.9523557
119213,0.09132311
37163,0.58638084
56711,0.039824698
113957,0.8017958
131154,0.08367922
64985,0.40278462
145453,0.30751735
33500,0.17073001
133388,0.26507956
34614,0.4265108
116569,0.050635945
49950,0.77910525
117751,0.1221616
78153,0.52458864
37473,0.068790585
92859,0.8942521
73750,0.37529948
85002,0.76374894
60039,0.18840459
135816,0.09465717
137437,0.8618829
87872,0.25261977
123604,0.19537668
140708,0.32403257
119905,0.40436324
27506,0.055055376
133320,0.026928343
14483,0.41346288
92895,0.051625583
73539,0.035173517
112557,0.08228494
20399,0.040831044
103072,0.0582852
23318,0.90187365
96631,0.087807685
61409,0.538623
146727,0.06482123
12692,0.21020156
58365,0.10694283
21448,0.13941176
42988,0.55730355
98308,0.3044888
75102,0.20092653
83251,0.06306533
116146,0.48890075
123542,0.181746
108567,0.069083564
68554,0.48773065
144784,0.10473625
21361,0.26321027
132028,0.22379576
106921,0.34541434
123350,0.17961206
122790,0.17111756
95597,0.041070227
107374,0.21784887
106475,0.086713694
66064,0.2646542
104948,0.4781382
14476,0.054214828
4796,0.08592767
137143,0.047968403
58324,0.10460541
119281,0.049911134
91029,0.034282334
118758,0.052275997
113662,0.20107813
84632,0.45912868
31532,0.67692876
144617,0.39488474
4244,0.30254966
104182,0.89280003
72223,0.34592685
28351,0.17074937
106939,0.084219776
44649,0.10206874
77544,0.18632457
2091,0.07939225
127424,0.04714569
52287,0.3163723
19251,0.053174507
28784,0.12926808
44859,0.43405575
79702,0.07086948
33030,0.105211936
104078,0.057375956
139685,0.12725224
70593,0.114524186
33652,0.0760936
85757,0.07403621
150000,0.20179458
132143,0.082713895
97947,0.10581667
114249,0.3066967
82504,0.5388846
59738,0.9611358
98394,0.09497362
2706,0.09829204
36727,0.6951208
52762,0.24375233
69742,0.07298448
129269,0.058968615
146352,0.059360623
30188,0.2528676
9648,0.461555
43461,0.13999005
117731,0.20385414
44943,0.93279827
94313,0.39315245
7987,0.14595999
22338,0.18851432
9645,0.07898661
140624,0.080963746
98238,0.23841792
53007,0.05775695
40433,0.16292585
119286,0.20052557
13704,0.16376518
13979,0.49798152
48472,0.058235608
53608,0.10778647
2051,0.12922463
140926,0.52075005
22789,0.028977215
110131,0.078828655
120469,0.21844906
131165,0.3251698
54437,0.06810088
92369,0.93353516
57750,0.5622238
139193,0.05307069
93577,0.20229301
40037,0.06320909
15878,0.15693565
89572,0.19443884
112155,0.03248617
45324,0.12725875
108029,0.10815289
63338,0.07624067
46237,0.93107235
56805,0.4379865
76677,0.12875646
134609,0.79628134
97618,0.6860012
124390,0.45853114
33418,0.6814494
126481,0.045989465
8430,0.043026786
138731,0.06978838
143193,0.090355955
32249,0.10201772
2241,0.17712691
127435,0.6700694
50509,0.16678518
1155,0.4087974
84660,0.09453669
146223,0.46462914
61734,0.3930658
40151,0.92072564
73571,0.07763851
306,0.51901466
5496,0.05897333
33260,0.03229324
125679,0.6025375
51552,0.061768785
120352,0.7110112
97864,0.1440212
6142,0.056114033
12721,0.23357373
143347,0.08133267
147874,0.15019058
33372,0.65589994
72987,0.9247649
142361,0.7082427
46994,0.07910223
107612,0.07395073
11937,0.35488492
106420,0.10707117
11277,0.12040059
82694,0.099455036
130999,0.121882915
138701,0.060900807
105628,0.43651307
97827,0.8904056
64650,0.14944857
33800,0.70996493
8733,0.11969791
17235,0.064084105
103590,0.067609444
5258,0.06818814
143323,0.5598624
88608,0.24739511
38838,0.3916738
117704,0.07360331
119410,0.0880882
75847,0.4324304
79790,0.5767569
18921,0.5052119
145858,0.04263554
27241,0.2423514
70828,0.04642468
29913,0.21434239
28167,0.038744364
144965,0.5870451
144310,0.874366
133379,0.53895223
126147,0.10306685
126315,0.14131981
40994,0.4963644
82758,0.06644506
130127,0.97409487
108291,0.12042854
27143,0.3207929
54611,0.109224185
110683,0.926165
68483,0.1518204
36954,0.095653504
48443,0.11102498
60754,0.10208324
2304,0.11552652
30259,0.50814456
42671,0.03937144
35131,0.6334455
87136,0.06482098
111498,0.04288791
99553,0.16201386
146913,0.23501506
105494,0.054828823
127172,0.13270563
113379,0.048870686
3368,0.5043604
103702,0.068703204
2224,0.2192907
107668,0.24654485
95010,0.07589824
40796,0.15742426
64342,0.0477628
137206,0.31628987
31269,0.44663084
122198,0.91746277
131639,0.13317135
148721,0.047402304
44723,0.1207251
111306,0.81918675
121044,0.030363224
27983,0.9076405
19081,0.35353655
128633,0.65387315
19550,0.17950405
27731,0.15450263
107938,0.39499998
13290,0.4442488
37319,0.8395609
138303,0.03813872
27260,0.16574778
33521,0.10020545
83815,0.084337436
42772,0.16840951
125664,0.49224454
126941,0.12854753
137611,0.01856378
92733,0.2936433
122006,0.32250872
136310,0.24618375
137152,0.07140837
24382,0.18046038
131825,0.9241584
133895,0.6398112
28672,0.8278716
118919,0.39150766
19203,0.11212943
99342,0.12517427
2776,0.3816257
2404,0.11607402
10619,0.051695324
23480,0.20852968
24863,0.13161363
122605,0.19078724
71719,0.19088048
22744,0.10668426
61729,0.042724617
67350,0.18421647
147122,0.123159654
89237,0.10197483
64783,0.511079
125754,0.1731992
51350,0.76810163
135317,0.80434245
137961,0.053130932
108740,0.1091434
13719,0.25420725
21472,0.26447546
127674,0.5564807
47754,0.3202976
56298,0.087670326
101925,0.03739497
27827,0.7585024
93914,0.44754228
50815,0.07797997
121096,0.09377914
31649,0.20755915
95233,0.31248024
117801,0.10443921
115404,0.039968617
38758,0.14180318
14530,0.36462379
104347,0.2754971
30543,0.8596661
26505,0.08870614
16180,0.04584076
71426,0.08005131
31369,0.083603285
43697,0.32436997
130260,0.05043351
75522,0.27370682
91801,0.19951732
89918,0.1241921
95530,0.3830731
123966,0.06318853
116938,0.6383158
23444,0.072853155
132547,0.05505007
105607,0.08314613
123426,0.12930904
77591,0.04947254
37701,0.10096265
67639,0.041523606
142800,0.41671085
122714,0.42231822
24843,0.13939472
120938,0.08217954
15509,0.25214913
9503,0.08090449
55199,0.91195244
71699,0.15647204
119222,0.06613599
53862,0.13188443
24126,0.08426466
113246,0.3620151
118828,0.48976657
12029,0.02304248
96192,0.37814146
112069,0.6249545
90170,0.120445624
119687,0.61393565
102457,0.8317905
10611,0.81009346
129221,0.123283155
72917,0.7124407
22715,0.5589901
90406,0.44863904
99714,0.31493747
57277,0.7187722
15814,0.108947895
118632,0.32138193
128406,0.46568808
104098,0.38830233
28666,0.41729817
722,0.32545525
78022,0.31298944
54691,0.11267171
31468,0.36485374
90445,0.12959804
82511,0.054755688
133489,0.83399016
79018,0.113376975
97359,0.06641456
54961,0.1457184
34035,0.67709553
73104,0.6254917
13528,0.29495722
44789,0.8185954
90925,0.08250527
57797,0.08552547
66904,0.7598888
24652,0.09816422
63605,0.69703925
124648,0.34079492
72348,0.13664882
137571,0.26407748
97333,0.30808955
23842,0.09855767
41876,0.18112259
109784,0.1181904
56149,0.42525804
21595,0.44966194
83865,0.1303468
58874,0.56361896
80718,0.21170908
74246,0.43357974
28043,0.09086996
71970,0.18498002
89913,0.41458005
25365,0.13311282
94954,0.11814672
49734,0.011804468
11844,0.042945564
77722,0.12013726
147376,0.02239516
64295,0.36659908
139266,0.037498463
16177,0.8987616
53425,0.08285805
64152,0.11118005
63483,0.439074
70626,0.06712859
76307,0.79050714
8244,0.09119018
56871,0.35508165
75128,0.05543495
89130,0.2546452
50302,0.58282536
68807,0.05082928
64471,0.64301705
14514,0.09692576
15835,0.10152847
98505,0.11063554
37343,0.13198313
120363,0.46102694
107183,0.097411714
133000,0.22270393
57205,0.15629548
74197,0.24942282
97163,0.28015435
4643,0.067214906
71176,0.36029917
27644,0.059929438
59521,0.035425954
76199,0.5855577
41957,0.08997706
32132,0.44516224
61520,0.087542444
131860,0.30910215
131776,0.7251206
145366,0.061898474
6111,0.16465831
106041,0.053801745
8274,0.22608487
25028,0.15032294
13410,0.05788872
98984,0.6685749
145778,0.24552009
86949,0.10643056
2440,0.057948537
66444,0.10858816
134805,0.036804043
50399,0.13740396
120870,0.072953336
100025,0.5862072
20259,0.049086478
133413,0.06840252
36513,0.23777486
102523,0.44231448
45954,0.6795048
104401,0.16839564
31092,0.5902953
26132,0.16637968
83082,0.028852563
54863,0.008720168
33140,0.051630825
131221,0.22797784
49484,0.27824333
49965,0.67828393
8250,0.10879553
147573,0.26629728
11062,0.11249751
21877,0.3138104
125798,0.37030885
46687,0.10002494
87188,0.8227462
131450,0.0868675
133400,0.022277782
49967,0.06740239
143637,0.927504
86539,0.15706234
100358,0.030865919
96597,0.19304289
54206,0.18739276
58982,0.78578025
44810,0.06972224
69772,0.102689385
126465,0.37540668
141814,0.5495898
130573,0.05918221
2910,0.5826721
5414,0.334332
134233,0.12128355
10133,0.11426764
16066,0.124620534
98856,0.074465156
87355,0.4636143
34188,0.44732362
95933,0.050257556
24888,0.5231905
54039,0.44539884
114064,0.06968144
72400,0.22390558
48460,0.065569095
117264,0.2423514
138372,0.6740653
4338,0.6263458
134306,0.16490662
122388,0.049044415
68319,0.5001193
98660,0.17698787
95385,0.120159976
96813,0.1475369
72378,0.05116518
129618,0.21644215
118179,0.08742721
3602,0.7825492
19764,0.101536624
115688,0.21598351
15050,0.09164716
137298,0.27667886
109557,0.6206213
139615,0.10108299
129255,0.2143232
61324,0.050708834
135188,0.87832004
27063,0.75747603
124633,0.13769929
4831,0.1154732
49433,0.09680246
65538,0.8822083
98423,0.13366002
143032,0.05470843
108960,0.71117264
53816,0.05567971
103446,0.17201295
145999,0.10459614
64233,0.38773456
127107,0.031115772
136672,0.2496683
17154,0.16266765
119460,0.10611383
94523,0.068042524
97025,0.54981655
51407,0.03524228
45521,0.06958884
40261,0.30613732
5374,0.28932244
95490,0.20113976
64807,0.5711656
12136,0.2185703
63433,0.44337833
27799,0.7378641
106032,0.8969912
20601,0.055637203
51137,0.81859374
56677,0.5200358
103775,0.11965366
101618,0.05951384
14378,0.03522801
129936,0.30448148
108856,0.052470148
111445,0.22352102
142045,0.31977078
109307,0.5745766
96637,0.3034001
129586,0.33862182
32247,0.17945825
118830,0.29478016
116387,0.13989097
51138,0.16624346
133967,0.6542062
7109,0.11730224
63909,0.050518434
45340,0.07325115
7530,0.09805758
24945,0.1549759
67991,0.08123208
134261,0.6711114
13146,0.23973972
22636,0.079832755
144029,0.38267934
116612,0.10557515
117039,0.133147
127631,0.12438814
126235,0.13232853
92693,0.9837226
115027,0.6030574
145737,0.08107018
130582,0.2839815
122092,0.28075883
50135,0.373589
33024,0.06817349
132024,0.21174935
116803,0.08617498
74146,0.7978563
125598,0.052661467
143009,0.21256049
16267,0.29254836
132107,0.0643801
62600,0.51656926
97286,0.2635058
34147,0.10732712
94977,0.20722
37088,0.12909609
75404,0.32005364
35745,0.8939708
26160,0.087495044
130396,0.07731357
1037,0.12833387
134064,0.04229665
139583,0.21128833
82380,0.056772213
50807,0.6549539
17794,0.61113006
56434,0.11620971
135300,0.10962677
92726,0.053526048
3552,0.42951578
39809,0.6130614
87932,0.7709779
61903,0.37764055
113037,0.09511456
148897,0.062731065
18024,0.089647315
509,0.04613459
87745,0.3042729
96476,0.05767513
52217,0.47353864
101867,0.24875663
26793,0.14030656
100888,0.7487518
32963,0.17989744
116304,0.0916229
76335,0.12246754
26816,0.26735142
146877,0.10613784
109306,0.43189916
13982,0.096494384
41896,0.055263117
107095,0.82186764
114685,0.21717022
134481,0.097271375
42849,0.033354715
2519,0.38936886
110130,0.22637385
5748,0.050560962
69217,0.062235836
47472,0.6770486
90185,0.73908085
78134,0.27972558
4214,0.11184245
104422,0.045075137
574,0.34437674
64101,0.07527096
63329,0.12605567
8336,0.8260008
85378,0.84088606
140306,0.045833625
125499,0.54713625
100863,0.047260944
35678,0.065162756
6608,0.8788112
20577,0.36607388
129823,0.25839987
59505,0.7113761
67863,0.20881338
47780,0.36628038
135433,0.54676163
123769,0.015946046
31192,0.5833397
67389,0.117909975
78802,0.3736667
135029,0.22331923
40030,0.24306168
79733,0.6408784
54674,0.1203962
40915,0.05178566
71652,0.41052452
8761,0.11982311
103334,0.71037006
47385,0.12202279
16965,0.6607932
17480,0.1053798
142894,0.061734773
110915,0.5047673
18993,0.05370811
14980,0.03255373
82056,0.06045274
69867,0.2727916
130810,0.13087966
90659,0.2984266
74544,0.16127153
34947,0.12321921
96963,0.14879715
56603,0.9147603
13066,0.44334307
1337,0.1633687
103127,0.25201285
58109,0.76543826
129060,0.17202589
62096,0.06441851
101810,0.39920264
107428,0.1638366
37743,0.06637136
120709,0.47415617
54457,0.14607511
139605,0.06645778
129989,0.05778506
40087,0.12897283
16425,0.38398126
69446,0.049545188
8000,0.10366966
74811,0.05014602
554,0.16778918
120693,0.1199124
34516,0.106804736
87528,0.06034614
107470,0.08423247
43918,0.55134565
9671,0.11042145
12321,0.11013042
128609,0.9433739
72768,0.9778316
34937,0.078708746
65580,0.1465434
119277,0.14853792
107093,0.18061662
120956,0.16576582
27890,0.08503516
35668,0.14391842
85514,0.1361782
99983,0.15893088
149724,0.60059506
74465,0.049287852
107905,0.257223
146667,0.08705324
131661,0.6668842
59666,0.07266653
46945,0.25905696
35253,0.08472499
146063,0.49252135
52186,0.16730556
112539,0.10922282
12987,0.07573348
803,0.32972375
22285,0.062675364
48645,0.40310183
85783,0.10598183
143584,0.25262827
82422,0.05655573
96471,0.38418236
55670,0.18068951
66205,0.06566392
82396,0.05874777
121970,0.18322435
96867,0.041677378
146090,0.13428771
115614,0.08904786
69902,0.12989369
98368,0.05789365
85170,0.12591775
120488,0.10455877
13760,0.027479444
116733,0.06351544
63352,0.18999435
88762,0.5177513
112609,0.334535
69578,0.8120935
104314,0.70644397
75268,0.36365008
44535,0.11739675
19003,0.13487315
88092,0.08213053
104946,0.0919321
5564,0.14820467
52208,0.16919735
53975,0.38970006
76710,0.14560638
69625,0.04367097
34505,0.91041404
100902,0.1472987
84339,0.3365693
132424,0.22204557
118433,0.075334206
101429,0.2404524
46005,0.12332006
12447,0.10662465
98081,0.59895605
689,0.07771031
1097,0.06464556
116086,0.044422757
149784,0.1703797
124474,0.78364766
91250,0.06851696
41775,0.08929145
106320,0.1789788
105742,0.065786034
65855,0.403802
144058,0.095042765
62335,0.642049
142798,0.1492891
44295,0.32642123
128648,0.046178345
149542,0.47275966
66803,0.39345855
31516,0.3392887
8531,0.15064958
103143,0.8700704
77965,0.1676268
82243,0.05567583
70609,0.17131352
29805,0.33615476
28677,0.03998508
22777,0.11010911
135634,0.57067066
46328,0.7640543
8989,0.5557572
76501,0.025664417
138767,0.41207552
23005,0.08340058
123596,0.6013158
60345,0.24112745
9799,0.2212389
136993,0.08426249
88406,0.14444847
133408,0.39686677
57650,0.092352904
96339,0.11308533
142517,0.11064549
90103,0.22220485
34697,0.021685125
144253,0.24983375
96594,0.177675
36364,0.268844
84842,0.02654286
141010,0.6628103
121510,0.13468416
3439,0.07891348
64020,0.08875089
20968,0.04276569
77335,0.5888196
20188,0.1533118
15844,0.22433127
122680,0.042854574
62773,0.089918636
139490,0.2749118
72375,0.10364397
52883,0.12375928
102439,0.46551105
103573,0.035554543
117184,0.653301
83196,0.12285661
94924,0.68192106
129211,0.0446964
43831,0.29908362
76997,0.0988654
15057,0.099444225
109100,0.43128496
134017,0.2083889
78538,0.04196449
50514,0.19804707
8585,0.6445568
32232,0.7160424
73188,0.03977148
25187,0.16315787
73703,0.100709945
8534,0.24919528
129251,0.106022
146303,0.21771896
78395,0.14027673
97771,0.031247437
92141,0.075265944
44021,0.03791486
86944,0.055343937
71116,0.31307867
43409,0.29927912
105495,0.7175589
21424,0.11023797
18309,0.09105905
52356,0.090891786
58182,0.39127702
62458,0.08441782
131336,0.14586116
141491,0.11482244
5621,0.61158085
36392,0.30966347
102265,0.05977776
145418,0.6100212
3887,0.080073096
36733,0.5492211
102473,0.060398977
149788,0.0664104
95609,0.8755183
129214,0.06335848
137131,0.2972252
67406,0.21058464
147568,0.5586431
6048,0.28839597
34,0.10929236
52832,0.0817255
81110,0.10145013
55888,0.14870593
43456,0.4078593
109574,0.33360788
21550,0.07849066
56974,0.6857393
12538,0.8316848
5090,0.8319968
105811,0.13011195
140502,0.5096719
109740,0.15015957
148581,0.14260013
142019,0.5345908
49973,0.40353158
147053,0.09217584
13313,0.094263345
115523,0.59419477
109319,0.32616732
81350,0.24386132
45864,0.12254728
91512,0.22527051
46571,0.56970996
126012,0.46722594
37670,0.62955034
89079,0.35401794
49407,0.04268978
112509,0.56083375
136139,0.09189039
97675,0.29729873
119727,0.9437181
100209,0.25651217
15805,0.070715
15858,0.20898043
138497,0.26242894
108080,0.10405614
42745,0.06123996
65437,0.056452367
114182,0.09341377
126654,0.68399364
58717,0.10307542
138496,0.18472214
133437,0.74904376
4948,0.04134246
67729,0.077868775
71835,0.2848855
73628,0.12674026
98807,0.0514972
88023,0.0977504
95912,0.23143613
54738,0.14080779
104335,0.028105082
49322,0.035779286
115301,0.32768568
100985,0.021247467
103140,0.30571958
119049,0.0534193
135193,0.030283034
132999,0.5525908
112288,0.1867299
24443,0.073906824
55391,0.52014387
21963,0.10735501
120906,0.07336916
21943,0.14286885
75209,0.019734288
118631,0.09182951
85219,0.037474878
39713,0.8612335
897,0.13117567
80077,0.051329587
59395,0.90456045
66744,0.4954523
54277,0.4343795
6895,0.25329807
34973,0.45577282
24475,0.8499823
139549,0.128712
73946,0.05848674
19583,0.019233342
69901,0.14284961
148492,0.12482795
74385,0.074600436
110996,0.069323726
28715,0.8385518
144298,0.56983733
25047,0.07434286
8360,0.42348382
73718,0.05167616
14256,0.5778627
99363,0.4008689
147386,0.13327093
37705,0.47810715
70508,0.087123446
9866,0.32618484
124180,0.6466174
63261,0.07245084
56890,0.069939874
134368,0.78355
149744,0.4075798
128209,0.25684428
70391,0.034695223
39447,0.046430293
47405,0.38410643
91619,0.124997646
77675,0.36583424
10215,0.2582901
75374,0.9395435
78808,0.0977967
52641,0.8395472
38275,0.25901416
59333,0.15352486
71294,0.41185394
121279,0.09770123
35553,0.33320847
22537,0.33231586
96229,0.07997572
16649,0.30415887
19,0.16623825
76447,0.19503835
49469,0.59168965
1865,0.3613112
10395,0.13921237
110639,0.05813094
47451,0.12320797
89347,0.12503785
127848,0.1831816
86785,0.03843424
70338,0.0854366
115183,0.31668428
122129,0.7005928
113280,0.12711464
101655,0.19526507
130831,0.32982185
49882,0.3598539
111193,0.72680956
108838,0.09741496
40651,0.22422388
2170,0.8034913
81781,0.1269555
40829,0.24834034
134159,0.19687262
55003,0.062365703
17697,0.44800684
36839,0.24383761
94234,0.5806489
145110,0.25773227
108275,0.85916394
116888,0.14739281
45310,0.031639114
19960,0.759587
40948,0.21275656
149266,0.080031976
131609,0.6170871
128752,0.11249891
26041,0.55310357
74313,0.031108567
79077,0.114750125
129029,0.07471631
62422,0.10765544
77502,0.045572855
97077,0.44878647
75220,0.64121914
121737,0.29073164
146953,0.060761984
8572,0.16044542
132308,0.044817388
90444,0.12441508
148790,0.8672931
148881,0.041307524
125481,0.086874776
96276,0.43799028
148308,0.03584627
61858,0.628023
21242,0.078988165
123373,0.07135617
141597,0.18051812
28199,0.052911382
97653,0.15962096
95675,0.11863848
43683,0.017815242
67099,0.11045343
84275,0.04351134
107246,0.3266406
13487,0.06161132
120853,0.098339364
12422,0.0755041
45856,0.21087429
22629,0.44982073
131594,0.69854456
24895,0.15214443
3564,0.1147734
18299,0.25937843
109386,0.71168405
44071,0.048596535
104453,0.12587139
64654,0.0848459
123947,0.04951892
45216,0.38982752
12058,0.0088607
45024,0.46483523
118649,0.9449161
83717,0.42678174
105511,0.38602227
62306,0.5660252
16098,0.46100765
20808,0.22807999
114020,0.023997335
12052,0.08654041
93455,0.09057823
891,0.4496938
130543,0.43148807
77138,0.34720963
129643,0.05825309
3770,0.10332581
71706,0.72717255
80185,0.109998986
118927,0.11523934
149637,0.42795283
92388,0.11576558
28229,0.048902705
127014,0.12305653
136388,0.6866726
57984,0.2282481
65089,0.8866016
78100,0.22753955
23882,0.10641181
65460,0.4160477
69735,0.8987056
118043,0.11024506
126622,0.028529907
115545,0.19390278
31070,0.21251513
36012,0.09944103
13421,0.08982088
76655,0.08598072
15495,0.06456506
23906,0.29397762
129391,0.11477468
88224,0.37961143
12073,0.47175863
41313,0.3207762
139420,0.5152946
79242,0.12296952
107981,0.46131438
148065,0.3056457
74112,0.41452885
99821,0.08193747
56105,0.20725055
35917,0.18777809
142732,0.0901901
103777,0.269139
114951,0.10953115
112778,0.16044617
49712,0.063716725
90258,0.87518555
9361,0.24714077
128131,0.06516251
80942,0.115549006
105831,0.08610051
126195,0.27578703
15160,0.121463366
24502,0.87787026
23850,0.27181968
37643,0.09076718
44591,0.09093762
91860,0.044507597
67262,0.040276818
45296,0.56854564
125639,0.35717642
124490,0.036116432
32340,0.13602087
118390,0.42181262
146866,0.038485736
16128,0.07217145
15257,0.388462
135701,0.6378386
89148,0.24422364
67085,0.41729534
122940,0.3395962
111738,0.062542394
104302,0.1258699
20000,0.1658198
94722,0.13538165
2418,0.23006187
119226,0.18441439
139,0.073916666
132437,0.3106483
108455,0.42575598
27608,0.9543836
58740,0.18887782
138055,0.111704364
123353,0.37178135
63677,0.27485588
46171,0.35621607
23198,0.19882587
59292,0.45517176
119128,0.051716346
16684,0.21375814
27284,0.2918816
64330,0.037633307
20015,0.8599355
76211,0.04814435
21914,0.47184843
105347,0.1748489
112839,0.7792338
50317,0.5055561
65199,0.124511875
9178,0.048877526
27134,0.08264046
23691,0.04972467
141265,0.28445178
103070,0.180161
44582,0.40627596
70645,0.0748452
94109,0.6796505
143092,0.11763558
12820,0.5096543
12270,0.061221678
22934,0.16130432
3972,0.14756873
67741,0.82415944
6214,0.53501683
95636,0.13919625
74193,0.09127277
7738,0.36998332
18880,0.34812373
59763,0.1792073
39560,0.20913583
28019,0.37523457
146905,0.031137653
130174,0.09588715
99183,0.1073571
86043,0.08709254
59572,0.0688562
34867,0.15990955
119163,0.32944393
95854,0.20703958
44601,0.041042827
42815,0.15379238
74153,0.34655216
21311,0.0811596
21661,0.4077706
120807,0.77666545
12164,0.32308424
106698,0.44358757
11579,0.4544152
113011,0.30723965
138113,0.15372212
76846,0.122781634
146598,0.10815259
95667,0.2936884
53685,0.053117868
103376,0.1574214
94898,0.81663376
76460,0.073598534
93943,0.088583566
146629,0.76150227
50013,0.106320865
102526,0.60892075
60250,0.0679642
105585,0.3428201
16699,0.583806
36947,0.08847375
21999,0.14145778
22589,0.045328412
146178,0.06450569
139331,0.037208498
55778,0.059719384
67116,0.076545365
60883,0.87933326
93246,0.049125765
17414,0.099828444
147476,0.13677736
11046,0.055302355
26691,0.11064704
22883,0.10391583
81809,0.06333867
117942,0.6651727
118539,0.33439678
54444,0.20921221
138442,0.055226237
27566,0.21922325
141210,0.11367843
58360,0.15723903
74741,0.34916368
126694,0.1687273
132880,0.16352618
89817,0.076247744
52240,0.21566199
31266,0.24120477
57808,0.44817528
137436,0.10714637
50117,0.07947814
125035,0.19929004
147115,0.2796498
141591,0.051716063
60302,0.058048397
45404,0.3421704
61593,0.52838486
128662,0.11561451
102277,0.3675833
50746,0.8247908
123333,0.072442606
110555,0.11903319
129815,0.50289017
124421,0.122255914
8098,0.09078306
79991,0.072328895
7054,0.030290365
148993,0.45887342
65075,0.5475197
24623,0.14566572
8513,0.61846936
109422,0.0688354
31811,0.034625087
45946,0.363636
5405,0.07508061
147610,0.14843617
125970,0.0541967
149478,0.13474822
4405,0.119969316
67505,0.15034194
107768,0.104092024
42073,0.048656262
27457,0.22145467
20483,0.12342775
85216,0.24072075
15733,0.24839938
11070,0.103715576
17847,0.15199046
99804,0.092822015
135470,0.11505676
81773,0.2095319
135767,0.11558905
57876,0.085520566
92909,0.14795832
53161,0.07219774
21087,0.12429705
131841,0.0645474
129949,0.07863362
43446,0.13456735
70128,0.33302742
86985,0.4653098
98282,0.08580869
39635,0.07575345
87507,0.056979038
114015,0.29320952
54740,0.35078135
47556,0.34773767
86063,0.09399974
147414,0.062845364
13674,0.06564697
84751,0.20129375
45802,0.21836312
70416,0.09143418
119110,0.33151898
112462,0.62064314
29221,0.7606018
10180,0.04999482
144924,0.17050977
71170,0.6244492
31827,0.11602932
36654,0.12253185
78649,0.24580468
101141,0.6937015
61311,0.059650917
112056,0.043889817
104024,0.05768564
103566,0.09013481
35410,0.10820973
101632,0.81952375
38898,0.16820124
116163,0.2312883
14389,0.40917125
17309,0.043040983
42110,0.4135335
32718,0.034951337
36751,0.08032102
46201,0.10395651
65123,0.7454982
6941,0.032270517
103116,0.7749098
105634,0.04774025
88613,0.08156854
103690,0.8031841
103802,0.20198394
57263,0.04417176
92168,0.16823123
83903,0.068666525
136226,0.119730115
39634,0.11571068
19340,0.029782208
10939,0.18481334
149361,0.76674855
4682,0.6099597
102942,0.29503304
21287,0.7849609
29355,0.2689099
109179,0.35085002
10793,0.08953081
2616,0.044203736
78765,0.2568603
18530,0.43029952
9598,0.1654064
28484,0.055664517
30914,0.032054868
119414,0.94622785
95267,0.2369024
17242,0.073770344
82195,0.07815722
123521,0.6087098
108133,0.3367381
121689,0.03414182
109131,0.21231586
131533,0.66789037
108210,0.12107415
60752,0.20258838
61839,0.3540563
8662,0.0835339
2969,0.088313304
104414,0.90762323
22881,0.12193033
135739,0.60656375
106143,0.12991051
62046,0.18425079
129999,0.055730324
50657,0.05931383
63819,0.24297042
88370,0.02067516
145819,0.616759
100395,0.7681129
38645,0.919786
82551,0.24213834
97345,0.056756806
30762,0.066745184
61299,0.70387787
73959,0.71775717
147155,0.055181954
74701,0.14195465
82480,0.103432804
87058,0.22324881
85958,0.4000976
148671,0.06621877
118427,0.49848303
117313,0.9168966
76704,0.6642249
101396,0.09662333
29970,0.25590372
121720,0.1449403
104678,0.36158895
12937,0.56738657
32683,0.10404167
136888,0.5112624
147077,0.09378621
8,0.35805735
63580,0.36687753
95623,0.17370988
34930,0.14132452
108538,0.6354905
125334,0.33823767
6538,0.46636635
86549,0.11805365
12522,0.07360484
44739,0.09198434
48202,0.30384487
18949,0.087840006
20774,0.13583054
109651,0.33018652
124594,0.044456117
57381,0.44094276
33077,0.70833457
4963,0.027435418
65369,0.85905915
15301,0.12312363
106869,0.5358124
4362,0.07166305
135510,0.7672457
120061,0.111158945
56090,0.22871614
32084,0.05861499
148667,0.4425186
82881,0.056004394
147783,0.6448357
98413,0.105327964
146900,0.44921613
54381,0.82118744
23564,0.33053294
14732,0.09000206
62134,0.7881614
38890,0.19601631
17265,0.10414553
68416,0.02562523
79756,0.054216553
60772,0.05010995
37811,0.40571284
61684,0.27885458
51381,0.5636505
39981,0.09825345
137920,0.32094923
32891,0.6282986
119244,0.14369847
44208,0.08046286
51251,0.16815206
49813,0.40908787
16665,0.43151677
71204,0.66975087
105023,0.12553081
108293,0.035807192
149946,0.19914185
5953,0.09913776
136910,0.37752783
53036,0.23995876
2246,0.24030237
17151,0.84488046
83404,0.8140123
72209,0.15371878
114768,0.07137481
44870,0.06386706
36044,0.9122017
13033,0.82602984
92123,0.16213018
51296,0.0371297
53204,0.07205207
15904,0.11357273
46469,0.041684713
99343,0.30046743
84355,0.35936835
24483,0.26118878
139861,0.20751287
14919,0.06494971
121574,0.66825277
109013,0.04779888
70887,0.47636297
112665,0.026752101
126027,0.6943681
45997,0.08920247
76839,0.32702458
116016,0.12797774
145273,0.59574723
24956,0.22332068
145078,0.11934191
33633,0.19871509
80233,0.14275359
61088,0.11436896
146096,0.2745586
7725,0.13276488
124451,0.53999513
121912,0.11459692
36586,0.16672
72752,0.17028263
79988,0.08450002
110766,0.102538005
99683,0.06564551
10913,0.1801844
111548,0.06956506
40078,0.13073733
25951,0.047549244
103565,0.06356667
57818,0.78044045
8384,0.13366966
127065,0.19781537
68085,0.09433612
35558,0.17564061
39023,0.16671671
66303,0.20946066
137817,0.07592574
124148,0.52791345
27174,0.70719093
75600,0.197092
86943,0.11444278
107899,0.29139122
64566,0.14897649
98667,0.21033324
114986,0.17121713
44437,0.17774262
124018,0.1270834
146617,0.28641692
143121,0.83078164
2503,0.096295
59486,0.5464376
90827,0.1520199
92386,0.13543631
79819,0.21924077
83477,0.5579923
112280,0.031789508
60429,0.10959059
51581,0.012638021
68636,0.43683204
162,0.0712021
68802,0.05245167
9766,0.09198928
84485,0.878035
50249,0.78175277
142258,0.06241228
29844,0.062830254
92640,0.19616933
101198,0.08005719
28837,0.38411304
12297,0.60971695
122890,0.46532565
12935,0.5623208
19834,0.234854
136871,0.30690452
144616,0.03420835
95228,0.11570887
38110,0.28819942
65578,0.9243207
18531,0.1023374
113921,0.88621724
16054,0.3919158
67836,0.15229924
20885,0.042529106
54204,0.089771666
4871,0.47847116
10988,0.19270839
36162,0.64053786
17336,0.24345127
59614,0.08997711
92975,0.082785115
143152,0.08214448
97626,0.13333414
50501,0.101540886
99480,0.3906694
107592,0.5350592
5709,0.06329439
86260,0.28424126
74105,0.049012557
50391,0.07958891
111298,0.050022747
76069,0.08379584
5316,0.77416474
714,0.08483777
56405,0.9275789
9056,0.18608798
56554,0.036918364
140573,0.5729932
7507,0.25616777
37999,0.97175837
135745,0.10182832
58483,0.12016287
123376,0.33139658
21209,0.27779844
64442,0.11459311
133118,0.45767102
48387,0.098822705
81900,0.5671178
49408,0.072442584
146294,0.13661833
47522,0.4959756
52146,0.39896756
105704,0.13152288
51239,0.06530522
144949,0.43430573
55043,0.7765268
46407,0.6130325
45102,0.14371593
69717,0.05380417
24171,0.4663525
48343,0.70574427
110373,0.116869755
58557,0.11461685
105706,0.12482302
33938,0.53900516
2345,0.12540612
17408,0.07903832
107177,0.05663906
4178,0.037371024
101393,0.08071325
136468,0.16992491
121845,0.18603377
131608,0.053945024
140763,0.101720974
16608,0.48658508
69707,0.13401026
4937,0.038520955
43923,0.12920472
124297,0.41761926
111613,0.13103853
43809,0.26470876
87088,0.18020281
59726,0.6840499
54352,0.5747618
148524,0.10942305
40025,0.07162078
77332,0.03307464
105653,0.13364545
60618,0.046934567
138922,0.06679388
4423,0.26122305
107214,0.067363285
92955,0.38739404
114298,0.32740092
142905,0.14550078
60143,0.17873934
28307,0.08738883
146699,0.125324
68823,0.94639355
18249,0.6235632
110751,0.47513828
106085,0.10772286
24947,0.13790785
36540,0.0975219
74714,0.13421233
102787,0.5369692
115308,0.5150422
148593,0.26314616
143639,0.3350285
76924,0.06594357
78155,0.18496689
31955,0.4569549
48873,0.76457626
34371,0.053884543
51784,0.07782713
99206,0.53911245
70100,0.086499065
54792,0.26076007
112246,0.032031864
43634,0.029676015
77656,0.02739887
54832,0.20665817
93146,0.17646098
149297,0.63239455
104997,0.047695387
99346,0.04480599
109944,0.10316287
141655,0.09510036
124960,0.8791634
19712,0.11246973
9222,0.38857612
123711,0.3618816
22965,0.6739742
124542,0.587202
114384,0.12028797
2109,0.5132915
146945,0.36751804
92660,0.17973562
68873,0.40976143
28216,0.29131162
112095,0.40491158
115188,0.2575407
142451,0.30402675
88978,0.061505195
64830,0.049409162
71645,0.7899562
96204,0.735804
72580,0.7675682
80003,0.17943506
134029,0.54420084
39056,0.5191324
43158,0.079386644
43747,0.108003706
72455,0.034849558
37157,0.071674995
13905,0.7034162
102877,0.27155703
62214,0.020730903
112861,0.058068365
15831,0.49075088
127943,0.20414339
136073,0.06571366
122042,0.10754597
14886,0.1295448
71982,0.33998397
118597,0.57412094
2274,0.08140814
139695,0.1212324
50125,0.0678387
54087,0.11121413
13451,0.5451377
139983,0.025027392
74066,0.11906509
64123,0.06661962
129947,0.39774397
82699,0.40787926
137059,0.12316938
89564,0.376633
98855,0.104004644
72196,0.09668215
132864,0.53138584
149210,0.107280694
43423,0.049091008
145903,0.8382564
115171,0.05851695
50350,0.038660973
111616,0.15781906
43217,0.11456374
5904,0.25285354
83349,0.528468
45555,0.398146
49449,0.22857603
117852,0.82012093
4538,0.28999424
114091,0.091133475
124437,0.09780598
5212,0.43732262
145763,0.10267183
82521,0.13152355
39777,0.06798863
36021,0.59440273
46809,0.099002525
49004,0.7856642
133141,0.16850744
137170,0.62122697
123280,0.52803016
39942,0.3322116
29162,0.048318166
58825,0.45109594
60200,0.9094442
121884,0.5430959
81556,0.16244425
109526,0.30353785
58319,0.052623138
35132,0.036636785
19211,0.30190322
45640,0.10118538
78748,0.16748087
101343,0.23417789
137545,0.5740752
12225,0.23411891
26282,0.15169771
114787,0.039315864
73834,0.038823158
44618,0.11733656
78827,0.044396956
43067,0.24276403
55272,0.21209666
40225,0.77352905
123332,0.80421746
85899,0.2663412
113146,0.9496981
51957,0.16937883
57685,0.57935977
85241,0.14885534
59128,0.15446311
45631,0.2359876
86178,0.09596005
81593,0.079408735
61034,0.2037499
9590,0.080433615
10314,0.80287236
78676,0.04012217
111908,0.07166176
28309,0.051340956
122028,0.36915576
96687,0.44334054
42925,0.13007338
37519,0.030106364
87890,0.9382861
62703,0.33556715
142828,0.09031052
61524,0.024248248
111914,0.08692184
101795,0.111986674
136399,0.063416086
59341,0.1247058
139068,0.0715332
126201,0.11049662
122217,0.07465949
74296,0.056245036
136620,0.09008217
74364,0.461555
86233,0.7061156
132515,0.347132
124316,0.7977171
3674,0.32640266
70365,0.06311283
33166,0.60956126
17590,0.23617941
47600,0.31385887
121051,0.3523474
121129,0.13159007
72966,0.06781767
106674,0.5803101
121307,0.081525624
123870,0.5685066
6149,0.20862933
50498,0.13233238
3968,0.05126976
120510,0.1864525
93910,0.24405465
89813,0.6835048
105594,0.10484972
53548,0.059952326
115475,0.2689636
25627,0.045922555
48307,0.062245183
119656,0.025874097
131957,0.42118028
13058,0.07190787
25259,0.13448933
128720,0.08362232
88345,0.16193235
137197,0.06719375
127004,0.5254363
71688,0.06825848
149931,0.104178324
127686,0.94027376
11917,0.37793878
43205,0.0554092
81017,0.8667367
2649,0.071357876
112520,0.025744049
111578,0.38523388
68333,0.30017558
36223,0.105809525
99070,0.33157247
14939,0.028865093
121775,0.024253417
99921,0.12658703
127837,0.10324576
91222,0.17261612
117285,0.48939535
83690,0.08894133
28127,0.14124936
16355,0.03625265
31924,0.18328688
100216,0.083363585
12222,0.09775791
30207,0.45117217
75320,0.039378908
49065,0.07473042
74934,0.2145379
98753,0.08666133
34634,0.17057411
94031,0.43261102
26931,0.34904087
15976,0.29994977
14417,0.34348303
89367,0.73463225
26595,0.09529852
26792,0.04018771
139913,0.4670506
58275,0.71574384
134279,0.09837996
69436,0.09972946
103593,0.10064713
149216,0.096061215
65261,0.88406396
105019,0.112883605
21336,0.40654644
93523,0.06450795
102841,0.09055946
41654,0.12340641
54012,0.04045246
148879,0.07545775
115796,0.081866495
40212,0.09714664
79665,0.8174303
131464,0.19114873
72959,0.34671882
5077,0.09266488
148146,0.08737474
98078,0.13837199
60422,0.41673654
133444,0.35684967
77193,0.41550356
144706,0.43819946
19300,0.76010805
23101,0.15138476
147062,0.118440606
139254,0.3318949
32516,0.2087386
109507,0.082439385
40519,0.13824001
38461,0.19867247
48209,0.16710572
33236,0.05324529
11044,0.06414897
2758,0.09000516
149253,0.047088128
103347,0.042397156
117477,0.06574573
116013,0.8854191
126554,0.36523843
7521,0.936112
137846,0.085139185
63008,0.35282072
31580,0.59927046
113057,0.22036266
104568,0.2582486
137579,0.7840878
20901,0.5592992
138349,0.12747613
87914,0.17089204
80182,0.33969572
26926,0.08800605
3849,0.23031276
141044,0.18983087
67401,0.15705715
94734,0.1254176
138864,0.10001556
78378,0.10020246
80660,0.11077262
22255,0.12979417
122243,0.16463721
93116,0.20699863
117581,0.5617944
89530,0.15562817
41226,0.9334825
24992,0.064843796
43060,0.37439993
105543,0.85969007
19822,0.256492
125921,0.22509953
46396,0.058082554
47381,0.1373226
76499,0.12851553
54008,0.071143985
68441,0.21191584
34699,0.6039901
129404,0.14353907
9585,0.7162521
107385,0.20430563
93723,0.21877663
38361,0.14929157
65345,0.06380631
93992,0.44295296
109521,0.058156725
45218,0.28523895
26369,0.11580737
65112,0.3310548
65426,0.45950553
133797,0.43156394
43676,0.11326731
111088,0.04391064
5074,0.9417552
88539,0.06621985
111093,0.118710496
114774,0.048256103
146038,0.08980785
88243,0.5646684
89163,0.074779645
105745,0.3296823
82429,0.6120836
52395,0.63490343
53144,0.5336447
105563,0.036409732
88656,0.0709422
149350,0.06579126
94094,0.22013323
19315,0.69425565
82509,0.4892242
132494,0.6193525
75724,0.030267615
38138,0.16440319
85866,0.09558277
146990,0.114550136
97486,0.045915037
72637,0.35600093
43726,0.35194704
14369,0.0463626
75129,0.21376461
29193,0.057675704
105245,0.42823875
91615,0.6131655
62853,0.8830021
126682,0.058516245
31969,0.26375955
35315,0.49543533
98912,0.535372
77190,0.5451783
41199,0.8963687
3580,0.15311602
66077,0.21278606
8861,0.14704157
43584,0.88476956
36865,0.79494
23376,0.28527808
124538,0.2162217
398,0.36925903
23482,0.08740008
40782,0.095245965
111572,0.13333102
56898,0.09500293
102125,0.63695496
41364,0.2469776
101448,0.08590742
2413,0.40970394
144580,0.10248696
72975,0.5899804
32472,0.11290074
147380,0.1878651
79650,0.356866
72924,0.28622207
27035,0.054077253
50999,0.10535777
11257,0.44329402
6247,0.14724857
103077,0.68713784
134680,0.23517655
13341,0.13703765
114478,0.099777065
89664,0.6098568
102823,0.03434975
142973,0.0695621
1552,0.20301674
41605,0.07927679
33513,0.95596564
82585,0.09701865
29447,0.49394274
79408,0.103840284
4602,0.17030434
79604,0.9593522
96897,0.10150007
94044,0.6255992
139324,0.0505308
141273,0.10950285
35351,0.08049649
148803,0.8624245
77377,0.14376526
125225,0.7979318
31362,0.38549858
70893,0.10458713
131365,0.12834491
132139,0.9403458
75756,0.08714989
58336,0.350431
136421,0.14092137
138536,0.547202
141362,0.08075263
92099,0.14073955
84749,0.29253355
82214,0.3190161
87451,0.06173608
60893,0.19209152
132625,0.68614876
90093,0.05536045
34871,0.332222
3450,0.21338972
99982,0.082652785
22575,0.06142875
57626,0.23596387
40409,0.031884406
131603,0.09479628
57604,0.55405545
77253,0.7035675
58801,0.48337173
14601,0.07186373
28888,0.23167461
3690,0.22206193
115669,0.044511378
974,0.28030977
89475,0.45128644
143647,0.33142045
114383,0.08014603
109596,0.4341082
20860,0.1687518
147509,0.10327775
108742,0.09724607
22710,0.591865
103628,0.41079333
44795,0.16274285
112380,0.06072247
58195,0.8527778
19098,0.08211022
100500,0.13472414
125485,0.41128644
430,0.020897739
13101,0.6347992
73906,0.46277136
7849,0.08913489
32786,0.036996957
30523,0.07167598
33790,0.024588775
133706,0.29985818
123345,0.043823384
64041,0.29474086
26821,0.10282067
90106,0.66619897
12674,0.16585553
120063,0.0733691
126886,0.5818805
116234,0.31437775
35321,0.16105086
36293,0.0652646
69054,0.09085344
39481,0.2414485
62190,0.11567072
19025,0.22650458
72720,0.92098737
76651,0.53688467
29960,0.091897435
32642,0.13097955
98698,0.19474012
144037,0.83195204
128978,0.83793545
105262,0.28833777
117898,0.49973014
118166,0.54388255
15577,0.098308474
5688,0.30872625
38013,0.055135
27997,0.8172889
50762,0.14805327
78130,0.64578396
13092,0.3027539
148525,0.39764294
71278,0.6297656
76117,0.04331346
70573,0.068516746
75651,0.13742141
54082,0.7253971
34696,0.061028197
72531,0.13025655
138195,0.37766474
41542,0.06534801
92587,0.116611116
29154,0.20448904
54703,0.34798005
3025,0.3103417
62939,0.11166096
34687,0.15872887
81273,0.33852848
21564,0.06037886
138035,0.08325989
125048,0.0930231
129680,0.13740782
3755,0.13786861
115418,0.19761032
80802,0.09914034
6085,0.23435967
146773,0.13752382
68050,0.19106662
45177,0.21205257
734,0.3187437
39243,0.41015944
143825,0.925216
56203,0.08692977
5298,0.77642477
13790,0.31022024
68320,0.18244343
130124,0.32266432
77278,0.4733393
68277,0.04630837
116050,0.15176582
28755,0.5038785
47260,0.78118163
143432,0.20595443
46804,0.11266117
45493,0.5771604
16963,0.27366
21621,0.25101528
47110,0.15476182
129876,0.08130024
41814,0.52948916
56113,0.18643247
145828,0.0640695
136501,0.065726586
33968,0.59093255
16991,0.08822345
25861,0.8650982
86412,0.3499646
105571,0.20936713
145537,0.1052003
48770,0.5041903
85179,0.021464195
106359,0.042755958
108377,0.03166265
132114,0.08480592
126111,0.43997124
99136,0.09891009
112835,0.33264235
71368,0.044689592
9067,0.57467055
110864,0.045693528
81009,0.10178984
98462,0.6855823
52080,0.16790488
23241,0.4236753
9006,0.41539705
122664,0.9603263
61896,0.2031511
79577,0.091270395
113324,0.05213177
90794,0.52949786
42508,0.8840787
136819,0.96690315
10931,0.41845298
134257,0.103316255
53993,0.09845048
139091,0.6522351
47068,0.11101425
26014,0.11828115
57580,0.030047607
47189,0.34066454
90550,0.34786937
10094,0.48847833
70379,0.054743
5268,0.49433494
129428,0.32814252
107995,0.40049246
19639,0.1770045
70813,0.04930161
120572,0.9000243
31621,0.06310591
58297,0.057777047
142338,0.7855695
118823,0.10898146
77668,0.019424366
27596,0.09731468
143151,0.90017
29944,0.10106404
53851,0.9328442
112027,0.23907663
130270,0.058915768
6128,0.19585584
43936,0.07752483
35048,0.036565058
109,0.34472668
42504,0.17966604
4945,0.105182774
75580,0.45698944
101394,0.046054166
99307,0.05572987
144758,0.07737307
60878,0.45804888
72475,0.55803174
105631,0.076762505
7064,0.13020132
125977,0.16177195
1068,0.07754915
99338,0.10887506
5634,0.083745725
140211,0.3926748
94096,0.58342135
108965,0.2020979
634,0.11693631
7023,0.8088731
90234,0.11301724
60015,0.71261847
72180,0.43305486
122337,0.1476032
79311,0.10038345
81319,0.05178595
135575,0.2987718
60639,0.7037679
141489,0.07904058
77211,0.102942556
60024,0.11167207
135887,0.4699616
85022,0.043083478
56670,0.06928317
142221,0.27045926
83989,0.076802306
20789,0.45270416
132438,0.11992382
22391,0.12907799
11037,0.028987447
86107,0.25949568
66233,0.15849748
119458,0.112150535
81866,0.11656989
147532,0.8504678
145724,0.11587837
107456,0.07656555
114918,0.16831507
41668,0.061826095
98902,0.32357955
77404,0.17507295
106689,0.69952214
130154,0.13697301
26101,0.3279993
45483,0.20778483
50544,0.057668045
27446,0.21669506
75025,0.17856584
8719,0.057516225
128425,0.26113242
29120,0.08686575
109156,0.8634019
85922,0.035786707
32728,0.11118708
146675,0.30439863
74467,0.40869504
142448,0.2830459
79508,0.290873
104624,0.31726176
33390,0.2759729
93578,0.08055988
119004,0.30248117
40722,0.08736164
124708,0.053726956
48121,0.10394206
52182,0.13112986
45344,0.47817168
142994,0.37416938
13133,0.068942465
111584,0.09033548
1908,0.11275464
73202,0.199896
127500,0.094656006
54895,0.4862146
98664,0.08070438
116191,0.15028414
146862,0.09715343
60141,0.08093645
105359,0.17637825
12409,0.057464644
111170,0.14374733
95155,0.32997045
104950,0.21179383
29818,0.07714575
36647,0.093293495
60777,0.15110646
97696,0.086532526
10633,0.082941376
40022,0.21101362
126517,0.11312822
139575,0.074841194
32194,0.07248331
35503,0.3181483
4117,0.032748602
138888,0.029131135
132043,0.43555084
6033,0.055484768
86919,0.42064083
67822,0.16761425
35930,0.4995715
82149,0.09746846
62907,0.9352501
98281,0.06826636
125124,0.1709829
84078,0.6404924
129324,0.046625182
81757,0.023773948
52180,0.060541816
69848,0.14571348
97018,0.05195847
121050,0.80641806
90130,0.3003659
10959,0.03548351
135059,0.082063444
125037,0.4084997
78885,0.41568235
9295,0.7908471
64631,0.15908462
7162,0.114910245
77011,0.050330713
28397,0.036814827
100746,0.2036815
116632,0.2638436
68545,0.25152683
27179,0.20599286
81930,0.49771973
51803,0.09982981
14482,0.505618
52717,0.13345288
31594,0.41447863
137477,0.29653338
105994,0.24968004
64275,0.051188607
82910,0.7535864
107243,0.76652795
132570,0.16567391
3342,0.10544478
19565,0.6654231
124334,0.17063336
104048,0.101827905
6267,0.34702227
90276,0.018064324
28414,0.14925468
3631,0.80446094
141339,0.32087693
118675,0.059218228
104385,0.0473408
56875,0.6531822
14607,0.15083668
69906,0.17965528
25104,0.81084114
48939,0.16888039
33815,0.78645754
61140,0.08692962
78283,0.16925499
114772,0.055453353
623,0.22691534
127625,0.03907339
22674,0.21696182
11050,0.118158795
101664,0.18958007
19292,0.41557202
5549,0.5384411
41835,0.39442608
99816,0.030533945
149973,0.093593664
83534,0.08911388
44814,0.2913749
125934,0.05511883
57379,0.64936876
60992,0.6598316
73242,0.084482156
66212,0.03695776
138861,0.11099016
55390,0.40454122
98811,0.07838318
127957,0.14951247
6499,0.048796237
109851,0.6761024
62161,0.044915654
54723,0.12181319
127802,0.07020294
27325,0.62962127
3803,0.17614949
39281,0.07324418
65789,0.053364787
132259,0.5318902
112718,0.09440106
127342,0.829172
106781,0.6551542
103784,0.12930718
110140,0.038392503
40532,0.12661396
93262,0.29039136
123754,0.109219655
16892,0.3873766
61011,0.54344106
17722,0.072785325
114492,0.14420176
101661,0.064073436
1066,0.4856048
15381,0.21304315
91617,0.1240443
71611,0.050835453
118711,0.027277786
8529,0.249793
68539,0.052690297
83254,0.20944935
9408,0.2678419
66990,0.34875804
16584,0.04563934
68534,0.11534645
124635,0.20423429
36566,0.11694286
108771,0.13162363
126363,0.38544902
74346,0.28331664
51242,0.10350667
129826,0.09959657
44078,0.13828757
102636,0.37878928
135068,0.36063007
90912,0.13737285
16830,0.103123225
115089,0.20112514
89944,0.95775795
148478,0.90867996
139179,0.018991044
97962,0.47422433
28667,0.032642048
4163,0.24411552
100652,0.22500484
67530,0.20642056
59347,0.15733491
69016,0.06789169
36783,0.09052339
70183,0.038070247
109258,0.31324384
22652,0.04047511
70354,0.318186
93930,0.10628628
81041,0.4523692
114923,0.3585692
7209,0.07983349
23208,0.09453867
93933,0.045387823
51409,0.47846133
8163,0.15281942
102188,0.1914179
48857,0.30720988
133158,0.17501861
132754,0.6719019
86974,0.14908566
149000,0.10721621
36319,0.043119535
109598,0.7697562
28875,0.035607334
58977,0.08502712
5921,0.068604186
38161,0.59561354
83807,0.5556612
36468,0.72099376
109135,0.06720553
86399,0.07618632
141486,0.71328324
144744,0.7965287
107913,0.10756938
120288,0.47741032
75326,0.0875097
108091,0.16535474
48337,0.6849587
31835,0.24803051
87602,0.13810115
100399,0.3034113
93222,0.36106813
42582,0.053601827
6215,0.050806507
103163,0.045375317
87486,0.0864586
12773,0.5569128
969,0.5164339
1536,0.61912286
51288,0.048204634
31927,0.32728973
51607,0.1600518
47340,0.123644345
21417,0.74214923
104225,0.661036
129859,0.096831955
87298,0.08241661
84250,0.118655674
75106,0.32907206
104121,0.719378
2244,0.14345968
88520,0.38099712
149439,0.3660341
36465,0.41145536
73681,0.20792814
120754,0.26687866
101598,0.060774963
141538,0.03228354
91881,0.5402826
135281,0.04233512
88757,0.11493229
81612,0.10315383
88262,0.38815823
14374,0.25719154
55937,0.9010771
39646,0.14447059
60166,0.1580119
125428,0.10774916
78211,0.20793392
57259,0.17836124
42670,0.03764487
108267,0.6650719
38427,0.051572647
113717,0.79783833
60932,0.12381914
75303,0.34817046
119519,0.16929138
131391,0.8737377
148388,0.10858927
110735,0.7648307
125903,0.094152115
41737,0.05694177
147998,0.18742742
149286,0.43554386
87026,0.55386156
97299,0.25475058
7117,0.1714242
112641,0.06898286
13032,0.22621179
124549,0.11534695
69673,0.298715
3432,0.17351083
13226,0.67788345
26211,0.61401045
48572,0.59869564
64065,0.16335605
62379,0.4282583
9592,0.17684636
134255,0.10578302
44816,0.5701006
19242,0.0729684
74163,0.093903564
133748,0.13418595
83966,0.6125267
8829,0.17549425
45999,0.22795066
132858,0.34557712
47503,0.043830447
11281,0.51897115
135407,0.18114182
144764,0.6262132
37044,0.31670406
27631,0.18216208
49235,0.65085447
54692,0.15849379
138673,0.085711814
146497,0.5528639
146811,0.09885718
82612,0.34636518
118154,0.30396676
64197,0.054660916
7858,0.073256284
117677,0.07354354
73016,0.03977797
111251,0.06930753
74956,0.0704652
56193,0.6072781
111398,0.08090797
123800,0.09442757
51145,0.11781243
19163,0.047751263
127661,0.09067441
103645,0.084679246
113252,0.04438383
142901,0.04914037
135136,0.24381094
1324,0.09411896
21848,0.039818645
647,0.23392755
23907,0.56264925
69989,0.57483
113207,0.09595217
116331,0.56115097
22717,0.060480412
18051,0.80153126
95002,0.10317388
60285,0.043720078
42389,0.42247722
85444,0.1330282
74282,0.051604882
106666,0.13317159
143767,0.03816896
94907,0.5194536
97683,0.27003965
84210,0.062286496
20628,0.18976739
128160,0.92994255
69415,0.106575444
101311,0.13430525
54194,0.06477388
42816,0.10144861
79320,0.83817935
40047,0.29469135
28515,0.107981
1146,0.5152526
76207,0.1616691
17246,0.060216177
96724,0.20452835
49216,0.10758827
116080,0.4175045
80313,0.16563518
119108,0.9203424
124627,0.048961274
93406,0.26993638
110767,0.09068728
60040,0.2061785
117154,0.5265143
37019,0.08612764
90623,0.61460716
114942,0.07618273
65406,0.34209013
14985,0.11070652
679,0.22660245
27880,0.35768834
38551,0.17467606
44109,0.29350767
119240,0.2918963
96791,0.92805403
127225,0.07559475
20156,0.531699
17729,0.092057265
6479,0.26296332
46104,0.8509311
35053,0.26717824
68476,0.054424245
56355,0.13010146
78147,0.6514876
114662,0.036138482
9889,0.10431484
141952,0.957748
101249,0.06300824
46067,0.30239534
66200,0.06744486
130793,0.20514679
21255,0.10414553
146250,0.3475585
69370,0.024657795
13559,0.11309565
59774,0.25922444
62854,0.33400592
146987,0.17675468
123764,0.082103014
134143,0.17787743
133,0.10428895
30890,0.2894434
85042,0.1008725
114212,0.39536458
32630,0.47058517
130293,0.1297552
104047,0.4601516
139306,0.22235964
97581,0.1948003
34832,0.079384536
3107,0.06466573
144647,0.03698675
131106,0.08790196
40835,0.55176586
118652,0.6125902
129757,0.2057353
108242,0.9138238
8636,0.16256212
115544,0.04231462
146709,0.19189328
43025,0.2532734
6225,0.12735161
120458,0.7259285
106589,0.50538445
118939,0.33772472
46197,0.27318686
132368,0.05784329
16016,0.37682518
135654,0.49376923
89965,0.09417522
140056,0.17067891
31083,0.6983599
261,0.03871202
77239,0.061216716
108877,0.03166265
35725,0.076742634
45655,0.33816344
39729,0.40066004
94103,0.22633928
145841,0.6322965
65043,0.23889147
142922,0.26442713
144439,0.5383084
146784,0.47314206
83907,0.23176274
1061,0.0372123
58247,0.25577444
36211,0.024542926
628,0.53735095
67016,0.045468748
63174,0.057866856
71741,0.08297488
105350,0.25902906
106192,0.34229204
129233,0.044738896
132284,0.10320658
1802,0.064327285
133157,0.3773515
110107,0.95926046
15125,0.04908896
14359,0.57965237
41766,0.37016293
138730,0.10261332
133650,0.38007998
14307,0.05264179
45936,0.7201303
11482,0.14231813
29611,0.13299204
127219,0.16110311
47196,0.42216477
117690,0.19512023
123170,0.06367224
61539,0.33181745
101753,0.26755488
94335,0.34277365
60029,0.2108419
51782,0.87922126
52683,0.82681143
6968,0.72684205
100051,0.4431781
117455,0.3168753
789,0.13082564
87548,0.33653426
36560,0.13251504
97575,0.51488787
41941,0.83596116
130152,0.10984979
121323,0.10287841
88395,0.105846666
79011,0.21769482
39746,0.36118138
46805,0.051273566
17213,0.22894464
94893,0.11271989
6518,0.3138021
61206,0.9366831
103259,0.14891556
110932,0.4556398
35414,0.08841698
653,0.15724741
149787,0.036810078
22793,0.57960856
126954,0.9018746
64005,0.061939083
124985,0.022442851
800,0.21131463
117152,0.40025038
90545,0.1141071
57791,0.33856666
136089,0.06470801
122464,0.14011557
146361,0.90992886
142519,0.20059265
138633,0.24846584
50031,0.039777223
146425,0.13174716
113440,0.110080004
78068,0.6740197
109488,0.7982742
88338,0.5843177
12682,0.13691175
125123,0.10948003
98623,0.19531547
27531,0.048644733
12855,0.09946374
93005,0.093685105
84192,0.80143934
112707,0.27076584
12588,0.576557
110199,0.39781675
54657,0.0417286
38310,0.2355582
149485,0.060865205
137534,0.19268493
71063,0.09135075
121271,0.12688461
120905,0.019568108
96544,0.3523392
140293,0.03557202
105412,0.5940237
14187,0.046808396
53310,0.9657868
90640,0.06824279
90942,0.09241533
37337,0.08830841
34830,0.13936767
33381,0.06841235
74971,0.7613045
75924,0.052676093
143381,0.81793606
45491,0.040924195
137376,0.095996514
18008,0.112002745
66955,0.022357922
109683,0.581912
93416,0.31177747
106235,0.51912946
130644,0.04944491
95486,0.5903281
47152,0.1135355
27434,0.17073937
90723,0.05462476
37093,0.08466315
15517,0.12032923
41862,0.039054636
63870,0.043429334
44785,0.06878903
49700,0.0759767
107392,0.8790757
94484,0.57660884
111718,0.2146584
64780,0.34996936
63222,0.14527643
141939,0.059065428
85676,0.8193457
126464,0.11120436
85099,0.075988315
13230,0.69806695
43901,0.046756167
35000,0.17882374
85032,0.6350225
108406,0.072888866
65106,0.6998732
36742,0.9676825
70548,0.31102896
145765,0.13644294
125180,0.0761948
73081,0.06333819
89900,0.06252234
59592,0.32130122
3054,0.33264333
47497,0.30466282
90224,0.20158216
116402,0.51116335
78907,0.43413877
25261,0.13389668
35683,0.3701982
3116,0.03816896
7833,0.14031841
113864,0.13267297
103880,0.7794634
109710,0.6251623
16410,0.79229957
109933,0.06616206
29274,0.17401114
19708,0.3185719
141663,0.7801555
43554,0.107880585
78625,0.4106245
128073,0.06804314
61050,0.15133281
34311,0.16476032
101610,0.11907583
137254,0.0985135
39956,0.046597965
145184,0.097540855
42070,0.077562794
49107,0.94109476
37454,0.14828148
9084,0.34355408
24328,0.14282225
85750,0.054347035
63546,0.08613747
90599,0.038929373
68415,0.33670875
141744,0.056251403
106139,0.11889899
137025,0.44584057
37566,0.9548918
81499,0.34044266
91866,0.093868114
133606,0.2639707
43867,0.6082721
78226,0.470261
129183,0.17362626
104151,0.9426601
51211,0.21552114
39982,0.09861183
137936,0.19412175
62440,0.48946193
110018,0.06183903
67072,0.27415934
144608,0.50590235
6731,0.86151016
113287,0.2023538
87244,0.056080565
119732,0.22450301
10656,0.0885686
67545,0.051416885
141951,0.05858231
141710,0.20059253
38067,0.15627085
34475,0.6630535
66102,0.19900726
38938,0.03030004
1479,0.5284711
102941,0.85541165
147095,0.22711512
138260,0.38489813
7674,0.1087074
123130,0.055492677
25694,0.08069343
18847,0.0741518
81798,0.2992623
28128,0.3643895
89477,0.04211029
73526,0.21087955
80205,0.058857035
86466,0.10602193
67478,0.26364034
119676,0.9080513
114915,0.7318635
4107,0.47752988
53165,0.13170442
24255,0.034587014
17081,0.025841665
108128,0.1941321
13750,0.6539205
55932,0.056731485
96427,0.16810952
66581,0.07815462
137449,0.38542926
56185,0.9520066
5518,0.5566632
129530,0.34520525
147941,0.18075627
45319,0.063937075
116454,0.57128227
102482,0.12483532
7910,0.047958683
132339,0.038058154
32535,0.25537908
53022,0.034049693
84659,0.82417387
99499,0.05384805
13431,0.045203097
91320,0.16159225
55872,0.63358986
68100,0.10394546
5075,0.08289599
127073,0.03354586
123245,0.45938876
31692,0.39448506
100714,0.10760759
88719,0.2736394
1949,0.35084793
41660,0.109666385
71734,0.83353037
109051,0.10677188
33353,0.08306785
122559,0.028335907
23614,0.193948
139591,0.54696184
36018,0.575031
115378,0.2482562
122126,0.11313675
93233,0.38884798
147845,0.033781808
26244,0.099234514
42192,0.36023134
127788,0.15380487
87821,0.13813925
30665,0.46789652
66545,0.060535047
121771,0.7895207
20175,0.0520366
31407,0.9607095
126197,0.08647409
149747,0.080115974
70064,0.020564277
17686,0.1967331
137015,0.20200953
104052,0.10732257
90102,0.31513652
72573,0.06825722
91781,0.33969855
1368,0.10900695
30642,0.29748902
108269,0.53272444
78166,0.27815703
72628,0.08756918
72664,0.84115523
89323,0.027185721
26343,0.09955439
139396,0.06580943
43977,0.71192336
107623,0.17443871
143037,0.5934245
102048,0.05949535
16590,0.048001435
82776,0.6365643
38148,0.3663289
124909,0.05121926
94362,0.250136
139994,0.12338886
9008,0.08993607
97444,0.62531585
134801,0.06878923
34005,0.060225055
74760,0.038727637
35488,0.051374547
137890,0.84929836
63119,0.18883605
129820,0.19269745
93439,0.08292105
116334,0.04053178
13726,0.083578214
53850,0.18151633
92690,0.18741731
7439,0.0753313
13762,0.2282353
121149,0.9361962
65268,0.1906585
128828,0.0917167
70459,0.5813392
7151,0.84152424
147132,0.08213348
32715,0.15158544
4918,0.057438243
53107,0.15628682
4734,0.10631864
138535,0.0864382
52326,0.0364683
91184,0.062211305
90885,0.07899963
65991,0.026296435
53514,0.21621287
72113,0.35412458
105320,0.07368698
87502,0.028039044
57202,0.054575592
96649,0.1373539
74010,0.7861377
81645,0.04512543
2540,0.24467826
46723,0.3804447
65372,0.12886977
125899,0.03643234
81456,0.502932
90700,0.797553
124410,0.2544262
29644,0.13803434
38796,0.038845386
63294,0.5266971
43080,0.63702667
2419,0.051516373
135113,0.47761098
148315,0.040864505
146980,0.4428067
109024,0.06526901
141599,0.044190202
130613,0.25391883
103041,0.05843377
128490,0.64113003
47162,0.08714774
119525,0.704087
23508,0.10775972
10124,0.5340234
81038,0.29601136
17789,0.0651799
146474,0.09498683
142736,0.92890143
54735,0.14146218
64983,0.0426132
38994,0.03733133
92176,0.055870596
2198,0.45200214
59594,0.2242209
116490,0.076976046
12924,0.37731516
95477,0.9655255
130229,0.051742516
63475,0.29824713
97983,0.17231548
105906,0.20315795
6226,0.6871723
93618,0.09302131
36826,0.03809773
143107,0.3642994
10891,0.03727645
5396,0.25208873
128111,0.4597988
53948,0.050168104
123514,0.082561456
70897,0.59625036
97842,0.41856453
73748,0.16527168
76100,0.50184345
145772,0.23343469
143449,0.064090915
117246,0.096413426
93093,0.50266325
103293,0.29060966
80662,0.37691236
121605,0.060895573
105542,0.058401432
2554,0.09942651
52721,0.34524235
100088,0.2286984
65761,0.19898689
127574,0.26493496
81840,0.051064804
36871,0.5023885
120143,0.75222844
80809,0.48720556
78415,0.33034897
78547,0.04889768
1730,0.82628185
146644,0.14834695
130502,0.062661365
130703,0.44008943
100990,0.1236047
140022,0.38361567
140562,0.56319
68996,0.08664539
37094,0.19818364
55899,0.030962894
81638,0.14842494
100850,0.13487332
71448,0.05428225
134989,0.13592999
109979,0.12472481
8642,0.67287433
102913,0.21440499
29677,0.22443432
84599,0.112997755
115829,0.07416645
36109,0.04720136
35602,0.1372738
46634,0.08344395
123546,0.7958335
99563,0.19702724
95689,0.2031937
146053,0.084636785
57646,0.16315265
122294,0.40367588
122064,0.12168896
62849,0.11183968
139375,0.1519284
141281,0.73826104
30706,0.087025896
72795,0.05499561
11194,0.86273766
114934,0.17900267
138956,0.039033998
86745,0.4661522
7855,0.076051705
21689,0.6102836
53676,0.12220217
35298,0.4091034
1192,0.049069073
34065,0.93389624
122433,0.64706105
80916,0.618166
133249,0.50529397
39919,0.4406049
15644,0.31265426
14813,0.10284985
81188,0.10021444
134373,0.027811471
139094,0.06195902
119886,0.10577677
65528,0.69682306
144028,0.030861082
71322,0.117078565
104162,0.06985016
42215,0.611347
86889,0.06559842
37398,0.09904766
93886,0.33795527
141656,0.29848343
73462,0.035166405
71078,0.03888739
21185,0.109779455
14322,0.063604325
6406,0.0850018
24617,0.67586267
145863,0.023639213
100189,0.03342571
116741,0.074321665
25904,0.06863021
105687,0.8766632
68826,0.4991191
129234,0.14287423
133344,0.7729037
122334,0.39261737
91793,0.033568747
4848,0.1982958
27732,0.09945764
39853,0.04685124
140186,0.76223534
40747,0.92439836
120213,0.46417338
106934,0.09085618
38566,0.047565605
143208,0.13448736
133886,0.019102091
2978,0.19065565
29565,0.28132102
84186,0.06326455
46178,0.040502038
3850,0.108969145
117632,0.18646447
124247,0.5756571
109019,0.4448103
122550,0.04544708
44615,0.30677605
62996,0.4570804
98052,0.7296942
142982,0.28488493
120094,0.18006074
102440,0.4149056
26230,0.45515507
79341,0.31838322
130380,0.680568
65727,0.1563542
96805,0.7634356
55919,0.02703223
30645,0.12230297
104032,0.1371572
30654,0.06336775
32305,0.10722588
112149,0.1840161
113424,0.258172
120282,0.09362223
80444,0.39723754
30500,0.21079883
69198,0.47381347
120555,0.043132167
77863,0.340022
143773,0.044074867
35223,0.31881943
75732,0.05496692
120366,0.3089827
101294,0.5308121
93043,0.8899813
28933,0.07733701
23821,0.53420794
144889,0.04313652
127785,0.39219067
106236,0.07575628
108750,0.71915776
1190,0.08450175
44525,0.47920936
85665,0.4080598
135622,0.14400916
4334,0.099790186
15735,0.546493
117558,0.047164105
57904,0.15328355
141543,0.15538442
18265,0.086017944
2024,0.16607362
107600,0.77159786
86676,0.09665355
111989,0.24897051
145817,0.047821652
122187,0.10125031
89344,0.40075895
67039,0.91487104
38599,0.32258454
94908,0.065337494
84384,0.2034316
20204,0.29823458
5926,0.7040839
52286,0.12873088
31290,0.09957057
128394,0.383697
77576,0.049171682
106612,0.034082573
148144,0.70891404
52878,0.19963257
87223,0.09627483
33394,0.36279905
87859,0.5422466
96838,0.067310214
129595,0.25906208
94631,0.7907612
140713,0.29894245
91537,0.9552944
70260,0.75640255
121345,0.031221036
30244,0.5135225
99030,0.10846841
43261,0.097399786
22472,0.10100483
102247,0.40911937
59478,0.4161475
31037,0.6470111
109480,0.08636147
105531,0.037584376
87979,0.043183696
56431,0.062489346
25199,0.30014727
69472,0.03826428
18496,0.3647102
117087,0.23649916
6716,0.36428368
91110,0.34499466
17838,0.027112793
67466,0.1673887
6752,0.0693017
34868,0.11753179
69027,0.1926816
119330,0.562032
119390,0.05541946
12553,0.60413814
101500,0.08112317
143749,0.09980105
55370,0.4012325
30434,0.3714909
56539,0.52583057
69964,0.060882512
43777,0.100648426
96473,0.6752434
95779,0.046830375
138019,0.07202899
9107,0.3494748
108155,0.029657526
49134,0.12591416
102752,0.10099596
116563,0.11888954
126462,0.050476186
27170,0.03122682
66914,0.6901789
81274,0.10328435
90996,0.6447727
41040,0.46904022
5449,0.40493962
40888,0.7649292
11132,0.836718
59252,0.13347112
92419,0.13887888
87990,0.2189071
81253,0.14679015
4780,0.41507897
34653,0.13162185
29890,0.14558795
10907,0.018394109
133345,0.09762226
13363,0.047495306
82621,0.15574794
123236,0.12481168
86565,0.050777815
112965,0.0735604
109523,0.058941036
111098,0.066195294
41943,0.9519716
26322,0.15173702
93452,0.07971965
29612,0.07581539
20690,0.64859915
102563,0.053948626
147764,0.042416587
142153,0.10010098
50759,0.21515852
68159,0.14402694
149099,0.6693094
131561,0.21329567
104408,0.78325
10375,0.19887853
112682,0.83070487
64129,0.035524428
111543,0.12881622
111792,0.4817949
60195,0.8217824
140644,0.026854075
10966,0.55976635
118320,0.2174874
23525,0.32381538
97693,0.09275659
90335,0.111992925
83773,0.06031737
43215,0.03796003
69079,0.40013188
5686,0.057687648
40183,0.060585514
140157,0.16291171
132473,0.671231
92653,0.08471782
19994,0.1555058
125468,0.23157571
14639,0.32016903
123012,0.16323712
96477,0.06455526
29033,0.089708164
74285,0.57317317
5086,0.06023715
1501,0.16109404
89554,0.038890526
147149,0.10067736
84023,0.23021406
67777,0.92702895
46652,0.042868305
95188,0.37588474
19358,0.5724669
43377,0.58657813
119482,0.028642345
11736,0.42572728
117159,0.799043
101137,0.19269408
34310,0.13178979
18594,0.40440717
19130,0.20415957
125740,0.39019567
40971,0.7369105
46903,0.23869883
104013,0.1343845
145889,0.14042649
13959,0.13256371
55087,0.40291098
115302,0.28030345
34203,0.78551227
125451,0.06043827
62666,0.08655481
61333,0.08850078
61300,0.03859541
71159,0.8372826
81545,0.60730743
24501,0.10794329
72933,0.28531006
32485,0.09112115
109048,0.32203135
46509,0.5308539
95411,0.087856755
144356,0.091132894
28269,0.4170462
130535,0.08080696
18144,0.13272198
144950,0.051469292
116668,0.054116927
135830,0.791874
85801,0.678243
117387,0.03455065
102690,0.11629578
62489,0.7646095
120835,0.5011971
35493,0.11364036
1231,0.15721925
73739,0.092334256
29855,0.073533975
146559,0.060581
49822,0.32026994
117966,0.2500961
11370,0.05911855
86829,0.021550113
126652,0.17661788
63675,0.59192616
37831,0.23922543
102617,0.052154064
99835,0.09368499
38185,0.025852434
29520,0.52862424
143529,0.33817527
57756,0.4581121
28585,0.5102484
66394,0.21163163
81536,0.06562407
129892,0.021519896
38688,0.46738237
138473,0.072433196
78509,0.09478349
67818,0.04917626
76736,0.07401196
51127,0.26922244
54340,0.09907137
76814,0.8511141
32837,0.097958095
47837,0.055301882
22831,0.10868131
107308,0.4207729
96022,0.046001557
138037,0.072193705
42760,0.09388886
14764,0.36979073
29012,0.45926756
40453,0.23697217
53871,0.03314626
85837,0.53838617
31451,0.916793
108830,0.05439338
66735,0.06689962
64371,0.09915069
94048,0.12473345
3142,0.10597811
92701,0.08862219
64358,0.1370268
60381,0.5080293
140318,0.44235343
77922,0.10201312
59090,0.9576932
2195,0.7193567
87564,0.41312993
19902,0.95618683
44689,0.4823438
3282,0.8827312
141253,0.445164
4288,0.19961533
40393,0.18600443
133402,0.047783755
18469,0.55445695
22424,0.19862418
6383,0.12539394
115158,0.08166676
17984,0.06344049
122009,0.040824283
18345,0.081074476
29373,0.19922844
39417,0.8881209
49774,0.4612114
119970,0.09795968
83126,0.14303558
7182,0.20562302
51853,0.88276255
88217,0.07634328
88090,0.33763316
78803,0.0964953
126801,0.24722627
10852,0.12067338
128033,0.4688398
91146,0.07194348
29119,0.28650802
76081,0.71327454
140825,0.086934485
3109,0.079402484
145214,0.071370594
81303,0.11920808
69796,0.052922957
16569,0.09857567
31816,0.80792564
22824,0.15312143
87809,0.085894965
11189,0.25460637
72188,0.07869434
149252,0.16851605
94516,0.06357348
12096,0.20297395
133360,0.11817432
13283,0.1672654
128818,0.13406138
1706,0.23165087
122862,0.06299111
21410,0.3378001
35681,0.31877142
111900,0.024881149
60091,0.043282192
38115,0.17769156
47139,0.062118873
93975,0.28307196
95538,0.15379678
25763,0.5167661
132428,0.046344496
88492,0.61717284
14746,0.10821275
15588,0.032713864
130400,0.2653356
21934,0.31779727
130567,0.051822007
106733,0.08086174
143622,0.7329496
7567,0.13823918
140129,0.6355027
46923,0.059698433
3537,0.22523706
69635,0.019073717
63640,0.02874309
34062,0.1381373
90422,0.073343605
138079,0.57860595
120494,0.18973789
133007,0.112583145
114054,0.067007884
76283,0.3721164
129912,0.093194686
75116,0.08498217
22184,0.33507362
78164,0.0543462
33347,0.7195397
80371,0.02850261
37927,0.2231697
56253,0.0769407
25360,0.33731264
34489,0.03349973
108862,0.13662201
28402,0.19192274
2566,0.33855566
148551,0.34210575
78540,0.32731494
4967,0.673837
75926,0.3445415
40038,0.65035784
126659,0.037529394
125076,0.75517416
118803,0.16887827
4822,0.10408369
148457,0.08194853
78114,0.0648484
139645,0.10590114
141327,0.5729857
132045,0.11593139
28202,0.16283381
40336,0.0483493
14213,0.56527996
142696,0.7391177
98361,0.030950991
55332,0.05435935
54345,0.05879831
112660,0.7476381
74149,0.08724999
118307,0.7104387
12399,0.5878136
33642,0.44940913
53216,0.13516997
33550,0.13692431
143116,0.4091263
116764,0.06942283
127216,0.49546683
88390,0.137863
111704,0.3149373
88763,0.14416133
16287,0.06457699
40952,0.06612926
103284,0.24709868
3349,0.048778392
146005,0.21667586
145032,0.041344
96849,0.3711797
49079,0.15415461
76140,0.23762092
118761,0.07334591
146911,0.25858405
26999,0.24497442
10153,0.24221845
108354,0.81243587
88134,0.06563061
72141,0.92516357
38316,0.09723541
43278,0.44182995
24691,0.066864476
143207,0.18184495
125554,0.13571353
146530,0.05173612
45635,0.06492839
23941,0.26096016
24259,0.09482165
86502,0.09690193
23493,0.40210453
55216,0.12996534
7766,0.11540112
118261,0.14629379
18693,0.050659757
106569,0.35837427
147325,0.5337064
86595,0.14522454
76992,0.10602415
115344,0.19539565
83795,0.042835146
69382,0.42494783
133924,0.07148739
131177,0.07432754
140628,0.049161013
36984,0.054837417
80148,0.0427074
111263,0.09394077
5339,0.122418396
67634,0.8120485
131622,0.16367806
48829,0.354229
84547,0.8952277
33046,0.506407
142621,0.11009617
143410,0.8623586
24141,0.33685848
111245,0.053757813
78060,0.17774142
133916,0.38917056
56956,0.31090644
93284,0.723286
74557,0.2883967
57140,0.53381324
60044,0.235788
19879,0.48777375
37841,0.11186258
93758,0.49027815
125775,0.9448155
147049,0.09633818
148013,0.96828395
146045,0.93312585
21541,0.2106871
3309,0.13166702
35143,0.097833075
80022,0.156752
95573,0.0960742
55237,0.032099847
142394,0.16875939
46242,0.15495801
81544,0.1312155
59176,0.4970101
78766,0.13757417
8859,0.06501097
123018,0.065454036
124893,0.12429424
90351,0.43319267
93726,0.031949047
16207,0.14800186
19511,0.4483594
89441,0.06367756
58156,0.055319883
62616,0.08020367
25554,0.94399154
15848,0.08678262
52892,0.033738628
50440,0.21450523
70267,0.08858846
18170,0.4073627
91,0.050723467
102656,0.11248889
13679,0.053487252
2204,0.3058554
31346,0.20626684
76301,0.3458732
24643,0.1031674
64023,0.09919388
127474,0.08029642
67288,0.28937864
104038,0.10560562
71860,0.24257225
41795,0.30183345
16253,0.06545015
92828,0.051643845
108444,0.5297534
47762,0.03669513
126697,0.089928545
92177,0.0387684
120410,0.2381347
16954,0.4312899
137076,0.0723307
123579,0.11628923
50335,0.59638226
57423,0.09566423
4464,0.15307048
91350,0.307204
113583,0.1387859
118746,0.23480766
121385,0.10785014
25973,0.69340926
72669,0.7882359
53576,0.87945956
60406,0.09316265
73300,0.06685774
27663,0.07266806
28355,0.56954914
88348,0.10799574
68661,0.5512583
58132,0.100464396
75395,0.95484716
100010,0.16898836
120202,0.03694487
108572,0.18264869
22897,0.6816393
10378,0.37853095
5829,0.3177272
120146,0.045184433
72654,0.08160187
18660,0.08442415
115567,0.19398497
60357,0.14049101
140672,0.630801
129759,0.09903766
829,0.26217377
117252,0.06254089
146421,0.9591589
118294,0.13347451
53885,0.2266547
131535,0.19730613
26757,0.15841071
85428,0.16729553
106112,0.63464
124528,0.55847275
99254,0.28317183
41394,0.07583505
59583,0.1391554
23211,0.46543813
97835,0.4421944
41482,0.18008998
142848,0.6511219
29719,0.10277129
64018,0.13310137
46783,0.055642586
126614,0.26205724
128664,0.15010896
145587,0.060156986
132635,0.8790227
112343,0.40202266
25031,0.22362556
108225,0.052089397
20183,0.07606469
62078,0.57393587
81447,0.07972415
38752,0.060098194
35498,0.12225275
75056,0.06305064
87477,0.23177822
115766,0.095610365
43266,0.13277549
98402,0.57046735
23057,0.40121463
48813,0.28214592
132032,0.06536032
123198,0.90770346
139292,0.13917902
57666,0.57587415
29752,0.5115046
166,0.78102547
148659,0.22810684
70102,0.15232034
26455,0.54778075
82566,0.9054782
133708,0.4246667
142026,0.47982204
55406,0.15287913
62648,0.13365263
81288,0.04108131
20411,0.9317349
35752,0.37228543
133705,0.058344267
91947,0.17765997
106888,0.053148754
44330,0.9278636
36418,0.16969189
149590,0.048820343
117686,0.10291003
10940,0.4529142
48148,0.11736027
55210,0.03678673
8938,0.23174517
50521,0.22787608
111376,0.104386345
9436,0.7716475
141956,0.4709551
39783,0.045833346
9853,0.043665595
104500,0.89564097
137200,0.079900846
102651,0.4678128
87532,0.0370445
51618,0.39909804
33102,0.5334916
102743,0.12576176
73803,0.54583937
131271,0.05427951
91271,0.17021526
141512,0.3168403
65993,0.27358654
81887,0.026616465
5111,0.2098359
85572,0.38415155
140888,0.95081496
49221,0.64578074
46137,0.101971194
116617,0.086119585
27012,0.22079398
53424,0.058107145
44933,0.10557552
129583,0.06861064
129465,0.20002642
33707,0.055889476
96872,0.15474217
147421,0.71273
65226,0.44531116
88331,0.12969698
142031,0.052153338
60573,0.30256695
29296,0.09461204
86091,0.21841952
116843,0.08357825
83182,0.3916578
80763,0.88577557
82343,0.7366284
8583,0.32525516
92158,0.16020884
148726,0.1372279
12960,0.054945968
91819,0.28730175
85183,0.030523777
22327,0.3875785
91515,0.07048721
123635,0.4108441
107422,0.04804977
96886,0.49802497
8643,0.1704099
91837,0.2642083
5574,0.73268265
47684,0.08133187
23085,0.5139295
68267,0.4607354
86583,0.7311276
48067,0.07263115
142652,0.07423245
58917,0.049611993
94664,0.5523608
129941,0.37317744
30635,0.85830766
95972,0.16833721
66243,0.85967714
143860,0.08797908
14588,0.6581118
148448,0.55627406
28254,0.71391433
63212,0.102359325
21489,0.105024256
1230,0.15371996
109736,0.1174391
95657,0.28445172
26584,0.55477774
3500,0.34442154
17736,0.8638322
94239,0.8965446
52992,0.086142376
81505,0.09173125
114074,0.06764267
48174,0.37554908
121679,0.6163218
32519,0.052700832
48853,0.27999476
73743,0.101217836
83845,0.10646264
91732,0.19233885
140964,0.049741533
10284,0.91784185
71935,0.33293867
124031,0.19779241
48143,0.18853807
127947,0.5878298
95561,0.074618734
123700,0.111793526
38676,0.72282237
110814,0.053927954
96514,0.7521087
52644,0.36704707
52083,0.7767829
93050,0.4033862
4474,0.060881045
6977,0.5328165
92586,0.037253074
2078,0.5201191
149732,0.06942026
41039,0.09408461
63978,0.30021214
8186,0.9146689
120357,0.9816186
130912,0.22256431
45271,0.0718686
14430,0.036796387
129327,0.041912846
142750,0.17979503
5431,0.063951015
22785,0.07479324
66953,0.6344758
13259,0.33801475
43947,0.13922961
25233,0.031079508
93793,0.3384024
127495,0.060875464
103137,0.17835055
113952,0.10472861
148927,0.2141436
127605,0.33987623
21334,0.043804385
122318,0.16379564
148212,0.079469725
105608,0.099178076
129773,0.31168902
41274,0.11455955
147779,0.065565094
124156,0.30953118
9689,0.08834855
25446,0.40055355
27616,0.09399095
2802,0.2070285
64430,0.03550559
136596,0.053746596
3821,0.14321744
109984,0.18507326
38227,0.13295464
122709,0.11118211
61462,0.12574007
132191,0.049780913
147656,0.06810048
141319,0.05210926
38123,0.24898912
127723,0.21752107
98369,0.11877146
17196,0.13587745
115412,0.72720605
70129,0.073076494
106769,0.441316
83406,0.5713822
25533,0.64276856
12993,0.42455095
41516,0.8658276
2316,0.0720349
33984,0.26950517
67989,0.64689475
98848,0.33417368
1708,0.42620268
30696,0.20711088
143421,0.077985525
13586,0.39848945
44527,0.07003652
141874,0.13191925
117273,0.078197435
111809,0.1380952
99151,0.13775314
35667,0.13648993
138433,0.17314743
51676,0.410472
139180,0.12042452
117237,0.11270022
114687,0.6060779
24602,0.42834818
50823,0.50473595
129831,0.5741878
31531,0.009177298
8698,0.05114317
25817,0.51340115
121710,0.03179212
95019,0.13220333
76131,0.24250153
80159,0.06753166
49254,0.06682334
111194,0.41691628
2034,0.07423573
137556,0.30610996
32006,0.051078334
95237,0.044489767
53406,0.0689644
87068,0.31858057
55603,0.18720824
50348,0.43698752
81865,0.105745204
92642,0.4020444
57942,0.4671954
41562,0.7432198
83310,0.05091064
47477,0.117115915
93861,0.53823435
99511,0.06663946
10896,0.108884856
54616,0.63855034
114737,0.05226748
28761,0.26503006
140759,0.13621743
60741,0.62833315
7242,0.3721581
82044,0.13508038
135047,0.9235652
75075,0.18057136
126049,0.1682765
62470,0.35103583
141179,0.103399165
99931,0.06515902
89339,0.6417003
135229,0.6349226
56527,0.050089467
142489,0.051598392
65219,0.43608043
54329,0.088635094
124509,0.4415871
141521,0.48092294
148405,0.101429164
7124,0.20491888
135164,0.6904428
24231,0.07418739
67146,0.22606021
57394,0.108517975
6360,0.05385709
59814,0.253543
89517,0.34233567
76422,0.21265443
53469,0.099438444
73782,0.41216663
94117,0.07605546
34934,0.037477784
135000,0.9561014
136539,0.066733286
94242,0.32134312
83782,0.2742382
50763,0.041045107
24638,0.29070473
23334,0.084487334
135448,0.15106241
30246,0.06057228
33113,0.21308763
21975,0.07855582
130085,0.093849234
61833,0.26194268
54233,0.0994923
24832,0.54616463
76377,0.12600875
70406,0.081805885
26501,0.75656897
128465,0.11672571
8488,0.04554052
88703,0.03609305
130617,0.8030796
130340,0.11421702
95797,0.19146594
38289,0.41075444
48161,0.20169695
74425,0.734432
20778,0.31698307
2553,0.4015166
105762,0.11754851
35547,0.5204867
82032,0.4069916
105230,0.24935925
77431,0.039562568
64734,0.677925
143424,0.04942788
134696,0.6757894
97831,0.14786296
34244,0.15293957
27700,0.06575842
126705,0.734827
92263,0.042628545
46588,0.37642995
136806,0.21919098
11330,0.18451002
18524,0.37462863
16395,0.7894418
58030,0.9558617
40246,0.10641396
46695,0.3615231
125254,0.03817451
111802,0.42342785
33680,0.053749356
140133,0.056336068
35774,0.28881365
40795,0.3209826
91136,0.17018147
36361,0.6780043
110628,0.49194923
80928,0.10316973
52722,0.11130641
120944,0.47121537
51271,0.49759182
101535,0.07786376
113511,0.19238222
41751,0.33125108
84995,0.027056051
60607,0.30579084
47292,0.079412445
82493,0.05859754
149504,0.331996
42265,0.06255537
19553,0.15553778
121747,0.023119899
33121,0.20031838
103995,0.5937947
16042,0.5535035
57438,0.0925309
35178,0.24008359
71550,0.5515719
134252,0.12405223
117667,0.7928275
3629,0.4704635
111769,0.049832772
88636,0.06482607
53407,0.14091814
23635,0.7269076
141835,0.3284693
68526,0.09283748
9959,0.09987466
4504,0.03622543
110744,0.10105028
62973,0.06946764
129559,0.3881113
136453,0.059324678
140826,0.31714383
148519,0.04171431
83839,0.11485411
37578,0.3838519
13206,0.9065677
65971,0.044720244
15962,0.12572607
60410,0.56360435
149565,0.5488675
73534,0.19668674
26016,0.50452954
84807,0.15045522
19645,0.6233118
114088,0.35179603
120043,0.72891015
54578,0.23664978
37106,0.079098426
108085,0.037465066
71245,0.04418727
23538,0.31199008
46311,0.069508076
120325,0.39596757
33805,0.4805443
147987,0.02671312
127532,0.45240033
35376,0.5250636
31629,0.18265226
142020,0.083127126
62689,0.107204184
99234,0.022744557
105102,0.09821333
128738,0.6211328
11681,0.03780957
42754,0.08422978
96094,0.20600267
19317,0.5232184
122307,0.11005033
87851,0.846685
45668,0.6772127
85944,0.17460859
19526,0.41410133
15808,0.32550982
24011,0.79232514
94714,0.91756743
82179,0.036473986
111595,0.08267047
69239,0.030572483
112406,0.24172579
53960,0.8095659
108458,0.046708997
120851,0.27979755
101178,0.008522304
55289,0.067000285
63521,0.49533242
145371,0.06788689
102708,0.41162014
32307,0.087938145
26618,0.45006
16472,0.0530095
30831,0.3106179
133551,0.08367657
144989,0.26708582
32866,0.07282604
30771,0.6440161
79707,0.86352354
54506,0.04731325
130465,0.14386494
126927,0.07396403
126710,0.8981055
56136,0.035443064
127927,0.046208557
85809,0.038533524
120304,0.082420774
135397,0.04411551
3224,0.024870746
40658,0.37952092
77202,0.097437516
52947,0.36017054
131697,0.34429657
111607,0.10818282
15479,0.057336822
8847,0.084936835
141169,0.0480419
15523,0.0740556
76002,0.35092017
127364,0.15343703
17858,0.08365646
40324,0.11536929
5618,0.03420701
127377,0.2295242
119805,0.25034907
127570,0.79471
147396,0.093420155
100510,0.75983346
119497,0.70668715
44622,0.07796895
129353,0.6064879
79386,0.34828344
71487,0.076198824
48851,0.074365884
112724,0.09181108
1471,0.5603026
57745,0.65675473
22914,0.029135408
133346,0.2745762
60630,0.4254804
83672,0.120642096
117880,0.1279517
137716,0.1133744
916,0.08540346
121900,0.047770858
51032,0.075662784
27848,0.92171
55277,0.08345062
113788,0.111846805
38529,0.30585042
59189,0.121225014
49364,0.11955953
20719,0.36137438
149923,0.5138771
130589,0.20256174
143402,0.12858155
125257,0.5048726
144911,0.28241053
566,0.050531268
103886,0.09464958
140389,0.082653835
121142,0.6970531
37131,0.050376244
32845,0.041768253
33155,0.24997637
93536,0.9379359
56502,0.86356044
80327,0.6785233
113900,0.13660052
81372,0.37994584
139903,0.71360236
140103,0.046590466
58191,0.7317947
31119,0.3338032
78889,0.142952
73823,0.14718449
129558,0.29180145
122727,0.8557038
84835,0.07642298
117613,0.83497334
91276,0.06651875
44978,0.075749464
136434,0.17412515
59270,0.036489464
59555,0.19472641
44634,0.41570687
136680,0.50208324
57123,0.42525804
94724,0.076030165
78537,0.17987938
52072,0.2849026
80446,0.10248053
113606,0.6652489
147795,0.02840615
137658,0.51871604
141807,0.08303898
87503,0.13025735
102201,0.12421579
86925,0.33231586
39304,0.6633662
88856,0.16240878
30033,0.56414455
74914,0.12170681
6858,0.42719474
144209,0.25779238
2880,0.4658979
59490,0.7032907
30902,0.11221584
2713,0.30115938
123408,0.118913904
144857,0.05627571
123439,0.3604311
120105,0.053329796
79063,0.08060436
147675,0.56524616
17818,0.24503696
72508,0.40712488
122565,0.16272528
33393,0.14239876
126693,0.64459234
126608,0.42418787
135824,0.07915737
95342,0.2344629
141503,0.7167714
68572,0.8582346
46226,0.31954524
29325,0.32416153
1786,0.089747824
16591,0.18142915
78208,0.3668323
20232,0.44440395
22007,0.06862512
51863,0.1063209
76323,0.71210253
75872,0.8017522
45693,0.0764572
71324,0.89605856
133909,0.03832324
98659,0.33387738
62685,0.069658585
41252,0.1602538
36601,0.030024782
32,0.36748007
51577,0.80558443
30912,0.11307091
107712,0.8972047
3097,0.09930016
95082,0.4196836
130459,0.09529227
104079,0.89102316
136759,0.26860514
2221,0.07185678
86247,0.056332
148086,0.05582882
62604,0.14114006
9371,0.113556184
45116,0.0992712
81861,0.71899456
6579,0.3063519
49435,0.15245996
73916,0.16583258
45359,0.05079739
72220,0.24474041
117112,0.162602
11889,0.6831789
35162,0.20485418
106534,0.1639562
47066,0.06967939
136078,0.30208606
20567,0.15354998
11711,0.20983581
118684,0.07818854
40362,0.091239855
36031,0.34287968
33421,0.03282153
43033,0.29496446
6290,0.21799123
26507,0.1395934
137212,0.9343081
76241,0.27192083
121504,0.37718523
6883,0.7800276
3485,0.06907796
113437,0.13991459
2739,0.11577408
95892,0.055404745
13721,0.107086346
108842,0.5236683
51303,0.02357744
142081,0.47230786
46600,0.90529865
11656,0.7024218
63324,0.1838256
97743,0.21315172
148032,0.08186036
6982,0.3514488
99566,0.45089358
26685,0.16001059
11691,0.13518657
93964,0.15433176
35772,0.05108141
59988,0.056732703
110612,0.33887273
103748,0.07858123
148397,0.9847692
66559,0.24667373
142883,0.4548993
71557,0.18310194
12448,0.10422533
84324,0.12785491
72158,0.8378928
18716,0.10548851
8392,0.8390514
28577,0.08284994
55662,0.075515985
77156,0.068183735
59446,0.18505362
126128,0.52252907
31656,0.042310435
141983,0.12352127
14401,0.04732991
54702,0.36624575
27403,0.08332048
17889,0.04766844
34009,0.21248667
88834,0.12285871
140193,0.26379606
82128,0.22523148
101590,0.17690852
36958,0.071385086
58378,0.6260202
35714,0.10464666
101150,0.6063758
43139,0.5155822
58979,0.024583114
83609,0.10343325
138144,0.07355975
110713,0.19817385
102230,0.38971522
9508,0.09112875
17200,0.30895185
67500,0.05562347
3024,0.41011205
58173,0.25662383
145111,0.37708616
110833,0.17619143
22138,0.27783135
3935,0.6227231
140304,0.17450333
134113,0.17446584
87603,0.06237471
141936,0.14814165
57850,0.2811124
129407,0.39625937
9637,0.3188046
56629,0.32645917
119420,0.19079289
83675,0.099979855
54387,0.13594694
88871,0.385809
21514,0.6703938
135115,0.65589494
72153,0.5114773
110378,0.114378385
11756,0.0801261
65313,0.32753772
77341,0.06628978
44917,0.07387846
105451,0.07813135
117236,0.048226275
36988,0.06863893
27764,0.13983463
140616,0.023709241
40496,0.12662846
90936,0.03203233
14854,0.020800339
139552,0.097989075
149421,0.95304024
18072,0.20012864
66179,0.086913176
26138,0.2959916
133997,0.6012535
97244,0.05562673
130449,0.055831157
122791,0.154387
136220,0.19580752
38559,0.51056194
109421,0.12766461
61027,0.20172644
69688,0.235255
81975,0.40746343
97637,0.37811702
111220,0.10189229
15098,0.13988425
55783,0.38778827
902,0.04808125
60426,0.50592923
128718,0.34530434
8333,0.14311545
114097,0.6781505
142098,0.044516187
68410,0.08454865
58607,0.07380449
114770,0.77685994
56265,0.25439656
39259,0.060082257
136080,0.41438144
137848,0.3697421
118144,0.51188564
105765,0.1100972
10369,0.16099434
135903,0.7958636
136066,0.11148621
30726,0.5103982
60238,0.057078198
67529,0.4385132
103123,0.060409054
74514,0.52685064
59872,0.062438138
93015,0.57024735
37801,0.08229256
58940,0.1620094
123216,0.08227982
58305,0.21268721
33829,0.12403726
136345,0.274385
120738,0.1374899
56091,0.06383841
102204,0.04803953
52623,0.6182717
142495,0.08981
132978,0.087398425
18272,0.71913356
129185,0.06856633
80359,0.035351712
73629,0.03792368
115051,0.016770119
29599,0.06608304
66541,0.5569862
35697,0.036800344
114056,0.06893541
5330,0.047528613
122260,0.24896288
90061,0.594663
70580,0.10469477
149120,0.11556153
109629,0.06143775
130165,0.107684664
65399,0.04737558
148836,0.6457754
118384,0.06546696
56255,0.14061308
61849,0.11703008
106421,0.07080842
87012,0.7955831
47034,0.71839255
110256,0.07323074
44511,0.22079775
33695,0.33922148
63597,0.22431232
34547,0.63310766
110043,0.2182137
103466,0.0961968
44834,0.47625667
1906,0.09390981
90019,0.37865397
83454,0.24771304
131914,0.07962792
88707,0.55768055
34043,0.07768818
107538,0.023167975
93704,0.18781073
43930,0.1384947
58437,0.042009123
13505,0.7295541
109260,0.1612572
52151,0.67305446
83808,0.1030516
31178,0.06100418
54411,0.09343473
133563,0.05428563
31852,0.24698392
103333,0.7999668
137194,0.65953916
52277,0.08614808
82584,0.05950017
55294,0.083218716
81630,0.12926601
85110,0.1264081
108674,0.26520953
135998,0.6588277
46663,0.106542505
100586,0.22808969
137669,0.056441866
104590,0.23267548
16357,0.07277353
33020,0.87748975
113201,0.3150641
72799,0.058282685
144811,0.38268912
65819,0.04200684
29079,0.1040136
22940,0.5310298
30850,0.15279272
124929,0.06987661
115917,0.26061347
31733,0.090713225
100419,0.7698293
139000,0.37969062
10531,0.2025381
84925,0.13221689
50767,0.15845634
124427,0.07497431
100406,0.23300844
125469,0.466087
124274,0.14875199
87760,0.60460025
143314,0.064185895
1885,0.47192094
78855,0.1031711
121770,0.5486807
9980,0.054825164
108499,0.57886827
126102,0.47626156
130261,0.049723476
32644,0.16459285
14012,0.035128217
38720,0.17825514
11299,0.0894043
8112,0.08511329
117799,0.36602303
107306,0.3303982
132247,0.24244542
25792,0.35779628
49387,0.2627598
53250,0.042209536
39117,0.13127404
36050,0.25073993
35252,0.7380401
33468,0.040477816
88588,0.3086028
29815,0.045811705
54443,0.2791361
23551,0.433663
51714,0.13661279
27396,0.030604342
113054,0.08350472
39703,0.11710934
40594,0.084026955
81243,0.5159818
60556,0.09771082
102057,0.083274
88991,0.096751
13627,0.093512855
37374,0.018856768
11063,0.06590689
59437,0.09537203
132826,0.046890102
4887,0.1899469
107162,0.22617568
70142,0.40609732
91589,0.049988125
69533,0.3759072
66439,0.072455116
65097,0.6482873
84525,0.10125761
57212,0.7320121
109789,0.11098091
85796,0.7522349
148592,0.13086852
96155,0.34770262
21061,0.46002164
5845,0.08611034
55020,0.04261609
30266,0.10026316
149970,0.14349921
71185,0.08493986
98072,0.834467
22546,0.4806725
5193,0.50236636
124492,0.43904495
43141,0.8352643
81200,0.30026597
96878,0.7469337
91567,0.49230412
141392,0.17058498
18278,0.072382614
128657,0.022930663
43092,0.71717316
78843,0.113843374
80428,0.024094736
113293,0.09285075
90974,0.21263908
2744,0.54827076
60797,0.19635844
52587,0.054543972
47803,0.058427226
106138,0.9714263
134086,0.31820363
77201,0.26290902
8896,0.49961275
103346,0.08727798
42634,0.5478879
108778,0.19219816
44556,0.06155654
37592,0.09918142
77686,0.2629139
126325,0.057294387
82767,0.9238238
72922,0.076532096
52371,0.061723966
169,0.11025203
120064,0.3871936
56937,0.7394563
115840,0.30972847
41418,0.062259514
68241,0.61988896
100751,0.18513477
108650,0.4906123
122079,0.09486819
124510,0.055280633
27453,0.4310193
81908,0.09969937
142002,0.37926623
41780,0.09370278
44451,0.16764179
113746,0.54718316
8996,0.16669439
6207,0.4887635
23326,0.08575036
12779,0.6168768
143283,0.10271911
25138,0.6353011
55363,0.18101628
73697,0.38503268
62129,0.15570155
26202,0.92801493
130536,0.058064453
48530,0.08215897
56386,0.071032345
145053,0.08980532
22152,0.08131153
25637,0.9202369
41748,0.056793734
60101,0.5271718
11718,0.16047645
35631,0.04512302
54108,0.4522352
18973,0.48310888
75935,0.18733387
50455,0.46710423
54916,0.09619637
113005,0.26075095
56281,0.07483081
81401,0.1995011
48778,0.32076713
49466,0.105717
34061,0.060172398
119259,0.12948425
4389,0.01754267
52296,0.1525755
122397,0.039016098
115004,0.9571096
141687,0.09566724
120652,0.046114475
126186,0.36247197
59245,0.07757552
147659,0.38108906
42844,0.0861
128574,0.24857217
20506,0.17397605
22469,0.058183502
88107,0.2453882
142975,0.21807285
12985,0.10633845
86820,0.41052476
97473,0.70405346
117767,0.566409
58129,0.037676305
112387,0.35497963
2453,0.1501221
128953,0.7995127
67742,0.053177554
142659,0.9056767
2558,0.1172727
63455,0.07440628
52367,0.09100665
23891,0.24808925
32847,0.2263965
91182,0.048500683
28403,0.10560095
14838,0.18949924
7478,0.3771106
82729,0.23662038
117935,0.90114427
117563,0.037034728
81842,0.037848063
48496,0.084180966
7,0.13013709
69574,0.06639515
56466,0.08216693
12090,0.9493973
34546,0.11045803
1754,0.18634452
66417,0.14972308
5756,0.05336072
80556,0.067343965
86757,0.12113193
67231,0.17738262
24506,0.5879568
28064,0.3521107
126310,0.65823877
28880,0.4974496
33325,0.38624692
115573,0.1518746
149670,0.3575947
145012,0.093878634
99534,0.18452452
136788,0.067949764
126469,0.23600349
69690,0.114032045
14670,0.91212684
121545,0.075393505
19631,0.91835356
44779,0.056938797
117624,0.254822
123474,0.12239154
18838,0.016996946
17728,0.12190921
135633,0.10913811
22924,0.3973594
46793,0.28500468
57187,0.40942302
53426,0.46115315
18757,0.21820377
101373,0.46149737
122298,0.54254127
111785,0.642316
26725,0.16711777
92712,0.19051011
140073,0.053684205
118329,0.1301527
127650,0.42063665
95506,0.065734625
122232,0.08550186
120855,0.33962262
132947,0.36289665
89437,0.40097797
142576,0.12148853
121981,0.22396459
73336,0.443499
77249,0.36367282
78846,0.76823616
69379,0.037757203
145438,0.046126075
22902,0.06744315
14144,0.5864822
131905,0.29401565
94301,0.054279257
134944,0.029111106
94389,0.2791739
18967,0.24406347
80078,0.12609208
31442,0.6922396
18023,0.11502037
79882,0.051783923
143064,0.13267122
30012,0.108480476
14609,0.5858301
22499,0.036464605
16006,0.030316392
52618,0.06304614
108252,0.13048711
83346,0.05060675
24354,0.08130829
134006,0.16876358
47532,0.22205363
50878,0.13292359
64269,0.05198254
64886,0.034236584
115452,0.039032567
70601,0.20351736
145378,0.35505545
1829,0.22273904
88064,0.6199683
41509,0.16385362
36645,0.04810142
111364,0.09782264
90899,0.48384023
40621,0.058335666
5201,0.13466868
24776,0.51905906
115879,0.06363248
93894,0.66601074
24916,0.5649528
128008,0.0693073
31541,0.19280793
131105,0.4653306
123300,0.16451907
91638,0.08306394
111383,0.017105045
84516,0.21842942
109423,0.4852235
33639,0.30883446
52530,0.18558614
15203,0.07063025
87440,0.16658743
76082,0.23119803
129985,0.11235091
81754,0.8206936
13767,0.3517609
89444,0.59505355
37859,0.5258337
120196,0.11395967
86507,0.41670895
145898,0.059749283
76347,0.116932
11461,0.17619622
72115,0.04944371
114736,0.13067794
117436,0.052364837
60148,0.18275586
128520,0.029458748
46835,0.5708238
60820,0.13362199
121322,0.14752643
97701,0.038052578
18040,0.8589056
61059,0.6462847
73592,0.31211832
80389,0.17390421
47887,0.05864448
27069,0.32860154
85198,0.21075496
144306,0.07357013
48818,0.2877855
125273,0.086213686
122034,0.26955852
100270,0.23088108
4441,0.8828101
3655,0.40946397
59605,0.12404897
10430,0.9476308
84199,0.037111446
139582,0.48563397
87015,0.11715149
101253,0.54197884
146663,0.059824824
110942,0.48800176
87185,0.14427783
149085,0.17092739
102932,0.4623787
100718,0.5649803
81107,0.13514851
127183,0.09727402
31349,0.0319544
16419,0.25542063
24645,0.05124486
64389,0.2792801
95121,0.16516766
111979,0.34989235
145951,0.09518076
108610,0.10668882
78923,0.14558823
14648,0.19748916
43061,0.099800676
71787,0.038457252
4184,0.23004805
38047,0.16752638
53113,0.073246315
75578,0.17412353
120015,0.41636702
68888,0.043821786
127734,0.12180383
104163,0.07932646
75738,0.054421876
65019,0.48353305
135730,0.06620257
63974,0.11359325
13633,0.48830038
135599,0.22932616
119887,0.13591297
3102,0.12182089
113339,0.14234482
27977,0.20417805
66543,0.17265083
62051,0.1512415
55924,0.113700025
115886,0.06378723
109689,0.1477818
5392,0.13617952
58705,0.08626789
116298,0.08523985
122715,0.1391056
96609,0.3043374
62203,0.12364887
126015,0.17662175
116409,0.03324682
101531,0.396652
90844,0.40060133
24852,0.080635935
118425,0.29629683
112201,0.12829854
141005,0.8884402
69627,0.37960607
123121,0.12053354
76650,0.43563855
68988,0.17035943
125068,0.8464675
69975,0.051446147
10029,0.56127656
57018,0.07049925
4657,0.6456965
38072,0.03633783
78290,0.5868245
108285,0.37192053
67993,0.15750879
95553,0.6976684
63997,0.054383315
42342,0.057305347
109150,0.13746154
101112,0.09411109
147232,0.8030046
3009,0.07600288
92866,0.14865294
14941,0.15830463
139240,0.05317715
111716,0.03550598
142875,0.14572757
131474,0.4159207
89990,0.17121512
116583,0.0984523
66862,0.043603472
107684,0.06385485
12326,0.24808742
38010,0.071415596
41547,0.18816105
75571,0.03201246
9951,0.13129668
35242,0.03061173
96440,0.2536618
79923,0.027884949
104546,0.07843994
69732,0.62742996
38508,0.9567091
72503,0.2527934
3508,0.056547396
54187,0.34016117
131127,0.06519601
99790,0.67278165
68192,0.07191641
27733,0.22016872
141634,0.095186405
138513,0.10010996
19371,0.023709346
138851,0.0846435
67304,0.20305978
47374,0.07473596
136673,0.18688935
21218,0.04039308
129364,0.072128706
68495,0.192346
63654,0.6032003
59131,0.13584293
80462,0.3490981
135023,0.06882129
6672,0.064550996
86352,0.1378068
8615,0.24714863
70731,0.23026451
109811,0.047049094
136810,0.26559368
13925,0.054136593
148835,0.13597664
87265,0.13242447
149974,0.53843987
19596,0.518017
18130,0.1634774
138830,0.29858837
55056,0.3991939
97191,0.27950376
6255,0.1404866
77408,0.091211304
124807,0.059540663
84506,0.2227658
45410,0.48071647
36619,0.16611974
79188,0.08062473
60973,0.030106364
62525,0.07117689
55763,0.092353866
84954,0.17520249
11338,0.038896482
144074,0.42757946
122902,0.09580923
12955,0.23727246
98945,0.3329559
86418,0.22312208
53004,0.13021718
71692,0.06437681
24402,0.03791801
24897,0.12949136
127772,0.7211326
27308,0.44047952
29965,0.21614766
118211,0.054927822
69631,0.50793135
13279,0.15825689
149158,0.8220452
23786,0.07900137
30837,0.070054896
66143,0.28058442
147096,0.10166221
123650,0.06856111
145176,0.09328118
113836,0.80738676
143658,0.21125683
130063,0.44197282
149429,0.2664282
96509,0.11280254
88540,0.19548072
77749,0.9264982
9096,0.26573718
94311,0.77361697
105565,0.059766352
122351,0.09997045
39586,0.741937
42877,0.13724911
131141,0.10706596
128153,0.49651212
140382,0.10586993
96407,0.08406936
40109,0.15901712
79184,0.06689896
61373,0.04927764
63321,0.5437367
6959,0.06278527
126833,0.08105764
102604,0.11716991
77212,0.568144
11775,0.7949003
134970,0.063137434
1963,0.27919403
21752,0.048261363
43214,0.053185336
132425,0.07662872
88198,0.9053283
122867,0.5551931
99783,0.60519075
31203,0.47823372
67451,0.06280295
104780,0.38548064
18476,0.52191687
98844,0.022303456
139858,0.13774945
148200,0.47073564
93684,0.8605946
66565,0.21182126
109757,0.8705751
64399,0.24271214
141856,0.8312418
131574,0.06513769
55270,0.061407037
79961,0.23559497
102564,0.3722569
92731,0.05187651
17957,0.016399248
7467,0.27883506
77295,0.03578155
116338,0.3834511
130191,0.30669802
140765,0.13876368
5294,0.107558526
104956,0.77967113
99802,0.039643884
47076,0.06862088
81264,0.3414264
73638,0.7838351
43403,0.05885368
79439,0.035346102
149981,0.08430021
147870,0.07890394
146265,0.85488296
96854,0.54655874
125647,0.42501175
129921,0.49135315
85812,0.17256145
3180,0.1861045
20443,0.13047402
78422,0.15231982
19678,0.07534401
23300,0.080070324
123767,0.11955884
110515,0.48995697
148140,0.36173698
53123,0.0849283
47021,0.93801415
113178,0.5880753
86708,0.24127626
146280,0.32437837
78379,0.34298867
57777,0.34811267
61444,0.09806988
33495,0.40426037
59484,0.18992503
20838,0.20119782
65397,0.52917725
25184,0.20929773
139814,0.5479555
54736,0.07202284
31313,0.9362852
3130,0.024451392
141466,0.5060714
40476,0.17239325
21729,0.31562114
68521,0.39002487
69144,0.044346742
17974,0.05394379
8004,0.12628989
102213,0.08632197
61522,0.07397139
99008,0.0850549
12834,0.08206528
11802,0.8724894
111819,0.92114997
28735,0.2968419
70959,0.20496024
95452,0.7947526
6000,0.13418205
59702,0.44782272
12663,0.726291
122172,0.065885745
107620,0.12132356
22925,0.33969253
33904,0.21844833
17803,0.46992543
127136,0.07388997
1627,0.67202854
6698,0.2657035
198,0.15507725
140563,0.6468984
25145,0.41210058
139368,0.22618617
125556,0.16679777
46146,0.8934488
119253,0.4950992
41882,0.7173804
142370,0.5414053
93073,0.15458538
79713,0.33716157
32870,0.11936304
89926,0.100319244
136324,0.15260857
135027,0.055138215
120251,0.3852411
68388,0.5218547
145639,0.16594924
19990,0.35530478
117683,0.14663784
91367,0.828474
121694,0.3239025
133367,0.24178523
130656,0.8863535
114854,0.06391292
66751,0.12847376
132162,0.025560379
97850,0.088790655
91629,0.04080417
63744,0.09476813
68302,0.24092247
131687,0.53867644
75155,0.08822047
104395,0.16747884
81461,0.89194584
90307,0.05452456
146599,0.5146193
1828,0.4278279
24674,0.06282956
74321,0.08806465
67175,0.071520634
15031,0.7184766
67916,0.82375795
63487,0.19303241
50084,0.357047
135441,0.77214384
112865,0.16669463
148068,0.34363794
58099,0.08000607
10527,0.08215402
105152,0.12554133
80171,0.3857713
10946,0.18604876
18490,0.44342098
76438,0.034249805
139599,0.108247355
119891,0.14148475
81581,0.105157964
140643,0.084538005
79307,0.03717701
138817,0.061939046
59821,0.029627563
39760,0.064047106
63109,0.48280025
1557,0.08322954
17841,0.09280033
115155,0.07926413
31483,0.13374332
125959,0.24105744
138041,0.22688738
37027,0.9364773
116705,0.09269857
69470,0.097476006
108670,0.08547167
22321,0.14310524
64905,0.17980553
63271,0.08525614
71635,0.09907801
51035,0.053750597
84888,0.3046937
95352,0.07641912
72981,0.046563342
78398,0.38863286
115811,0.12334607
14555,0.082692854
68791,0.9691853
129580,0.08060261
34762,0.8389348
66867,0.11796804
29593,0.82312477
55106,0.13971294
84897,0.066928424
97749,0.044819895
19071,0.8814311
144276,0.05128243
110022,0.040350813
71201,0.5204054
115644,0.090272434
58797,0.09922426
121738,0.40507713
29492,0.029503716
71191,0.1428914
48206,0.10106925
74100,0.81197226
103650,0.4514171
69195,0.051801417
3746,0.54230344
41959,0.28665623
130060,0.04675261
38284,0.055547774
75804,0.30270368
70162,0.6211733
20738,0.26339158
123441,0.49874148
48385,0.88839775
36,0.07727602
115506,0.594804
90217,0.15099393
143488,0.110825144
101585,0.1918317
13241,0.6604972
14446,0.49427944
64880,0.87614405
110315,0.18992926
40084,0.9299628
63747,0.45613325
58839,0.5065974
17042,0.08968754
39666,0.20929661
128222,0.049485244
59952,0.8474237
40281,0.03759775
7602,0.49570984
148853,0.4629955
63927,0.05378154
128310,0.052933056
125402,0.14197499
7160,0.03719552
40110,0.39853668
112436,0.15955994
68295,0.4143399
64044,0.6286344
62681,0.44349533
45227,0.038491126
7189,0.68556064
18203,0.94220316
69826,0.367307
37842,0.07968357
72321,0.6826885
55323,0.0658424
65916,0.869539
77465,0.08365408
60471,0.121725954
110278,0.13272713
18759,0.09762187
107013,0.8108078
69383,0.043634344
117707,0.037976287
5510,0.87901455
15283,0.11897394
36139,0.11395047
57555,0.17711991
116649,0.882721
67554,0.10615094
10665,0.048334084
52836,0.026428428
144718,0.13984789
91841,0.100308836
75372,0.5069399
81605,0.8862086
11270,0.10400696
91550,0.06118045
122992,0.107137375
81818,0.07908963
46076,0.5542632
96174,0.33735874
112191,0.07452227
145844,0.11387015
112990,0.13912532
138348,0.49610403
99219,0.18228318
108986,0.09587573
15783,0.13659789
73975,0.08211453
76769,0.0923819
47186,0.068525925
81546,0.5215933
24839,0.11565236
135590,0.20627016
10914,0.10557436
136491,0.18514556
17247,0.616554
68376,0.07609639
43675,0.3332137
13386,0.03416115
72582,0.1928724
134648,0.1150444
45457,0.113493785
8525,0.17721015
149581,0.4816942
107659,0.2711737
22433,0.15673018
50001,0.07228744
9878,0.34392238
38319,0.46298406
124935,0.026815103
12357,0.07635805
109265,0.040390704
79858,0.086694
4859,0.8568712
105701,0.21065713
140249,0.37742954
2551,0.579005
135562,0.20820518
73949,0.15216574
88168,0.35527065
69261,0.041909542
19375,0.28457344
109132,0.93319756
142998,0.030457636
11206,0.09921088
91452,0.0803651
135071,0.060030747
54391,0.15761682
106063,0.2794867
80324,0.8861582
3763,0.07743134
93033,0.093275234
68551,0.18481444
94612,0.061258495
59747,0.20430404
18426,0.11878262
95266,0.018971296
55460,0.9193457
38583,0.09419157
69700,0.40098315
148781,0.13043693
93026,0.08492102
15560,0.2067997
37233,0.08268801
82148,0.038946647
141101,0.18401372
39200,0.030997375
9546,0.0338242
114904,0.2031074
2844,0.067669466
43047,0.102488294
25995,0.10506767
90111,0.19825883
121911,0.09096053
87373,0.09005217
143619,0.093379974
66943,0.08063984
11254,0.11543015
106371,0.041687645
28740,0.14660867
128920,0.17475845
51910,0.09264452
101088,0.083676524
94792,0.3241403
47933,0.059834957
125442,0.41100544
66298,0.7516092
146718,0.068917505
19558,0.44311985
16256,0.3455047
67550,0.06207314
114353,0.68672204
9002,0.08529611
28086,0.28515366
19961,0.104742154
102591,0.06433484
15767,0.14134389
27781,0.031925682
20956,0.8848702
114834,0.3777297
71271,0.04248211
57448,0.3631031
74041,0.7540926
112403,0.106925115
84066,0.40132257
139571,0.75943047
87101,0.8992564
137124,0.09054711
84459,0.19806045
417,0.11553329
140896,0.93885005
30901,0.15110952
1090,0.11822618
112868,0.60204244
19066,0.04466282
10767,0.5695663
147065,0.85125893
54149,0.078323156
36801,0.7989179
80801,0.11198562
7428,0.1477891
16671,0.40762082
98707,0.56067234
74894,0.5263179
59601,0.04688402
124225,0.15948403
106958,0.08513015
52719,0.14571418
92211,0.09460166
34366,0.18324001
1745,0.105370246
43362,0.0465796
103228,0.3622489
112234,0.039338186
115198,0.027759882
101740,0.488519
59931,0.037670117
25583,0.42791343
98436,0.078104734
44002,0.5993772
66980,0.17473258
23574,0.56351084
144220,0.04957652
33386,0.083281
116796,0.22992492
140703,0.318721
129459,0.05326646
133175,0.29964855
92740,0.1575911
102241,0.96634656
60643,0.11661045
103895,0.05481523
123718,0.054448653
126017,0.10709834
107388,0.03449776
128237,0.8411446
4229,0.033319663
73652,0.11191577
99864,0.14733365
89527,0.715366
83901,0.103937104
115347,0.45332545
59125,0.055067964
52940,0.0726831
49837,0.9611333
129730,0.28972176
121368,0.05473497
29468,0.15919141
116498,0.07106525
92289,0.11402067
27137,0.43493912
116790,0.081775516
87757,0.07080232
54210,0.7166651
117691,0.06821626
18128,0.5419191
86556,0.068744004
127756,0.044221368
14600,0.18562716
98048,0.37119356
32062,0.9226453
6434,0.3516927
66924,0.6400207
52305,0.13629161
54486,0.0578808
57945,0.14682207
102748,0.07390867
116190,0.25703403
88964,0.651988
102052,0.64080054
10770,0.45009965
136805,0.16799504
25032,0.4841755
37884,0.24312015
52073,0.03749563
73483,0.48366487
31760,0.7664136
122111,0.17516622
45773,0.46186596
118180,0.3376653
50461,0.14651002
58650,0.09866652
90483,0.037365075
4819,0.097308025
140870,0.32378802
111904,0.21622518
96533,0.7619628
21660,0.37184396
55312,0.6121242
98065,0.2376945
111459,0.22058742
70022,0.13329352
14599,0.04383687
34353,0.17728266
30584,0.04450371
99467,0.7233558
106607,0.52137476
46828,0.42290446
23863,0.14280635
144406,0.0380542
82398,0.38627174
67715,0.08594599
17721,0.054280367
44291,0.0811557
137443,0.048847564
146325,0.09486696
5628,0.1295508
24819,0.1755524
609,0.12038268
20592,0.45505008
110317,0.17220402
130226,0.23973563
6545,0.11821089
4980,0.050701838
89480,0.9662771
30879,0.62760615
115666,0.17930348
1854,0.07589155
36093,0.086499974
43824,0.16294006
138048,0.6461375
90579,0.042917095
92004,0.1369068
52324,0.26737082
10868,0.690918
102359,0.13980842
90870,0.036664825
66388,0.07264699
63291,0.18131892
24142,0.19739887
33827,0.14421082
20233,0.08034445
61947,0.15058081
44205,0.10279376
132298,0.03611594
57414,0.041407663
15963,0.0804855
6070,0.16844536
106588,0.1314389
115177,0.05122745
76504,0.116705835
72333,0.93599486
113265,0.29753682
100511,0.33292723
90047,0.05505973
71362,0.07647164
15985,0.5918204
41776,0.05767972
5657,0.21395956
12163,0.046420973
110752,0.66319597
104960,0.10300315
132895,0.039276946
58040,0.4064783
46185,0.09377335
10184,0.13063642
135114,0.08276513
2852,0.031977735
33301,0.10612011
109482,0.10356702
1276,0.5392071
294,0.49473414
141443,0.48808604
103797,0.1842213
54422,0.28161722
82902,0.107122466
12838,0.63579625
38951,0.32959333
123903,0.13332894
132458,0.15902692
110262,0.26785636
138184,0.034327142
19910,0.2635374
43981,0.9420543
91384,0.43547884
18464,0.098619334
25497,0.1120293
133542,0.7333398
21064,0.14041534
34313,0.047916714
106317,0.051795516
89472,0.37017348
22193,0.04988423
67235,0.45350602
64693,0.5529976
18364,0.20378315
59578,0.48352203
51368,0.12903096
145025,0.13301414
88775,0.06361535
97230,0.039646745
57035,0.121152714
10408,0.036763158
116481,0.0883229
9387,0.1420319
33650,0.30323973
79917,0.0600365
149354,0.13429123
26755,0.2888033
65364,0.031286493
20178,0.22017401
89543,0.05862836
57588,0.08215992
3632,0.5183111
106574,0.070403494
6163,0.075629234
59061,0.6016793
79405,0.24718104
93990,0.092847705
127265,0.06466867
126713,0.13330452
49498,0.052361697
111848,0.16750444
65691,0.16889384
44134,0.12170451
8465,0.19558683
48548,0.102277145
68831,0.032060012
53704,0.14449766
52307,0.26515657
149530,0.102665566
15772,0.56642586
125509,0.105312295
76602,0.10640231
67330,0.10586575
137257,0.039218504
115767,0.55647856
97449,0.30688518
504,0.27132395
98620,0.2808077
2461,0.30696273
121827,0.10027217
67946,0.19092484
1664,0.29809427
94807,0.21896704
139960,0.6495702
149522,0.25369236
10120,0.088362455
3212,0.10953036
53760,0.071253546
84940,0.330557
28056,0.1103378
123612,0.57084846
51941,0.6712129
141819,0.03539745
14857,0.253607
51300,0.0513709
89763,0.14068268
35730,0.29405707
125419,0.10295119
134395,0.62255067
30066,0.09984535
59141,0.5974009
124942,0.13685465
45087,0.09010638
128873,0.1243904
64845,0.4235796
138898,0.08501793
53076,0.25544834
87013,0.053750344
84920,0.536921
83918,0.27971926
473,0.14715102
102481,0.08956623
134593,0.15308966
103990,0.43751118
33226,0.5107794
102043,0.070755325
140128,0.15394159
16224,0.119497776
46488,0.112827316
53197,0.4443682
76918,0.34049484
34632,0.7178279
89687,0.27875802
23174,0.03132174
7065,0.0866295
25510,0.06109079
24366,0.06896957
123668,0.14511949
116898,0.07208257
108147,0.078922525
93552,0.7012736
36887,0.37901238
15459,0.40892512
77171,0.06518267
135075,0.08028687
91651,0.24395116
16730,0.32241505
72037,0.26974264
41919,0.32158184
140012,0.6810565
15104,0.07715492
87206,0.06531592
82821,0.91806746
110017,0.11611041
136432,0.060620524
141122,0.09647686
139444,0.06950727
99168,0.032504845
15246,0.12695244
3860,0.9322803
145393,0.019548094
126966,0.20186196
31475,0.8357617
96441,0.70075214
19862,0.08398872
135069,0.1125408
27133,0.8720585
81650,0.14353353
85046,0.27200177
74185,0.12715292
93877,0.51986724
41027,0.24620529
18442,0.50110996
106833,0.46483338
95901,0.051292647
77277,0.05878505
8299,0.09863742
37888,0.19299987
9565,0.13148904
132181,0.08643046
82144,0.2626848
85084,0.096748345
10218,0.5532896
8474,0.3639192
145397,0.51464665
32756,0.16530101
73398,0.0470913
26153,0.05423794
104209,0.79707927
100292,0.070305035
64311,0.48306882
138995,0.348376
57983,0.09768455
97648,0.04572838
136398,0.096864775
33870,0.60392606
79345,0.4825734
16918,0.32540652
10220,0.048803773
36678,0.063695244
104607,0.080411576
39205,0.334263
97984,0.071714014
34936,0.34854418
133713,0.75039023
2671,0.053193614
26633,0.11269271
74946,0.5003608
124658,0.7029173
26752,0.06209358
23875,0.06986116
57753,0.13165699
121848,0.6514588
25043,0.21857814
123788,0.25741056
93273,0.043505527
101842,0.039549563
54289,0.07369487
45873,0.34667653
41759,0.12113306
145468,0.48401314
53281,0.94162476
88615,0.09888865
83448,0.04681371
27092,0.3778657
40513,0.7966515
112777,0.47030577
114288,0.2685743
90615,0.5000228
67671,0.9652816
30425,0.1045026
159,0.14674751
100856,0.08166228
115199,0.32243034
113658,0.74017143
10305,0.17849194
149138,0.057862747
148899,0.07220445
59617,0.38933307
82747,0.8737943
84457,0.13677709
39355,0.04732061
132796,0.46397394
81789,0.102806024
51679,0.21136022
8257,0.05885218
23959,0.04730708
16811,0.17079255
124862,0.08315606
5670,0.08426922
117639,0.16409262
104907,0.043450773
98741,0.08086741
94593,0.059571967
52738,0.04197879
96059,0.059908852
63131,0.033628035
51417,0.7050093
92254,0.2780355
38608,0.59999347
124632,0.8694289
8190,0.23996072
7925,0.07408743
44611,0.15287048
31282,0.919813
10805,0.142634
54341,0.14656806
77925,0.6499411
108328,0.10306725
13016,0.8366875
61690,0.96321225
102698,0.043674197
15481,0.08829912
82754,0.038552113
120006,0.038564105
109450,0.60731196
28605,0.6243207
35079,0.7984507
125640,0.79887664
116299,0.065113075
9989,0.196976
110324,0.8889165
126108,0.07391417
93599,0.3069165
81423,0.23018545
25686,0.17449495
41299,0.63263077
22754,0.08682682
13827,0.39019394
12124,0.88456744
40679,0.2961866
69832,0.34476256
29835,0.07211487
125496,0.269112
9583,0.19204031
64271,0.13963199
40717,0.89164615
30258,0.63203865
44039,0.030008871
61452,0.9532206
14596,0.92533267
74634,0.11369335
128361,0.0727813
89557,0.06956032
66755,0.100790724
54290,0.044078708
31758,0.039570283
24979,0.16101533
109906,0.14498435
144639,0.16757588
81751,0.043819156
38144,0.19815917
123938,0.06606845
58397,0.83512074
74225,0.5940635
116173,0.031272
125370,0.13265046
95098,0.105676144
133376,0.22176376
142211,0.06828672
96559,0.25045267
71480,0.23239686
34132,0.39429036
48001,0.0782494
133802,0.04622766
70848,0.07400595
131030,0.122776814
27669,0.07609006
63512,0.22020632
139686,0.08420274
49049,0.8323145
36922,0.5711004
20011,0.11029116
56588,0.030845007
133457,0.8847707
120195,0.07154401
115022,0.093844265
24266,0.26725122
9547,0.12242826
83740,0.14270383
10142,0.46452716
126869,0.060176294
96399,0.086390555
18727,0.068054296
33256,0.105723985
19187,0.29098323
78192,0.60772616
48348,0.6166391
106377,0.2159793
74007,0.11353586
139261,0.029484598
12649,0.11162227
15600,0.078347564
117467,0.49053514
75181,0.050627466
41783,0.07494917
8848,0.39602956
53918,0.43003634
81215,0.055141892
105529,0.53732747
50222,0.11990531
17248,0.117648244
133177,0.09712154
40688,0.08498429
122489,0.11963673
45244,0.21312162
64425,0.36134258
115526,0.41087154
96888,0.29050902
25042,0.33391267
118994,0.79613733
112525,0.10865379
49474,0.096008584
67677,0.026167093
123515,0.05200346
148496,0.08004135
62271,0.16793092
83529,0.37115344
147447,0.04859016
723,0.2340784
130658,0.22550756
11825,0.67570406
46314,0.91251403
15299,0.14478295
137622,0.17682272
14167,0.13460785
45599,0.14315358
27023,0.7096149
72903,0.84588665
21444,0.036216777
4706,0.7362354
12205,0.87362385
108646,0.068363376
6053,0.31592247
68997,0.16530225
135843,0.45134458
5421,0.18590695
111973,0.10827884
86697,0.6989739
72477,0.037303705
53375,0.09220937
104286,0.087702766
56079,0.1427396
39282,0.53747034
57914,0.046464592
146680,0.114068195
58481,0.58239156
21147,0.069698565
83123,0.045736413
113986,0.39021426
101130,0.1115607
14262,0.18828095
112668,0.44336852
113537,0.096852645
117630,0.35688162
54545,0.8246407
95634,0.7840066
94104,0.13450973
148271,0.047828406
28408,0.42242292
114726,0.084493734
124993,0.1290442
102598,0.4503057
65481,0.07615935
16157,0.13611422
12435,0.29222253
41617,0.13570508
137339,0.5398349
88503,0.07512955
146833,0.07492835
17064,0.07723426
146094,0.14593607
42443,0.7691919
35624,0.047778625
63114,0.44715795
74926,0.47535717
43023,0.8246882
33225,0.2505606
68969,0.5080607
63468,0.29522964
110460,0.50382054
24520,0.8621809
61106,0.09664064
43104,0.66315466
14697,0.39575255
100964,0.96502775
51586,0.09259665
67275,0.49971685
123955,0.440535
61087,0.18427303
50106,0.5621246
50994,0.086400904
124749,0.84630746
77864,0.30199915
99530,0.67246085
125888,0.86335176
3758,0.15381834
36318,0.057867438
54944,0.46563813
115618,0.1305179
12542,0.056456346
49444,0.07921651
16050,0.16518019
81921,0.33658546
17228,0.10849
1274,0.95260966
4869,0.32450828
10251,0.05032555
134145,0.03520091
144242,0.5767347
140586,0.08141453
79344,0.38986942
64340,0.10825866
56141,0.84680015
146110,0.27071735
52920,0.048508823
98481,0.18890418
104022,0.34397596
115149,0.33658546
42387,0.076709956
19494,0.056660745
27698,0.17593159
80497,0.40570074
25588,0.1155572
85552,0.08754009
107466,0.09032259
57001,0.18513508
16721,0.19786237
118929,0.27140933
78267,0.073531486
88646,0.10537489
101932,0.15703721
131767,0.32483733
98241,0.13731122
42019,0.09701034
87740,0.6171261
46453,0.04186861
90821,0.6877287
140846,0.7150118
17835,0.13831152
80794,0.09360801
22081,0.17262948
143171,0.20958465
31027,0.06163723
147956,0.2358139
135593,0.06791307
45595,0.75188917
29451,0.088583186
57908,0.059711963
2808,0.08112122
114792,0.067917064
696,0.21920536
115816,0.95853835
43757,0.09223953
13849,0.0421029
31230,0.858225
94793,0.055189107
122830,0.04180533
27677,0.102252394
84556,0.05870461
145466,0.79100055
49787,0.1806369
141405,0.034894604
37584,0.10084157
47942,0.12517169
137782,0.06916686
63993,0.5709674
121650,0.5714922
22260,0.32418448
111669,0.9553713
23319,0.7845891
5837,0.09966308
30565,0.08713361
94254,0.7484792
91337,0.06406739
80635,0.03870312
71131,0.8667013
51961,0.44613147
102456,0.7572699
2474,0.030846095
108659,0.053310215
114605,0.27029446
146714,0.078414634
138331,0.12294831
140379,0.49959424
48992,0.061025996
137275,0.12795925
107290,0.4551678
27232,0.48638478
99285,0.13422593
9246,0.37091318
7265,0.1527269
74754,0.13254587
34644,0.11156058
28063,0.58230054
61728,0.113573566
47885,0.24560697
96057,0.021084748
47775,0.19847508
6514,0.06815243
129562,0.599653
62629,0.27870214
74462,0.17752121
53605,0.04370191
102634,0.8056962
44389,0.03998753
98672,0.11294678
88250,0.039264444
134641,0.038524188
78212,0.5048335
109586,0.1086708
19319,0.17057414
95659,0.43887356
16719,0.045238644
147069,0.37392828
138445,0.11615698
98751,0.08212157
137777,0.19200069
66501,0.0874381
91572,0.11426895
61770,0.5795728
129797,0.04979252
366,0.528323
72596,0.56067824
76524,0.12491259
97832,0.51315635
30211,0.42839772
22912,0.36194557
78478,0.4453322
95992,0.8993955
147829,0.18030603
85873,0.3241476
79160,0.043669183
20382,0.55860144
142861,0.056447264
119388,0.025745958
89361,0.39335388
15438,0.18251346
104819,0.035528284
7385,0.43141875
114463,0.06025406
38447,0.19160786
18553,0.07446047
116573,0.8391676
123663,0.38599363
52656,0.18465407
82236,0.07944627
86361,0.52834994
142955,0.08970393
73630,0.2933576
54402,0.31627935
80722,0.1528472
54669,0.09425115
63180,0.030650452
123918,0.54121935
41110,0.09266759
133636,0.4148883
125226,0.099090375
18815,0.36856252
26175,0.30982447
53130,0.19858341
134356,0.33604813
10923,0.46209326
128774,0.045606747
53832,0.10273538
9321,0.070768505
16019,0.33654836
122725,0.01280886
98867,0.89984924
49761,0.07602371
67924,0.0409136
38510,0.23063365
31024,0.25353715
47203,0.54673326
13728,0.5574936
134094,0.34145683
88633,0.050841767
13427,0.039788637
124432,0.5963463
139993,0.2990155
81968,0.47481292
34950,0.6884635
147866,0.062115632
3976,0.19244501
92449,0.029649451
97038,0.6788934
53390,0.20039594
63892,0.0766018
43880,0.19675656
121563,0.10722663
90900,0.041539397
4159,0.4095445
97747,0.085349366
8506,0.9414865
45235,0.030780926
140087,0.3716365
84338,0.07494908
8029,0.153914
109776,0.050722707
51402,0.6919328
78169,0.13084888
31330,0.16642894
92006,0.10294699
140824,0.15434921
22440,0.9409494
47926,0.39105323
104872,0.53450423
35389,0.10638608
38927,0.06606128
137515,0.16968472
106546,0.14769176
120212,0.19507289
132081,0.04052432
86469,0.13035093
66008,0.3540343
59556,0.27160734
106414,0.27294412
115814,0.7942842
96369,0.75089645
116447,0.05628691
55859,0.10618647
104952,0.056552574
145211,0.58942425
23162,0.7570403
86773,0.112402834
28218,0.47876492
312,0.115905374
33004,0.08966116
22752,0.09604803
114882,0.0898429
9297,0.41230974
57360,0.56934696
127231,0.5474925
88191,0.6511686
75883,0.031451114
112658,0.121045776
46503,0.05200072
47334,0.51293266
135657,0.42587334
127190,0.38179043
1030,0.7622194
141639,0.10733415
72893,0.30542293
13663,0.14907612
87043,0.18812154
34989,0.05801262
126562,0.36952955
113599,0.097800165
53624,0.20694695
78988,0.04547277
139014,0.24585316
77443,0.1423911
4880,0.028268313
133749,0.088825695
148795,0.118656375
6258,0.33907607
46450,0.05875029
136839,0.38307238
32161,0.35505292
56966,0.093130626
126876,0.8606666
123838,0.6266164
92397,0.9450481
61754,0.86880404
122707,0.6057951
102875,0.0989978
76766,0.7577121
109935,0.6102808
36300,0.5245734
10678,0.23794083
35992,0.6205627
126751,0.069390185
8888,0.5261889
100390,0.26908022
72684,0.04458349
23877,0.42572233
5304,0.033367164
61074,0.61517495
33971,0.060420163
136943,0.48616546
90394,0.123802885
94805,0.35529137
41774,0.27643237
130030,0.07229107
52561,0.84900194
127439,0.060019627
110509,0.7860763
47594,0.03494328
12571,0.13465351
73647,0.11461488
11696,0.046039503
81069,0.5560241
104371,0.30256134
92307,0.05930975
135995,0.22037408
97134,0.12363566
144181,0.45623744
98532,0.08628632
27344,0.310809
128797,0.124434836
132029,0.64914346
29747,0.2788103
128693,0.07275908
37902,0.51017773
27925,0.19672433
114775,0.8563246
146076,0.18221423
20322,0.27732474
113617,0.1257412
139230,0.03861048
59786,0.11369369
35021,0.1046873
69440,0.05882559
905,0.104627386
76794,0.07809653
16926,0.07387643
134964,0.09220171
80495,0.80846643
73318,0.102497995
130440,0.063008144
16835,0.039462514
89345,0.5316874
63066,0.18851675
122688,0.037899442
83631,0.062216233
53086,0.6527803
5320,0.10328228
91929,0.3824603
27551,0.120451935
130183,0.03414137
137455,0.14924471
74847,0.19642672
73528,0.17343059
91386,0.3776644
20423,0.040937528
30357,0.3325476
8139,0.15607533
82209,0.16746205
34143,0.07603021
138518,0.92366123
114080,0.04063392
116600,0.255342
76433,0.5200328
134271,0.6300907
92947,0.047596604
125937,0.32735264
18439,0.10823973
70317,0.020142058
40396,0.041869305
7240,0.670514
7267,0.08212096
108428,0.4921203
137660,0.31350428
146345,0.2880568
55314,0.10741508
58059,0.18299192
69117,0.24017744
136335,0.11900343
50957,0.12062525
81727,0.0221694
54010,0.060354352
134786,0.039531562
127146,0.059924375
125258,0.9368455
147209,0.07888234
88578,0.14926071
77291,0.4106245
56332,0.23211427
4118,0.62883157
24159,0.16959894
140894,0.8132746
89363,0.16169739
126779,0.124475956
73918,0.12434498
24051,0.28557938
59580,0.47789732
143586,0.07423398
30732,0.054363944
58509,0.29741052
36759,0.07297462
99469,0.08440178
137281,0.04101007
109028,0.1014858
119831,0.03324164
117364,0.019102091
80620,0.029572943
120604,0.080416285
147051,0.31468815
52714,0.048672576
132604,0.10113361
76833,0.054963946
63244,0.0835721
115807,0.44341657
20474,0.12990093
9293,0.11483434
32490,0.27807632
30245,0.057667006
87829,0.035678517
68998,0.049500093
54207,0.30558252
12651,0.09259747
6051,0.702085
117523,0.18556625
85871,0.11121587
59207,0.099382855
84665,0.31984636
12738,0.22262669
42333,0.081224
108614,0.05477359
95919,0.09438559
93958,0.03875034
103124,0.22416726
148395,0.18099916
148823,0.2514423
121661,0.14709608
105879,0.26929766
61850,0.96269184
81301,0.6014919
131285,0.14776015
21127,0.13279401
143723,0.35040396
54372,0.060292657
57671,0.51543653
145337,0.32069448
109143,0.22464405
105186,0.108184166
17227,0.20163043
3140,0.20271386
5630,0.3203081
74962,0.5211759
137032,0.038134165
54754,0.04062905
34053,0.11458774
49232,0.060221497
106217,0.18286657
57141,0.44403782
17245,0.05780051
88467,0.072171286
113080,0.30356592
122015,0.07447225
90998,0.054724287
1704,0.46262404
119527,0.4772966
114101,0.28122115
21953,0.25797805
62300,0.6149608
50854,0.03096585
7774,0.09382655
88479,0.055145122
6189,0.07459354
66929,0.0839713
25231,0.3259182
122065,0.66188115
14547,0.10990778
73606,0.1830658
44594,0.5653354
53261,0.12915425
99296,0.07604156
145758,0.28964293
71948,0.5130918
121880,0.2061367
126130,0.11393189
97778,0.1478296
110227,0.13386339
75769,0.7785247
63893,0.31567144
45145,0.19160971
25289,0.95487106
99648,0.07259467
29366,0.27238828
138471,0.44708258
102138,0.021004898
107117,0.041957416
20303,0.052774627
26893,0.026259685
128349,0.091766044
138801,0.0561651
137799,0.40339357
142050,0.075933196
28741,0.12546605
147017,0.18102396
40762,0.058412038
84155,0.36782548
114213,0.117303394
83671,0.061913796
128958,0.23481178
102483,0.08405161
90561,0.363856
1173,0.3142419
92922,0.63523555
81924,0.1969828
34507,0.1555334
24848,0.023062589
87933,0.4112402
98304,0.2962314
56943,0.25272942
110637,0.4141354
62149,0.1676124
29239,0.27302805
53437,0.87623537
103563,0.49819434
21995,0.08034433
96492,0.09712689
62064,0.13068026
72230,0.09536906
36514,0.046028845
141393,0.25687668
120500,0.07108828
46624,0.08335242
13153,0.34883794
37954,0.839779
101856,0.18222955
114003,0.08146986
19975,0.45671776
51121,0.06827671
50672,0.0848683
46143,0.1418762
52091,0.11283555
14664,0.4012619
50640,0.057522945
49925,0.16375332
34658,0.22151476
108840,0.6332825
26808,0.20907398
86633,0.051624566
112040,0.064545654
80750,0.06293125
83509,0.07130792
113056,0.03868696
108441,0.05098037
137911,0.6403503
21058,0.07697857
146293,0.16592044
20878,0.7126532
32227,0.08291614
35294,0.072980516
85001,0.66060615
118252,0.018670253
136507,0.18819909
20633,0.44059837
10707,0.5255686
133199,0.05042946
123642,0.11855947
77941,0.054526
22247,0.29013664
21144,0.36706176
93240,0.06879751
110553,0.09069358
111594,0.1351065
10641,0.057183087
60986,0.596889
105294,0.40455863
73912,0.104367316
27620,0.100833565
98009,0.32706738
142403,0.08106909
76012,0.087156355
138626,0.8586612
40879,0.096846774
63657,0.031535894
92461,0.75569934
26173,0.080649406
104862,0.047511544
2810,0.19466776
13753,0.045028992
42430,0.53939235
68846,0.48181012
84800,0.14588577
25634,0.082099184
72939,0.8996105
118287,0.067299865
53246,0.33995855
146719,0.088404275
22069,0.69244426
118620,0.39057618
76899,0.38056946
90127,0.5390812
86335,0.016239967
12337,0.15819964
17065,0.16520953
8008,0.049734365
50898,0.06725046
67992,0.22694898
136068,0.82547766
102751,0.09599228
37553,0.06841042
132482,0.58926475
98174,0.068345934
103577,0.28878936
100437,0.72902375
125904,0.08744657
39899,0.37592685
103028,0.63603413
41381,0.40602806
28382,0.04467914
51600,0.4415675
993,0.24037129
143420,0.15497348
2120,0.80775887
24260,0.66023666
121463,0.14335269
144787,0.12843718
350,0.22065185
90366,0.1444515
81657,0.29340926
148301,0.103454895
146659,0.10837204
106389,0.12025145
119013,0.8868475
111124,0.6969948
70595,0.24761887
48137,0.62084764
12229,0.072047606
125729,0.06656802
9240,0.030366115
2708,0.73693544
30553,0.30572808
122104,0.05324069
99487,0.33524063
57087,0.18356189
133075,0.7172974
145375,0.6624835
23231,0.123435624
122677,0.07053418
33397,0.054192852
34549,0.09692353
131972,0.04535387
14710,0.13872802
94418,0.059231248
49603,0.20780665
24445,0.056606483
113114,0.031784173
25118,0.018692387
67446,0.21968031
244,0.3290443
9748,0.7847695
134731,0.023709241
36959,0.54284483
143308,0.6330247
57374,0.7149601
76693,0.09398719
28822,0.23493661
105196,0.28010082
20724,0.026519092
118315,0.1784032
139675,0.10824905
108976,0.091171905
133414,0.08001065
44156,0.21566598
84605,0.1685778
105205,0.2633975
924,0.45631835
80980,0.15856737
101185,0.38556668
126893,0.3620233
135519,0.119412124
14258,0.17321967
65007,0.13257779
61470,0.638016
116237,0.0924155
5596,0.0802929
106471,0.8687461
100946,0.13837342
16385,0.23867589
122245,0.43831536
35135,0.62745756
42258,0.03890808
71053,0.34965086
2305,0.032299634
68966,0.08604295
113122,0.22597033
120574,0.15278545
123944,0.18199484
83608,0.10536302
74522,0.24842986
141357,0.04195962
7633,0.1919014
46039,0.42129767
66852,0.23294431
9848,0.14767459
36481,0.106131375
132242,0.321695
47670,0.041365325
43316,0.06399852
69235,0.056322932
51082,0.40250036
21554,0.050892532
41022,0.22110245
100992,0.1359217
60677,0.049887143
110745,0.06817931
79851,0.03528609
11716,0.15748785
125313,0.048052657
112553,0.07526379
99040,0.20550728
102894,0.12652625
145739,0.20319703
149229,0.067462645
99159,0.13835655
108684,0.18601152
39324,0.24695113
76271,0.10107935
64787,0.07007187
138904,0.12649916
42050,0.04119605
100433,0.16722313
35139,0.08331313
37161,0.17417474
63344,0.094460554
49738,0.9309815
139866,0.22634777
2901,0.2573565
26392,0.54602426
144697,0.35743847
47957,0.5186604
66380,0.17860979
10888,0.23851292
107342,0.8360595
135425,0.36741328
86970,0.27177987
19389,0.19556183
103172,0.39889526
8221,0.10178138
4595,0.51057684
133727,0.41595426
116371,0.24349754
24077,0.23939507
73983,0.13780217
51456,0.20608762
145441,0.082428075
105400,0.064564124
30272,0.61589944
80652,0.29806218
31210,0.023013284
17718,0.35279024
107536,0.067039005
83523,0.06306262
45736,0.034627844
10551,0.7659289
140291,0.1289678
15660,0.06031454
14105,0.40081775
54139,0.049488317
51738,0.33915353
46995,0.35991403
117286,0.37544596
7555,0.12465012
71444,0.3681421
76029,0.23045789
58545,0.020396894
3874,0.8559571
10817,0.9685554
96925,0.21864574
87420,0.11464087
132888,0.15817668
32427,0.52308667
128778,0.71360314
148299,0.8457201
112187,0.6764506
46059,0.23456682
17641,0.26944628
11808,0.094084
2560,0.90816474
104666,0.092917
99761,0.72523856
94447,0.054793146
139791,0.06452877
67665,0.075399235
18822,0.20582448
87863,0.3036548
99111,0.24696892
117633,0.07589195
45513,0.5287204
49245,0.032634236
33106,0.222607
52005,0.33898762
100203,0.043602526
104459,0.30946144
68525,0.0972147
112959,0.581609
49653,0.064513505
87614,0.7527816
86670,0.13503432
143630,0.23329586
139118,0.086128145
115652,0.5035209
68281,0.40876803
120289,0.5943824
131213,0.20181064
75528,0.3188157
104051,0.10210272
57487,0.084466755
93283,0.47739798
141971,0.022193793
57557,0.11563168
51316,0.45750833
106566,0.9294699
56106,0.29647726
96217,0.07532188
95023,0.0422546
118858,0.056427557
37684,0.30225
118227,0.043931074
13758,0.5041481
47178,0.39243713
140534,0.12577556
102424,0.7505772
55399,0.6403834
107628,0.026959052
77915,0.1691097
90133,0.099400505
148610,0.34031096
134136,0.070046075
115953,0.81938493
109308,0.40809172
146171,0.021344868
40613,0.5374428
22642,0.50048435
103047,0.64397395
3913,0.047035944
59382,0.0342618
15519,0.10753859
118136,0.60135615
10798,0.07451644
21175,0.067719646
77368,0.3231162
38732,0.45765832
90051,0.3863391
27777,0.06846906
97243,0.024516894
139397,0.16930763
125241,0.25181592
3835,0.24127881
96305,0.05358686
75233,0.28407317
22371,0.33339942
106717,0.16067766
60667,0.13715334
109714,0.03609587
141755,0.08643332
84149,0.040323105
46103,0.14791009
103623,0.079694025
95701,0.03789817
41893,0.064384826
20362,0.08054233
64263,0.09839897
124478,0.65780085
114278,0.065934084
6245,0.24833182
44028,0.08223636
109337,0.513468
107723,0.25480738
19294,0.31257904
77493,0.047889568
49723,0.04498818
7809,0.024572156
40608,0.263079
56620,0.69336104
55034,0.39950287
89948,0.029560737
124883,0.17512985
127719,0.3628134
5104,0.09897571
10945,0.090368226
74604,0.82790923
34897,0.68226665
64316,0.6216636
99926,0.067552954
72848,0.53113896
81079,0.3538661
67151,0.77147907
131816,0.80379367
49952,0.713713
83867,0.80688494
77068,0.57764286
73249,0.62366486
132375,0.092042126
97094,0.2500014
96096,0.120203055
52609,0.31117064
95382,0.16624676
132508,0.1427419
20657,0.072730616
114610,0.17630126
40131,0.5480525
128700,0.39404702
21540,0.36375046
112284,0.68004453
55604,0.07792633
4893,0.079411715
65697,0.75965506
121409,0.4045589
108125,0.1400662
22199,0.11257899
117927,0.92542577
108897,0.044506278
111741,0.22621596
141529,0.3579976
30158,0.05159066
78424,0.15225519
89114,0.5412803
102463,0.08284331
117374,0.55862194
77895,0.52391547
80816,0.19218254
22486,0.1812572
70109,0.038618136
115601,0.40936
11611,0.07754942
9427,0.26315224
49851,0.34376875
47013,0.6929577
32515,0.2999573
17657,0.32410467
105748,0.52437294
26489,0.120461844
40050,0.48998043
9763,0.323252
52332,0.21973637
44364,0.9113196
33721,0.48834234
77874,0.11412335
80076,0.05471235
143411,0.13575046
40558,0.27376464
58530,0.76888835
114250,0.22377923
75134,0.43225175
142483,0.15486121
51758,0.27852958
98112,0.03151482
47457,0.14252716
44209,0.11684178
16198,0.05007331
57233,0.09091928
131359,0.07951973
141205,0.08991795
118576,0.5442556
48883,0.03917762
71760,0.49539202
79356,0.14335589
7512,0.039639138
126735,0.46088213
67580,0.09660698
140139,0.0902032
35413,0.18758741
70789,0.51189804
149320,0.2812829
26700,0.13719323
127981,0.07936016
17340,0.13330506
96548,0.19464162
36452,0.08874702
41399,0.58932054
147734,0.10992341
44510,0.04394786
122123,0.11853127
1454,0.075718604
62649,0.1981565
129340,0.26232928
13275,0.11594611
111992,0.08622337
119107,0.065501556
67699,0.11879984
51622,0.22821544
3041,0.08758662
16105,0.6747521
49691,0.054950833
107037,0.074745424
83217,0.70798177
37113,0.28140667
24139,0.19429201
47092,0.53321
92849,0.04068993
119293,0.044797275
123140,0.12299013
106384,0.07291934
125600,0.048751272
62313,0.70135707
47791,0.31918502
7420,0.22562867
80376,0.48672703
123357,0.18031625
195,0.23510261
462,0.08706724
117619,0.22816737
90030,0.07204607
133386,0.8935876
87378,0.9426001
59456,0.11906954
97829,0.57112336
56631,0.39801377
34642,0.8636413
145373,0.046151478
56796,0.6082938
79812,0.08363588
75094,0.36617687
39302,0.42812482
44247,0.16616555
144142,0.745219
49453,0.084234774
4444,0.7385538
118411,0.077329405
10065,0.040595666
110418,0.32099137
92042,0.4262473
73263,0.035184514
59853,0.8583188
132016,0.32326698
46891,0.040105235
54938,0.24550399
31081,0.056764297
22076,0.22078073
101601,0.07408287
19957,0.35546944
108710,0.16065466
141448,0.44641256
141030,0.60829675
3877,0.17921898
78684,0.20641293
88967,0.2909293
4325,0.056496795
26438,0.050666574
46371,0.14848658
105726,0.3557318
113222,0.37452695
102779,0.66719496
94806,0.2819936
56902,0.44145164
8669,0.82787484
107577,0.14313753
5485,0.14926973
130463,0.080310225
62247,0.3648511
9857,0.15294835
89808,0.037571277
99806,0.22203532
112561,0.5587136
119635,0.36984435
96580,0.42412415
56462,0.26135528
126921,0.24283965
16471,0.108924955
114430,0.7569246
28054,0.091852754
43818,0.90056086
27600,0.05624448
50561,0.21820676
15062,0.4371273
36145,0.15173936
31693,0.1994391
15089,0.46863642
68131,0.058704596
5531,0.05851941
4020,0.11651626
119523,0.085682735
142806,0.05607014
92758,0.0800799
42015,0.24685027
9777,0.04790876
21088,0.118573494
63168,0.09192428
11238,0.15800053
149601,0.25248724
100928,0.083952576
147835,0.58795244
69526,0.034804527
103007,0.08664246
25599,0.8635445
47145,0.8648187
28692,0.8964641
142086,0.18744694
86299,0.12468913
82687,0.053184196
26649,0.28133062
9079,0.07074868
91826,0.19319096
33228,0.7244026
74837,0.1828763
18782,0.07213388
51595,0.08625426
135400,0.15160748
39267,0.07537025
29270,0.036015615
130018,0.110733286
21901,0.08897933
15803,0.18657854
97050,0.07855263
49801,0.786319
114857,0.46314797
111033,0.14522575
4726,0.9431663
146193,0.2486121
117367,0.0841304
99237,0.36354786
67937,0.045687053
76480,0.24166776
86242,0.033837806
148415,0.27095112
22812,0.17268367
7050,0.3598897
40778,0.23074205
97908,0.39262035
14238,0.14014025
1434,0.3235987
126663,0.18545605
16672,0.21536684
121500,0.33435386
107667,0.08775848
102900,0.22685103
4254,0.04075602
15499,0.53169864
148675,0.60685724
104518,0.38030216
83899,0.19757989
66109,0.16204977
117910,0.049142063
125270,0.16980933
135907,0.12005528
89727,0.13384467
69116,0.7863287
125662,0.2133654
15386,0.098077156
79295,0.6557273
33356,0.5447807
7883,0.09374969
24064,0.06830742
48271,0.13987838
63815,0.038904965
130368,0.051065274
102737,0.12876582
22446,0.064153366
42551,0.15130222
130219,0.13094796
77947,0.07539518
52897,0.06705621
8633,0.5654016
44222,0.44125485
79180,0.029133264
133746,0.36776018
104142,0.051525485
98331,0.23683424
86363,0.29462186
17277,0.7928109
67047,0.09941353
77033,0.026720842
128917,0.16233668
81345,0.44686458
99501,0.5853237
118460,0.33985937
18868,0.90472347
47796,0.88574964
63435,0.15075202
125474,0.41965106
107205,0.24961591
20784,0.53679305
33187,0.054574683
96170,0.069313236
54350,0.06698802
115230,0.049165986
133534,0.047036044
147417,0.09493958
111289,0.073054194
127770,0.39237332
36130,0.34625673
20580,0.06409785
42406,0.21584418
53129,0.15976933
39188,0.07300437
45909,0.25535265
106485,0.32270655
113574,0.16709602
114549,0.06602128
26953,0.18870482
128912,0.04168334
146835,0.4496621
74750,0.08541492
10119,0.50675565
103766,0.03401376
6277,0.24340345
129350,0.49115098
15668,0.4730841
15492,0.82191753
82427,0.59998345
106879,0.03350169
122292,0.11132777
72356,0.060927376
43436,0.034307137
26172,0.4248294
66708,0.38253358
47424,0.08198053
119305,0.50414073
81450,0.79878193
48245,0.886209
107092,0.14969821
115960,0.09870635
65267,0.7225726
78392,0.11154087
125073,0.041128162
80288,0.04674358
10407,0.055828054
60233,0.72656095
18640,0.08709971
9679,0.10148469
51634,0.27433202
108303,0.06906679
4702,0.45859522
71700,0.53281426
33669,0.058114864
94376,0.08958404
14598,0.081168026
100893,0.39653292
57036,0.08707751
76545,0.23919329
78894,0.09153378
27868,0.65502745
30465,0.10427282
132237,0.2782895
16453,0.2267069
143303,0.27499795
99056,0.3678491
28924,0.1474023
136703,0.49908033
78199,0.3574598
64520,0.22183672
70937,0.19464824
86525,0.4944194
80610,0.47311142
83416,0.055793155
38346,0.7006355
147121,0.053701613
108752,0.18482701
84380,0.079293765
96819,0.19932382
146553,0.6647345
88184,0.17910175
88599,0.21601535
18075,0.04608017
119883,0.2763043
145913,0.08607185
113000,0.049502414
128136,0.03268979
139704,0.019607527
61935,0.71853024
128663,0.3636993
129244,0.062357437
24741,0.10242917
57981,0.24067312
113664,0.31924596
66329,0.19021039
45350,0.054500375
42042,0.033854265
20817,0.7359001
77318,0.25127205
91021,0.29731247
147148,0.23176408
29205,0.49984723
17944,0.30940482
73296,0.15940806
120294,0.44227412
67766,0.30736354
117766,0.20069031
33007,0.17397398
36564,0.092222266
50843,0.039555617
40311,0.07603257
121560,0.1066083
102738,0.057933573
109249,0.8142421
16218,0.12560712
144045,0.07859035
86750,0.35092783
95948,0.3575441
101683,0.06813019
97179,0.1301012
144774,0.91231084
51044,0.14286447
22678,0.39711222
107298,0.06405963
142664,0.14918223
98171,0.16205987
108209,0.07594999
211,0.07576615
148764,0.5929736
39954,0.080868244
19181,0.093938485
128645,0.043506555
149460,0.07292195
83074,0.30298716
31576,0.10284113
21683,0.05073957
100237,0.12208297
100043,0.038485173
55617,0.056313455
109029,0.12524828
7060,0.38997918
51978,0.1334633
141164,0.6100016
113164,0.16104563
8817,0.11199334
119258,0.06704078
114128,0.3327596
120230,0.5456569
31075,0.56010944
130646,0.059714943
138681,0.54360574
8138,0.05612383
66105,0.6244334
149922,0.025384184
79765,0.1850059
83020,0.19553201
24196,0.19195093
107393,0.44443828
84109,0.80981296
117753,0.0703075
51661,0.05024267
108245,0.529877
70446,0.08059355
102525,0.8986716
53569,0.065918826
80919,0.12752269
78791,0.17230737
89978,0.033949815
928,0.061898768
145234,0.107065834
142688,0.31499198
22986,0.1805566
84111,0.45145857
141015,0.20321666
132085,0.6534687
21780,0.10640793
42085,0.29806152
44654,0.18805997
3479,0.0805296
103425,0.2792061
46205,0.038449794
63632,0.10623632
72687,0.47613806
94490,0.033062715
914,0.40990037
86371,0.12414258
62547,0.53449047
87948,0.24830103
72047,0.020722328
36112,0.56064284
13308,0.7132798
50427,0.62903434
55252,0.21013972
116104,0.34789434
5002,0.57380193
88905,0.11202662
22386,0.77851737
48207,0.24551485
5124,0.7298996
64727,0.22271205
57203,0.93925023
37099,0.48102823
8940,0.12326063
26528,0.5173431
72593,0.6000364
35552,0.10276295
15206,0.3068171
220,0.2454248
109103,0.14581329
37824,0.08549674
112434,0.13071895
43120,0.25095809
60819,0.699134
78101,0.8059578
85580,0.2761797
143869,0.559782
74376,0.25285962
124445,0.18172471
102141,0.1374591
13328,0.24509735
104821,0.072543
15430,0.086122684
105625,0.115845285
6285,0.09804866
61753,0.09305126
21132,0.070083044
81226,0.01823407
129848,0.18030299
147662,0.1625888
80775,0.6866556
96431,0.07038323
84895,0.8966814
35215,0.0416488
83188,0.044453353
85483,0.06315335
132471,0.48502785
107725,0.51349556
51024,0.20658812
70336,0.20668821
72507,0.107661836
5598,0.07232813
123852,0.06624107
92087,0.05019165
88091,0.22325347
31536,0.14326528
8417,0.2943611
115716,0.2337234
94920,0.38244346
146460,0.62600404
92232,0.5381024
147574,0.41202277
115216,0.45858264
139955,0.8642696
120292,0.20710559
104881,0.03570498
33717,0.032074243
23519,0.2868892
34647,0.718886
145544,0.11198567
101244,0.15674695
76890,0.21053505
111959,0.3334599
127010,0.43269536
118364,0.15405105
121113,0.53775454
58859,0.07093687
48047,0.14908205
82431,0.48134792
58434,0.0999125
24804,0.16274269
51503,0.89065987
69010,0.23416105
109648,0.1096207
78805,0.30515596
49679,0.526271
21434,0.18445201
46288,0.21335079
139109,0.5849396
16122,0.4458471
3441,0.06870203
11187,0.8456379
112885,0.41393247
108854,0.050161526
145197,0.30687553
43247,0.10733859
113090,0.22312312
63223,0.35958126
98383,0.47515324
97802,0.4372441
116060,0.57479316
85925,0.35757244
13204,0.07941874
106086,0.31052187
60728,0.080041684
41718,0.07943356
105968,0.19387244
119165,0.0938541
61751,0.06737009
66760,0.27898842
85154,0.07650356
14051,0.105780154
140058,0.060750797
34525,0.05155032
36404,0.48234603
52929,0.041684356
138114,0.11515747
34434,0.11337464
84802,0.043441676
32665,0.10820021
15741,0.43006888
15510,0.36301038
97878,0.032782502
50936,0.049028896
61268,0.15267646
128037,0.066826165
89247,0.06712934
75362,0.1806212
71708,0.4112947
79608,0.05522808
72382,0.33000222
100756,0.08307649
67110,0.07399428
8922,0.13682646
49205,0.07609388
10467,0.14076959
49048,0.18529046
18036,0.32858035
109539,0.048587047
12893,0.11315835
90717,0.11586702
12428,0.12567596
5064,0.45887548
3160,0.07613788
93020,0.039801646
100288,0.12243816
74488,0.07535478
133948,0.050406642
86566,0.14664386
128274,0.050462544
102997,0.12233078
58683,0.26122394
116092,0.16963762
87987,0.06096748
121598,0.05901418
117093,0.08446259
14753,0.3927912
99114,0.48826787
87832,0.34694895
127468,0.0984504
130429,0.12680084
33553,0.4890997
137061,0.9310563
32352,0.08105173
83401,0.11629165
124494,0.612841
27558,0.11270575
111976,0.06856439
98130,0.44955248
75191,0.096726224
119971,0.14545527
95025,0.5083503
14190,0.21885069
44952,0.14059398
80823,0.36988455
49030,0.08883552
147860,0.2026404
106466,0.42233425
17859,0.50507975
5226,0.4908951
28383,0.24742359
134590,0.046329968
129619,0.19394898
108255,0.05420642
106899,0.30111
39254,0.9181056
36118,0.18379015
65444,0.9322028
33443,0.41392708
37966,0.76078254
120758,0.04063392
86206,0.22326446
147967,0.100135885
7174,0.83923924
87689,0.06834156
144492,0.19951753
129526,0.24459372
70353,0.10207621
137857,0.047023468
145821,0.19417427
106808,0.069172494
60774,0.58104414
48812,0.24088569
37018,0.06817613
22863,0.30153146
74264,0.8331617
40681,0.0556899
27539,0.13016255
78634,0.11070652
50729,0.18712783
113626,0.2092928
94208,0.051036783
101005,0.33465555
138609,0.19736703
14907,0.17295885
129151,0.08423152
55702,0.031972334
27699,0.046669155
100330,0.10365066
36029,0.0699748
60241,0.037136547
145,0.11721786
98795,0.079388015
33720,0.648688
123789,0.22737508
147050,0.34271747
32976,0.34469822
8810,0.056547992
137330,0.14735541
128665,0.32965848
92818,0.47817665
16787,0.11616797
60054,0.44779116
91131,0.38892105
44619,0.34717938
975,0.8857925
148466,0.35504022
133677,0.0833747
109631,0.0841632
68780,0.7246363
95022,0.11038555
86244,0.4543881
133892,0.05333602
134321,0.10610431
9578,0.2373842
12790,0.047717538
148587,0.035740968
74042,0.101051055
7584,0.12912862
97056,0.058309358
22305,0.120690756
40406,0.09792414
146480,0.08463094
123828,0.32182896
89742,0.12389293
135682,0.09148202
121657,0.051366687
136091,0.38567218
4246,0.13767359
67655,0.17224503
123279,0.11192162
7599,0.19617179
29616,0.22502732
101644,0.471864
71325,0.2682749
69154,0.8413849
34379,0.18357113
141369,0.8717196
33944,0.054791097
41719,0.31095973
106295,0.2747064
55209,0.049600754
71133,0.17398189
3128,0.09030905
88930,0.1782968
80618,0.81453574
79945,0.06915274
69942,0.7479307
129043,0.47486436
132205,0.19964145
148730,0.4506997
25842,0.13265802
144955,0.26892155
137204,0.110352896
116624,0.04451378
76360,0.32997045
118031,0.084509775
46440,0.047530945
23661,0.1267789
143185,0.06414404
60540,0.028132284
87204,0.14838825
24969,0.027909862
106605,0.43294272
128078,0.0619413
124378,0.32622495
60082,0.09470634
94730,0.073236
31818,0.44911867
127930,0.093446
24359,0.09327846
135514,0.14291517
87521,0.1413225
124526,0.70990264
18848,0.17820497
113869,0.6930933
87406,0.084424615
39151,0.31020677
42948,0.8173136
35743,0.07894324
70967,0.24273537
96029,0.04251635
67476,0.34166995
39471,0.029391896
19397,0.21544722
50161,0.07632059
50070,0.06777777
96733,0.07205716
36412,0.13584219
45094,0.039415848
66754,0.037695657
60811,0.051984478
120660,0.07709651
77160,0.5692518
127768,0.026425702
111353,0.5281692
91260,0.72546315
104462,0.052424185
111724,0.026275422
86915,0.08524647
144338,0.041106045
64421,0.49263236
1007,0.19645464
142377,0.16859132
55977,0.8462063
13619,0.262059
97702,0.05848565
30604,0.32717273
111427,0.15974192
57407,0.080542475
134723,0.19473845
44678,0.058897447
84505,0.14264521
96410,0.50933576
148420,0.17545758
78611,0.51375884
10658,0.22000366
111268,0.018211402
53484,0.9101448
34269,0.8968535
90518,0.14464463
11361,0.043440755
72487,0.07867112
24775,0.038800664
89909,0.06109657
9291,0.25118053
53066,0.7817566
117933,0.34689203
22643,0.18540597
24178,0.539408
9974,0.094608285
112902,0.23402612
47758,0.06853245
57399,0.5605413
148850,0.52240884
58964,0.59643626
149090,0.25293937
144199,0.86338943
141536,0.09995286
132716,0.4622988
55890,0.03295257
54850,0.2798019
26878,0.24468856
50530,0.04948558
106296,0.18550923
114451,0.09167696
75513,0.33628103
137360,0.21049842
7017,0.09984231
9072,0.023818774
67423,0.29711393
85218,0.109759696
99352,0.21518406
92754,0.08763177
52345,0.061069265
133864,0.09115183
94506,0.66415286
59551,0.044233512
126795,0.5914715
49888,0.03818152
77027,0.26704463
58578,0.19744428
76800,0.21735999
137785,0.4357377
28856,0.13509807
148679,0.12381981
77494,0.33103347
58029,0.34150118
99198,0.2170304
2846,0.3249816
70694,0.42736372
48663,0.3670209
76717,0.17609318
63542,0.3456351
79839,0.1146552
92202,0.09760056
125881,0.30001462
141088,0.0694265
67259,0.7711547
97309,0.20458063
46192,0.11263488
129005,0.21758988
86054,0.07675593
27708,0.3020493
61518,0.6955735
25424,0.13595338
134720,0.2214141
120784,0.07813334
70934,0.3898221
37068,0.22427227
140600,0.26995987
83170,0.27277604
13171,0.035778515
96748,0.16884212
44146,0.14737126
131454,0.23803973
114586,0.079349205
60112,0.5610793
132672,0.697642
98785,0.36303106
39451,0.17037615
46882,0.21900801
42012,0.055749875
140842,0.2154412
76608,0.95140165
79689,0.032929406
34880,0.10788591
67221,0.20780918
38587,0.35218936
95535,0.42734286
139187,0.11573375
52655,0.8797903
113405,0.8956267
140770,0.21643566
126446,0.07141107
10716,0.4763876
97564,0.057631772
25590,0.3116208
90256,0.031443264
52234,0.14179026
115267,0.07621187
73939,0.515739
75844,0.23757124
106962,0.42330492
23202,0.30552456
31195,0.16423677
110796,0.098339126
79554,0.9138852
110625,0.037556738
52851,0.2127193
13705,0.27119273
84502,0.09467958
71234,0.07185672
65320,0.38208044
69854,0.059768245
27118,0.36639044
134597,0.89951724
25033,0.6101716
2970,0.07184045
108496,0.33775464
113541,0.088898584
84164,0.25258145
146080,0.07609737
14824,0.077497676
34152,0.3053016
90588,0.109647155
61992,0.075133696
28135,0.1218439
128580,0.27189818
42882,0.36975062
130843,0.071079955
117836,0.39881912
44809,0.18020175
62287,0.0800839
32726,0.11186997
121436,0.17725082
135860,0.2339337
84894,0.035860807
21405,0.048081834
71654,0.7347123
68363,0.075782016
29118,0.052089773
45684,0.10127436
102717,0.07167726
8053,0.17574808
82865,0.19498742
120271,0.12799862
137222,0.41499493
113546,0.23053373
40716,0.6712129
63104,0.89423275
116952,0.11130946
82388,0.04624424
139132,0.034595508
8310,0.6885618
124399,0.03336379
107606,0.10024561
77962,0.46048644
104536,0.8569535
83026,0.4017405
15029,0.062291205
134418,0.07450424
49767,0.1089979
66594,0.027004
148941,0.09574906
9822,0.031484954
137106,0.6801664
139578,0.09025227
131147,0.21294633
135695,0.05232505
97978,0.04350714
123967,0.18739222
72164,0.14319572
75345,0.16162318
2955,0.19170475
43010,0.22808954
34104,0.1852885
106269,0.72659945
133718,0.049275666
57100,0.035539795
120928,0.22828211
35428,0.4970365
111278,0.1472103
98818,0.108454585
137225,0.67796004
60838,0.09903537
38884,0.18433046
58218,0.25656968
127192,0.062444214
27891,0.06954878
22819,0.080029994
78093,0.048821673
35271,0.7297616
47217,0.06297094
48973,0.052205745
50879,0.11470879
125345,0.073073335
57302,0.21368103
139958,0.33110344
138324,0.026092667
47127,0.058944315
2527,0.17490953
82441,0.115002476
30072,0.063306116
113229,0.38498753
149748,0.03751795
94387,0.36676103
126389,0.072591
87160,0.942146
40187,0.89411265
34116,0.015494793
57821,0.62354463
59758,0.093869664
108290,0.08138332
47175,0.6012032
73086,0.14148809
136632,0.33462027
69802,0.31379908
140948,0.6205139
146884,0.056148846
107493,0.70563453
41798,0.14026144
133277,0.07731891
83452,0.19203539
73138,0.041649077
131469,0.5987775
37858,0.887732
118466,0.41272113
144895,0.0360334
106573,0.421467
148039,0.200594
129725,0.06289339
123992,0.062703736
80009,0.29535466
20364,0.09116322
22135,0.4765518
48166,0.24473262
99946,0.38194674
100908,0.0646007
38332,0.2530662
128861,0.8616214
106088,0.8956173
124593,0.1378752
25006,0.094192065
466,0.18272465
39752,0.2933383
640,0.18010676
115928,0.06555705
6283,0.896532
25560,0.058349863
117897,0.082076214
37520,0.24020196
65154,0.1437196
21912,0.14090326
36630,0.7691739
99770,0.8468628
65432,0.08830603
49623,0.027421763
103230,0.07545963
66853,0.17412014
21307,0.10335733
140852,0.17025585
121513,0.18926369
88486,0.051086728
36163,0.75145715
104815,0.07760699
53110,0.096854284
2167,0.3045953
35638,0.19382542
31062,0.1453055
75319,0.06799328
94846,0.8306199
94514,0.092233144
22104,0.7315306
19409,0.3391794
51602,0.13945499
16560,0.14358401
148829,0.9668851
57211,0.33624825
48800,0.090256795
118556,0.28400034
81480,0.06795591
96645,0.067571595
130438,0.94260365
12594,0.036530342
70349,0.15622514
70509,0.07494756
90235,0.050810426
53297,0.033695877
40333,0.09652294
32973,0.39032644
142156,0.095607996
54959,0.10965667
66563,0.8129469
137041,0.09618816
33333,0.039153814
34733,0.04485352
144939,0.12922749
39194,0.04847585
61936,0.06881135
118234,0.031581666
143501,0.10327185
39393,0.5578775
20459,0.121068366
23712,0.10261897
72902,0.33529958
75211,0.0900077
137226,0.41973245
54700,0.3415693
25296,0.17326991
138924,0.091759995
141897,0.5113672
14330,0.433205
79726,0.17416537
11976,0.07046551
3904,0.052607376
40013,0.16025263
60292,0.2594913
138396,0.3654833
3318,0.24382919
55612,0.10624348
26706,0.12322984
81724,0.39716175
123302,0.85398203
12077,0.06659946
139879,0.17923574
71471,0.14312549
61917,0.4444003
14756,0.23062272
68736,0.07581025
88648,0.58583987
86173,0.35031587
22066,0.3330708
1707,0.066742346
147025,0.07542669
120804,0.58522004
8676,0.08249703
54035,0.32014304
143086,0.08952761
74529,0.40978628
95404,0.097691916
44374,0.09979904
115296,0.41676262
20430,0.32992923
75923,0.03493517
75686,0.2633877
96121,0.045473848
109577,0.46331674
47786,0.081392474
67725,0.021869957
124707,0.051261354
126535,0.335875
70264,0.08118371
139617,0.35610792
109360,0.3051131
32222,0.07125011
16110,0.14387721
63292,0.2580628
29023,0.032767154
104730,0.532344
112135,0.0636601
84501,0.11239065
7369,0.59624153
113779,0.27897722
99109,0.30053654
4513,0.08680123
71742,0.92707515
104637,0.14481261
80626,0.2675079
65872,0.58919114
25036,0.62112874
95403,0.099844314
118,0.12058688
26612,0.02792427
25594,0.08468877
28375,0.19608459
123734,0.6801966
133426,0.30574757
55147,0.072384804
65814,0.27644145
42617,0.34463757
95495,0.75060534
84517,0.9568374
120390,0.37940007
107805,0.06591075
42534,0.5249264
90501,0.0632313
107318,0.10294101
89195,0.4425575
51115,0.2195601
14571,0.106396206
91470,0.3478683
82761,0.18061331
51116,0.19002609
4839,0.13142185
71755,0.027541643
125307,0.11761261
145412,0.1481072
52796,0.21964127
58024,0.024295758
111068,0.1610834
61665,0.37344357
143492,0.45436114
77859,0.030043509
134854,0.2841522
70123,0.27136356
27630,0.07248446
4692,0.50102067
59743,0.1852476
127552,0.094308235
61906,0.16986327
95887,0.4768709
110076,0.102794506
38777,0.07450626
20480,0.9280293
104171,0.110650204
72033,0.44167757
17886,0.41786116
121954,0.4446776
4238,0.050825436
99129,0.16976324
125633,0.18054886
149462,0.09257157
66167,0.39602664
67232,0.6218987
81803,0.2624358
31284,0.52445304
37677,0.05289769
13225,0.8630991
80365,0.06251334
28363,0.3859353
105159,0.21408992
8254,0.423743
75242,0.0652463
98558,0.8176942
109677,0.15262008
40640,0.4041688
73923,0.058410488
109414,0.02798356
35534,0.065055236
135879,0.115117975
79427,0.025362028
7595,0.29405618
35729,0.19316567
136047,0.34262782
51949,0.11966403
36510,0.5960491
58194,0.10559262
39012,0.520554
60800,0.05622712
86186,0.06344692
111463,0.40158734
109664,0.7599423
79736,0.1632071
123336,0.18811524
126800,0.06838758
139806,0.4434339
10234,0.31270108
105479,0.27777565
82113,0.047401007
43539,0.03815742
145024,0.0783296
78608,0.22179632
147034,0.46292892
128634,0.064501256
132193,0.062209487
119928,0.15687308
51700,0.35089827
73745,0.28909943
54304,0.15974447
23697,0.35446927
41281,0.15254387
96954,0.060097948
91233,0.08367746
64217,0.13514851
78271,0.6778788
14195,0.069183014
102880,0.048936583
46519,0.07786739
30274,0.59771216
32815,0.45721176
51461,0.44026998
28446,0.0691193
95227,0.13180575
38756,0.08923048
134026,0.12329681
101439,0.19794098
64667,0.61294293
114229,0.92048305
91893,0.3267364
45140,0.15783055
116753,0.49729967
124428,0.060641922
31794,0.30261418
96892,0.5733198
14081,0.049695484
75030,0.06710887
106886,0.07986215
48528,0.1374429
7523,0.25935215
36242,0.05297761
93879,0.06438151
108552,0.47511157
143937,0.55350804
134729,0.6117513
34456,0.93021065
56839,0.35145664
124631,0.3251049
44171,0.5087656
24826,0.12292953
43870,0.04993133
122642,0.096133634
30362,0.25415942
112066,0.0392188
141669,0.14380117
140245,0.06494853
16398,0.32912618
99332,0.501139
36519,0.93087274
105021,0.061802357
83938,0.24282053
62991,0.23984517
109663,0.05700227
40981,0.41976848
31427,0.47956717
27865,0.13835865
147074,0.064686514
149689,0.07230813
116185,0.65815806
57299,0.050082333
76539,0.1457162
65424,0.14312178
137922,0.2333605
77728,0.4509657
70676,0.05377252
19685,0.32876015
117127,0.8664485
48007,0.31133896
24098,0.294823
105852,0.22753131
76565,0.7572068
119507,0.2865621
91879,0.08419345
49319,0.10759543
137976,0.13673958
54858,0.038567476
125549,0.09304093
58376,0.08424969
124271,0.2610393
71680,0.10005756
30856,0.14039479
67419,0.07516038
13714,0.14097483
90677,0.11580919
109604,0.92339134
65675,0.04908205
75837,0.10384255
32625,0.33631954
102492,0.40199047
3220,0.06373572
137307,0.23137523
16035,0.19704556
81994,0.52950567
111698,0.28340295
85417,0.25596008
130624,0.5191647
138402,0.5092194
35684,0.11911073
70299,0.1426718
76359,0.13034934
135705,0.2724475
78652,0.13302922
71007,0.56893224
79586,0.3782507
140460,0.29300195
79223,0.08372782
62725,0.28539798
34141,0.1715651
73209,0.032424428
78974,0.40553418
111024,0.07395113
111978,0.07713184
132706,0.059214685
32988,0.037426755
98056,0.37418005
53849,0.6257657
44334,0.95487237
90472,0.13114935
10894,0.07451926
49108,0.10230046
7645,0.25446677
87734,0.036191452
19677,0.3211851
32998,0.34712616
87004,0.8671783
119029,0.5891802
8990,0.24149464
72217,0.071186334
111154,0.046496894
111149,0.6838286
76371,0.8995979
29361,0.28258383
111350,0.09598038
44112,0.56102854
101334,0.43459466
101572,0.13891561
82443,0.554618
144505,0.42454034
6669,0.8956881
125625,0.51629573
129739,0.059755944
42567,0.551919
78539,0.1509887
94276,0.06574656
34272,0.57960427
7236,0.1921116
7970,0.51057243
34320,0.029095175
94646,0.15365165
100965,0.105744146
128470,0.1295548
41580,0.7619431
74359,0.16629462
36879,0.077216886
147394,0.93300074
119337,0.053461548
52478,0.52549446
37401,0.69385207
133669,0.15949985
91747,0.02959587
95488,0.22334386
67967,0.09493799
18034,0.03587357
74452,0.26481542
103022,0.07455571
65901,0.28993332
108152,0.13900812
67950,0.07472702
55452,0.0916189
16704,0.4305382
112862,0.43650037
33512,0.06391308
23052,0.062161576
91528,0.64729375
130159,0.2666205
34463,0.11012418
93767,0.06424237
32334,0.44990012
132233,0.047097173
115400,0.27652356
122504,0.095272355
93805,0.084282875
137770,0.05326365
126836,0.035028804
114198,0.10328579
23819,0.12483175
38661,0.17629592
58794,0.3298532
120246,0.055759743
51450,0.69935894
63337,0.35003906
47417,0.15107504
147636,0.028749568
51582,0.06390606
112675,0.120475374
117985,0.056676995
136049,0.103359334
60360,0.80335414
62412,0.16770083
6493,0.06663519
70953,0.65306574
139517,0.061681382
46061,0.32872814
72468,0.052462433
120752,0.10305074
39040,0.073380284
84510,0.27711335
72856,0.22807595
51466,0.13610274
104327,0.02845969
63358,0.18900912
54360,0.2266766
81500,0.11211515
113891,0.10860724
92115,0.40553594
96435,0.26505026
40577,0.6353848
70644,0.26682612
140801,0.25620645
60140,0.16651726
21552,0.10065924
30760,0.23652332
62635,0.28444922
13521,0.3825095
2536,0.2563937
148234,0.89300543
75890,0.010827904
102067,0.4948616
18700,0.53111094
62654,0.6094889
141437,0.057484847
37821,0.083129175
118699,0.085188225
20442,0.8969992
124885,0.058125313
60205,0.8041372
31824,0.054107066
39911,0.065978765
65251,0.15830588
42369,0.049930945
63240,0.13904375
121118,0.5049443
98348,0.053463347
145795,0.076905146
54280,0.25010887
104998,0.35191286
87366,0.11787734
77046,0.091121085
146365,0.1474064
144221,0.96488804
70621,0.9507162
5301,0.038172547
38263,0.32174492
37077,0.055993836
9738,0.2587234
79322,0.063252
119693,0.028736856
5508,0.8964739
129822,0.47978884
27858,0.0751385
110816,0.09738619
55586,0.08339424
98177,0.2837916
149414,0.06607242
49347,0.09591392
130960,0.04900416
81580,0.12871352
85439,0.07209788
6387,0.031337947
92433,0.24718161
6506,0.89699507
3899,0.063947424
65679,0.70133823
25525,0.10855087
47777,0.41893262
125821,0.0915265
32248,0.05703506
128045,0.79981816
144973,0.16881968
113566,0.07345473
2231,0.27913377
22261,0.78088015
60224,0.83287907
69577,0.09621884
74421,0.08503417
146324,0.13583574
34563,0.41994786
100351,0.7776057
63025,0.044182707
19620,0.51715684
87038,0.6504145
136323,0.04316712
70751,0.24427307
74078,0.2306638
147898,0.049203206
140138,0.058620173
74441,0.06589741
48282,0.76282126
14695,0.18378253
109241,0.17394896
18321,0.44554844
134679,0.22354954
7899,0.053587552
143708,0.26811138
23628,0.038376875
86270,0.22592884
96185,0.272181
130321,0.07394542
114900,0.14702241
37588,0.157847
68234,0.057280116
28296,0.25377294
5639,0.6990319
44447,0.09415189
8546,0.5623185
120900,0.041714914
146251,0.14822231
53880,0.12125445
61733,0.22691755
58350,0.9137708
55689,0.10171219
89814,0.73621374
107031,0.13395594
103833,0.15526919
8072,0.021930588
116946,0.6123582
60842,0.28383398
75083,0.06559924
28730,0.1069048
143338,0.08080449
58995,0.04298468
121837,0.18292744
48979,0.1336814
57189,0.3557225
125781,0.50997555
86241,0.55054414
14425,0.38183802
140033,0.31180173
106884,0.22782035
23621,0.124844834
65719,0.14460295
41331,0.047391646
20568,0.108160846
120916,0.2598986
33700,0.32095036
35145,0.1933206
70047,0.29264325
114343,0.08642585
126866,0.101618566
128975,0.5551998
139293,0.3542921
111701,0.2050311
90403,0.06025908
99712,0.05569612
106620,0.043975156
73282,0.148544
22300,0.8007189
46877,0.10166709
49233,0.12774429
133525,0.13127837
29220,0.20705664
91125,0.40320548
97115,0.052964117
109609,0.035835024
47706,0.26266557
42200,0.92317045
123024,0.060560975
9887,0.24263555
78264,0.10594458
9036,0.11268842
10012,0.035569333
136027,0.5075896
66651,0.26599303
25614,0.073350586
143801,0.081611626
87147,0.1238636
107838,0.9209743
88057,0.09979475
11828,0.056358352
143548,0.06981395
108571,0.02996232
77232,0.10627672
62014,0.13016105
146750,0.10581566
148239,0.4235193
20255,0.13664325
89083,0.666275
46774,0.0340958
13870,0.031527586
143748,0.1306705
46134,0.07482734
88908,0.4296895
58871,0.12164149
94123,0.13015717
94827,0.45866877
135766,0.33125266
101114,0.8344906
82182,0.46900913
99740,0.04445411
119377,0.054620802
91063,0.08173366
59787,0.04583461
84469,0.04461629
95331,0.24453692
131278,0.8029717
91736,0.34741777
28612,0.044346772
90854,0.64548844
38580,0.098184764
116914,0.048163686
107458,0.8980693
39394,0.03929404
132387,0.08823807
117960,0.047180995
84717,0.0775313
99121,0.37635568
9429,0.06214629
96007,0.54290247
31876,0.44249249
44741,0.08926647
135521,0.2842674
136851,0.089545004
46361,0.21798038
110068,0.09989636
125909,0.23790644
136385,0.15784493
134061,0.06266382
28634,0.52327406
49058,0.14540511
129235,0.17767929
33973,0.3892942
53369,0.27412587
30889,0.16544819
112932,0.3367026
51103,0.2525034
146459,0.06347659
81697,0.61104125
49544,0.04802077
131553,0.12765186
125176,0.11868825
25493,0.51263934
84641,0.5817677
97756,0.5418732
31548,0.12439766
112896,0.2722496
14843,0.45595896
21761,0.71675646
112923,0.41938788
53302,0.8526259
139476,0.04851124
130823,0.10479907
24675,0.60613644
143030,0.20828404
59062,0.795494
22238,0.76148635
137674,0.27879873
66906,0.30184072
126172,0.054712087
66219,0.040454533
138547,0.22056149
141859,0.08496119
64946,0.5227448
62450,0.3249249
142535,0.20396751
90629,0.69691914
71445,0.2870118
144145,0.053222712
109261,0.085406125
66057,0.091093495
48119,0.08373143
22101,0.07999368
92507,0.18320413
102935,0.16434653
28136,0.4328276
126540,0.047692973
18236,0.7105969
101463,0.3627333
113811,0.12782174
88187,0.08457169
101536,0.23878144
4188,0.4570627
33446,0.39290845
135106,0.23658346
139294,0.43510154
57294,0.36476225
146856,0.039916843
7745,0.87272644
74642,0.17214076
77545,0.2788061
109158,0.05323064
136102,0.07680694
46526,0.10194484
100611,0.115585096
131964,0.56831676
1201,0.12523824
58952,0.913844
86796,0.12247863
17740,0.54613453
117444,0.18575574
66873,0.082534425
74125,0.44693705
142016,0.05150489
140579,0.09711416
85315,0.044249117
120541,0.34664088
133891,0.5393114
46268,0.07875592
73784,0.07762139
75005,0.04577548
90402,0.043480903
30120,0.13431898
23437,0.0767582
39437,0.18447976
18861,0.08696013
113286,0.07273785
24830,0.04496695
68951,0.033959713
81099,0.09885276
59734,0.056877103
99895,0.5749753
2912,0.16726214
58809,0.16564937
81322,0.21081203
46961,0.10491758
52267,0.27362674
39512,0.059766963
946,0.17096633
92018,0.23703934
33222,0.37138414
38464,0.22508313
25874,0.08257554
94054,0.79312795
324,0.17746542
9272,0.16805106
56449,0.24682625
83099,0.064190574
74678,0.05966092
133555,0.05655329
123031,0.077420495
17976,0.090652436
85814,0.18490876
10139,0.073836856
23213,0.050364934
100804,0.21642405
97911,0.14061297
2234,0.42912582
134221,0.10622252
119531,0.7713332
118222,0.11749001
19497,0.9211749
107951,0.79865795
59895,0.15567446
31583,0.101716556
70510,0.029446548
139048,0.2948665
34470,0.5959617
59635,0.23597114
24773,0.85291463
139277,0.14411807
65913,0.31540117
32133,0.67577374
19176,0.13121107
144070,0.5147899
51981,0.10005324
108539,0.15012042
125080,0.26333237
115037,0.032585267
117806,0.48404366
45629,0.051421452
43727,0.038419027
53598,0.19995563
112098,0.07343289
25825,0.034159772
37886,0.2761886
25952,0.1404557
9149,0.7444251
61571,0.116216004
115565,0.4096425
132487,0.34326008
59182,0.14510752
4575,0.80762374
112045,0.5718379
143472,0.1357358
20769,0.2070015
109694,0.8003307
24430,0.1767228
37795,0.485113
93194,0.42498022
126254,0.9158728
115558,0.40355355
133740,0.12894881
142624,0.07327586
52515,0.04097856
78704,0.8166809
71213,0.08355678
110948,0.19580941
49744,0.072023064
20350,0.11068783
66682,0.0805655
32271,0.5407298
31429,0.47121865
84366,0.22596015
20833,0.71050787
77472,0.28813976
43421,0.03963057
63636,0.55049306
46975,0.30645886
28706,0.12802084
145762,0.7920926
123219,0.11341208
8101,0.20084481
88157,0.4050866
93165,0.44211483
113213,0.2483549
88741,0.19703309
48826,0.040467307
130055,0.048894178
93885,0.07330314
85731,0.12518941
21520,0.078472406
76862,0.04472098
3587,0.3001926
138634,0.062452056
141256,0.87219197
101134,0.47106346
145275,0.44120213
38049,0.18789515
64373,0.10475492
84131,0.09480188
22311,0.031942245
56366,0.5473703
109501,0.3010758
148779,0.115433425
16953,0.3506481
145839,0.064740226
79792,0.38212645
42182,0.57312
135202,0.037639335
125596,0.26492456
140202,0.28854883
141214,0.054779
97365,0.08754009
94282,0.7022141
45937,0.15740648
53093,0.6884267
118156,0.12454642
149968,0.75753474
56145,0.045166533
86203,0.06658679
54567,0.08554681
51095,0.35825658
80558,0.18063654
57176,0.37882522
138361,0.23130319
89105,0.41104886
53637,0.35055313
90221,0.0914117
129325,0.031108096
101537,0.44516012
67808,0.0716627
145353,0.7279111
39390,0.04967671
1810,0.05846592
124233,0.061535716
28890,0.1739046
9834,0.06657631
109570,0.036614064
93537,0.33146617
131456,0.06460024
59154,0.062132224
8921,0.9589063
8338,0.55717504
145374,0.16758193
25642,0.049738698
126414,0.058913376
138834,0.8538205
50210,0.31579906
52835,0.14731964
120730,0.07170711
33855,0.2860968
38727,0.14129463
95770,0.46522874
123415,0.5801598
42572,0.50869066
119044,0.15448022
111800,0.07094002
14392,0.08252826
28558,0.107992135
112361,0.44968802
9913,0.49542245
73824,0.30205905
88270,0.7387525
134544,0.6548151
77203,0.27259213
114965,0.103877395
116452,0.0427366
32977,0.53486806
108908,0.22192864
31757,0.039260495
87435,0.41907728
141045,0.20926344
117135,0.08034202
33428,0.15020034
61510,0.14196967
77952,0.3146606
138774,0.2565833
67236,0.07777005
32326,0.0751292
62702,0.39879787
120022,0.11913928
30452,0.12726212
38069,0.08595324
129073,0.13455328
59791,0.08334282
73869,0.12922978
30337,0.7986955
138910,0.49128076
94568,0.05847974
45222,0.1498159
31607,0.49227932
8150,0.36424983
127642,0.051103014
48020,0.1017174
116994,0.18517764
29528,0.03419625
26657,0.20111519
79783,0.12775111
49067,0.10313051
145576,0.3840297
114649,0.09173145
35302,0.041011535
141909,0.09161656
27908,0.30363408
12400,0.08540728
144915,0.14476551
109483,0.07498236
68452,0.055613577
19904,0.18210682
35855,0.6095329
36051,0.51138425
26456,0.94895613
99814,0.5450039
2354,0.04364567
127274,0.2980022
57624,0.25587696
75829,0.092075445
45988,0.021659661
75289,0.19899441
61485,0.0926689
68680,0.03931958
114719,0.19656354
141791,0.05178821
41673,0.06884645
145823,0.30074632
76895,0.065963656
49711,0.07570338
100060,0.08066832
88873,0.0753363
27735,0.4408383
72036,0.031474356
105655,0.9433904
132827,0.62668985
12201,0.19392845
73947,0.042320706
16113,0.05496639
9811,0.027459985
90183,0.13210137
120026,0.08742167
34919,0.14547123
63839,0.7280047
22509,0.33600664
74533,0.39918235
20536,0.054488488
47984,0.6444273
148612,0.28058127
93007,0.14829582
140391,0.09100756
141160,0.19884712
16214,0.9446698
6286,0.13647172
22420,0.0700981
64168,0.10819763
48172,0.07338771
43814,0.28903133
54002,0.17337096
81056,0.46046007
59782,0.096168056
97443,0.26845115
2695,0.079876214
102161,0.10705017
55134,0.04274627
107693,0.07990133
67532,0.47574812
138154,0.10480144
12704,0.49325413
130266,0.16613394
56880,0.10644151
13708,0.5725869
51054,0.013201287
46403,0.23926003
146328,0.096392825
138300,0.40107688
117735,0.1410173
24505,0.05851178
40443,0.117087744
74412,0.49043992
68361,0.9269159
123603,0.27307314
148088,0.3990525
36835,0.2119218
44268,0.07019246
41726,0.057217505
108386,0.0630615
31735,0.6103548
120797,0.3195346
103476,0.6633896
114866,0.30001497
78515,0.11848303
105708,0.05248211
65625,0.18064614
121070,0.09339913
59001,0.350252
139566,0.06836392
142163,0.043942995
126685,0.0545406
60089,0.036290098
81044,0.14440048
109182,0.44644633
24560,0.2416645
77514,0.2218808
138185,0.056652296
20333,0.20662996
17240,0.5079328
4785,0.10491378
149854,0.058571182
73646,0.20271878
64752,0.0574993
66389,0.5317226
28788,0.12427759
122964,0.20802718
77007,0.049953934
22668,0.14059024
60584,0.087215975
127460,0.081904225
16330,0.17240243
48292,0.50079304
47900,0.10258126
85969,0.035721697
149211,0.92575675
144778,0.09143955
28498,0.12520325
90226,0.098362215
4498,0.8916472
45420,0.3094044
111471,0.45637843
48339,0.13256171
45280,0.3888899
126374,0.08851882
110630,0.5694151
135624,0.078641154
135057,0.43091914
32152,0.2221101
35517,0.10876652
97472,0.25729883
125224,0.03190081
47445,0.09752201
52904,0.7106262
72248,0.42664194
75338,0.116805024
26634,0.06778808
148627,0.26160014
35656,0.14328755
134806,0.4560564
132534,0.14428383
70546,0.80644655
85077,0.58255017
85743,0.056534745
34375,0.05714765
108609,0.5732442
140165,0.30695397
25302,0.34716636
112261,0.730839
73322,0.05059304
98841,0.07445541
99085,0.03005371
56705,0.30736086
112910,0.03816097
19361,0.09503435
57333,0.08337609
113220,0.08906199
16434,0.2557191
139934,0.08279816
42403,0.09718303
7288,0.33481625
51022,0.38856757
7047,0.5532299
85930,0.041941263
69755,0.030093407
11276,0.13007262
134849,0.08004611
81974,0.08877438
63255,0.6143335
121128,0.30059624
45825,0.26890412
128899,0.23911561
14086,0.07865375
68033,0.4610802
145676,0.7997404
62522,0.29869878
98401,0.15622684
146638,0.0456071
13102,0.6210642
55155,0.92819273
76611,0.040794615
141902,0.14925979
114805,0.05966138
134935,0.21643874
138039,0.08155223
32651,0.15078175
144377,0.25947428
71718,0.07048066
127276,0.42357004
144354,0.08346733
74590,0.44120806
13027,0.22442509
105715,0.15022984
49074,0.2736892
57961,0.15120606
17617,0.0741904
65282,0.031227442
27654,0.6942143
59250,0.7190627
83633,0.15555012
104727,0.3063036
122255,0.19606483
139319,0.04189048
23546,0.21794023
48926,0.6641321
126041,0.8150184
93835,0.40477797
108759,0.7263021
30631,0.5216581
19039,0.13775945
21116,0.48193562
126142,0.08408634
96817,0.040610507
6792,0.11499468
146418,0.18829852
38882,0.29130232
51822,0.11423046
6382,0.33453295
112844,0.07737758
137427,0.060485814
21993,0.22090492
9127,0.743881
4930,0.21716914
47626,0.35606924
63237,0.9620268
135667,0.039812233
4511,0.3243917
5710,0.1209469
25084,0.28016892
56037,0.44288665
73951,0.104248725
136554,0.49726322
114908,0.06258987
68611,0.043303262
55960,0.07783625
59794,0.9155535
77418,0.0150761185
8527,0.707414
130794,0.059600167
130953,0.23394455
23288,0.90125215
730,0.06263624
1153,0.53033155
100031,0.1659515
29053,0.38459936
65645,0.12430661
64719,0.43638963
26815,0.22323602
120653,0.15354188
44413,0.291293
128578,0.22220503
30544,0.5706141
88442,0.07942898
137925,0.07338568
18369,0.3865298
134968,0.04955494
1031,0.3000067
121259,0.15494779
109833,0.1293906
111751,0.087526225
71481,0.2114621
54787,0.17613596
14647,0.06782706
144461,0.75946623
104966,0.66429025
99203,0.18033628
1411,0.1414435
35644,0.1269543
29720,0.0485845
111153,0.22572361
79613,0.6256479
34671,0.071712315
77918,0.049645204
126671,0.07291349
49948,0.78967404
104221,0.035397727
96774,0.14263932
92886,0.06878851
142947,0.34560025
85384,0.22927788
55816,0.31048727
15592,0.06299949
107558,0.30633613
84638,0.23117262
56600,0.049180645
107140,0.1341698
92780,0.0335069
79466,0.60654044
23201,0.13437517
61418,0.37273988
45253,0.26757434
13776,0.13805833
141346,0.07706075
94130,0.19471355
117956,0.16191001
130514,0.3443074
50315,0.31668046
45919,0.12619412
16243,0.64222157
69984,0.39377272
14473,0.23201348
118283,0.91804314
137238,0.6535461
93850,0.26161662
67791,0.115250155
128448,0.24433307
83424,0.21844037
10875,0.5225337
58685,0.12166829
70841,0.69397205
125562,0.05298213
128317,0.8546776
42662,0.6676037
45924,0.3088708
147186,0.23130773
69948,0.035042927
84851,0.277081
25131,0.30912372
81610,0.34161973
75440,0.48762846
70693,0.39195433
114230,0.34110525
36793,0.07894577
29329,0.59755903
7492,0.46791264
89512,0.09574625
44119,0.092387564
7192,0.23669973
21152,0.08371891
59700,0.18024568
2683,0.05943346
147897,0.1489178
28834,0.19443494
50377,0.12524004
95224,0.5571834
8152,0.015216734
137013,0.12028971
101485,0.91081053
47778,0.7517819
28374,0.085057676
30663,0.10265202
100350,0.2725553
29456,0.05484446
148876,0.072208285
44377,0.14719507
60575,0.8265925
99778,0.10674916
4179,0.85504735
50225,0.45027158
52891,0.33308014
115596,0.19187115
10026,0.15214911
37806,0.27714202
136714,0.042667978
149436,0.88361055
128039,0.15384093
138369,0.055173825
9200,0.21206312
117644,0.11154221
52821,0.20756076
38534,0.06369017
125219,0.23605685
93034,0.2847177
30013,0.14195254
11231,0.049875744
129549,0.17059918
141872,0.14858659
41303,0.2673802
48791,0.021142883
138210,0.79855824
115799,0.09449717
111062,0.21721579
121191,0.41299862
140421,0.21428137
50634,0.101143315
42798,0.051841155
142455,0.11053243
132445,0.043139476
9903,0.07490484
106635,0.14291589
105692,0.14264362
32657,0.30913332
27687,0.04714308
79515,0.11398832
60832,0.24702159
8426,0.06450704
11643,0.19485664
32620,0.022342455
122267,0.32684124
81847,0.077711746
7622,0.0800159
126958,0.48994094
106963,0.11097506
63401,0.5771441
11824,0.89058965
30346,0.63536716
92075,0.1366924
55600,0.15369833
35635,0.103459366
27221,0.117515445
47236,0.4060024
67678,0.31209296
2727,0.14951348
125142,0.539295
24076,0.037639756
148549,0.23601446
87660,0.08735646
124216,0.5724972
19833,0.10826326
37409,0.1654534
13221,0.030483725
40567,0.23958482
131782,0.03979954
26411,0.4901627
127955,0.16528752
3918,0.54483306
129614,0.043571834
14564,0.09595583
51631,0.099778645
69276,0.088704295
4418,0.5624246
23015,0.073145226
46224,0.9049011
18688,0.1062376
78408,0.123011805
18947,0.09124669
103399,0.9701792
130136,0.04571786
80086,0.14554076
85095,0.15265165
41934,0.44676024
6616,0.19247219
119601,0.025239218
126647,0.117828354
62790,0.57366353
39999,0.5591066
25830,0.064012714
107307,0.087820865
31837,0.480902
80244,0.6270165
16055,0.33694223
127116,0.05320233
118668,0.03212754
735,0.56794137
3861,0.61724395
107741,0.6202052
76032,0.07329872
23602,0.64901817
21521,0.21645683
138948,0.05803975
84737,0.0469455
114950,0.21426038
128243,0.067450404
78020,0.52925617
30185,0.095974006
48819,0.10329272
50946,0.12247087
83714,0.08164281
26897,0.9215667
131949,0.47603324
74263,0.047788236
37970,0.04478587
78031,0.29313403
73271,0.12532331
1822,0.173294
32175,0.326144
2437,0.08067423
64058,0.22952588
85875,0.43529254
76387,0.067048185
93179,0.056750283
109594,0.07843624
71416,0.06967222
25248,0.023307752
2552,0.9081058
106561,0.7505675
923,0.021245757
75477,0.74682885
10594,0.08273705
34027,0.88359594
149221,0.06276832
104205,0.10805776
12300,0.28292954
146017,0.37129748
78142,0.54243845
25586,0.35653168
44446,0.224202
4680,0.09541061
47298,0.8061424
145996,0.039816365
87749,0.14568268
48776,0.0796282
4617,0.056450855
84994,0.87911725
147128,0.076293096
34279,0.09032052
101062,0.047323857
124347,0.045440238
121089,0.6339779
127247,0.02387319
80760,0.24582762
141418,0.08995151
94651,0.14016367
16626,0.053928647
135752,0.33660507
125046,0.09081146
4747,0.59677637
72183,0.1400567
76003,0.11628358
63193,0.03524124
100525,0.082684375
122507,0.24549277
109978,0.08003415
132144,0.023750085
8977,0.12185626
123772,0.7053647
69007,0.7219504
112852,0.26750228
111436,0.59886736
79695,0.03242228
64204,0.26919174
6041,0.12635417
71098,0.03729486
1946,0.042369872
20046,0.109121844
103177,0.16777183
23049,0.74447834
79524,0.17199649
123172,0.5425285
146555,0.06702915
34006,0.68442726
4659,0.8040322
40789,0.045101807
55912,0.33124676
44721,0.081296355
133828,0.06350391
136849,0.7810598
95774,0.096116245
114439,0.1820196
1524,0.101930045
101231,0.12654673
87929,0.09308
123766,0.20841573
16002,0.53987575
5833,0.7052447
102637,0.121117085
28124,0.16163965
61811,0.6093453
94243,0.053948484
35978,0.30753264
101322,0.12757258
139779,0.6786997
113186,0.28835654
116561,0.16051672
131061,0.06520807
98226,0.124457784
104538,0.044302072
54815,0.09471715
125005,0.05900342
63188,0.25731552
23862,0.3749539
109607,0.18017338
11106,0.38876104
60299,0.09018172
49770,0.19964649
108475,0.27564746
78094,0.16673753
133510,0.07549645
113072,0.15514277
113778,0.07180004
76714,0.11858189
95641,0.1856877
55259,0.1935357
117060,0.43916306
102412,0.121218905
72604,0.03202548
61378,0.12389908
119373,0.4524883
33182,0.3827556
13954,0.09558213
15818,0.107690945
131443,0.13792516
82326,0.061203867
108373,0.23681702
51744,0.11639886
19117,0.25652164
41377,0.093522936
88263,0.07812623
91413,0.7749169
60298,0.13980211
24336,0.88753134
83649,0.34387618
79233,0.12142095
11320,0.10638273
88826,0.16120122
1463,0.09028783
80932,0.09045917
116001,0.122869596
133568,0.13886525
81911,0.18514575
79004,0.060961466
1556,0.15731752
91996,0.05253092
124686,0.32065257
125190,0.12732032
29932,0.21819502
142243,0.1360374
119464,0.02387847
37575,0.77702504
54956,0.12516059
26789,0.624361
62913,0.0338205
14454,0.25373557
55167,0.20990849
98445,0.90119725
143522,0.80110496
77729,0.049581856
99447,0.37806708
54712,0.1598249
16318,0.3947162
95037,0.5397286
81420,0.3916112
74738,0.5032165
121289,0.051981468
107550,0.7668278
89916,0.23406477
105955,0.1213191
29096,0.19830248
56549,0.14666332
34142,0.4765136
80847,0.62495625
145880,0.1834525
37655,0.72711134
29657,0.091060095
53790,0.2937109
48321,0.20002495
106750,0.17993213
124254,0.47409078
2432,0.19633782
132226,0.06049892
100305,0.20899834
29691,0.110732794
141287,0.1378855
89988,0.08230421
12806,0.85647464
55454,0.18805277
58582,0.13215867
122242,0.29255575
12112,0.795593
55364,0.057061944
34036,0.8532815
148952,0.07650132
123673,0.06939851
108084,0.23373158
5761,0.49819764
128905,0.07513846
907,0.11777668
91138,0.44536847
132278,0.48303434
14955,0.38300955
81684,0.75959593
82107,0.6403854
43131,0.127906
13635,0.039490316
44490,0.558596
68202,0.06102094
26930,0.08945773
102194,0.11858342
97953,0.2914642
26529,0.0651819
96046,0.10264767
142813,0.06289796
77578,0.38946787
102282,0.07883771
55931,0.3733535
97671,0.23598872
129492,0.093014255
106042,0.4489449
103212,0.047230225
81735,0.8328755
56740,0.028664244
90073,0.2959483
49507,0.5374659
48909,0.27106044
133123,0.3037865
149176,0.17411573
137708,0.95258844
21154,0.119954854
30232,0.50395894
29422,0.10183122
147950,0.25871694
54359,0.9040395
112954,0.24463595
120334,0.23671356
65510,0.1523871
2379,0.19511276
115659,0.20634013
137765,0.16922988
115806,0.80329394
136207,0.4060404
60901,0.27778897
97282,0.027125021
74382,0.0908706
17400,0.13179733
98197,0.8392942
135093,0.110425755
52236,0.07475066
64081,0.3188847
140935,0.10270832
105246,0.049266204
79224,0.10065668
66761,0.2694062
132140,0.072020546
100353,0.8569552
22150,0.51031095
42241,0.078420304
43528,0.8816397
11174,0.6067696
100585,0.9177951
95669,0.24895711
132602,0.17757618
147170,0.15865046
85490,0.25463682
54424,0.41159648
123874,0.64645785
39163,0.04248986
146103,0.059967972
112382,0.08879688
68714,0.18191208
94413,0.049786564
12242,0.59779805
42031,0.5441015
51901,0.077892475
98754,0.40879837
125948,0.14938721
37616,0.21348274
111065,0.03926133
8644,0.24334376
63560,0.09014617
117953,0.17118172
131976,0.7618362
115602,0.42417094
57549,0.57478464
12881,0.9470032
101449,0.19580619
60812,0.79028195
20323,0.07532612
8337,0.67210454
9261,0.06034971
44924,0.39296335
149024,0.17372769
143568,0.09753072
117715,0.4346492
60139,0.6665253
135814,0.057719007
74034,0.05022529
121959,0.52423173
23490,0.11125213
7107,0.10309792
19209,0.28582284
51810,0.23612525
54325,0.14789033
95822,0.051466953
98616,0.06057094
13883,0.6157199
55936,0.093932554
82548,0.5683508
100838,0.5450051
133482,0.032048337
122377,0.42037112
71060,0.04595079
59970,0.08707757
82714,0.066808656
29483,0.06562681
112375,0.6049347
101748,0.20409082
115072,0.06563185
72222,0.038556673
61123,0.09408069
105482,0.12849268
78201,0.6049645
119837,0.4926138
146219,0.04613644
44516,0.09864115
146698,0.12805562
24769,0.06277923
121623,0.18538804
144888,0.90382534
99613,0.7544859
105991,0.08163803
60705,0.078377426
114646,0.13678192
40337,0.11913689
12178,0.23090798
13984,0.5617989
69539,0.4581708
99264,0.10247016
30318,0.42001638
122785,0.3050214
95509,0.8118268
34166,0.09129007
91168,0.05796396
67920,0.48158458
111943,0.029015841
1806,0.05963223
30851,0.10317989
111484,0.34169602
116980,0.116347395
42235,0.27039376
92085,0.56087214
131449,0.2891988
142381,0.1338714
28366,0.58305115
25718,0.048261438
66945,0.057178255
76050,0.28956014
102892,0.06631511
72660,0.09813856
136760,0.21191633
137969,0.10516649
78788,0.110048555
109215,0.3699679
122091,0.31869107
104651,0.041534964
82925,0.08504677
81371,0.072332665
34501,0.33260414
147402,0.21961592
48168,0.2089362
69692,0.12930964
120982,0.051911164
4435,0.15576228
78834,0.101821534
61401,0.04753737
123488,0.11781027
38,0.56503874
107601,0.24421535
76457,0.48471025
9921,0.20835485
22616,0.44224054
107880,0.08670743
130378,0.10944866
60475,0.7703929
111877,0.13215433
127176,0.32319713
84036,0.5199502
63012,0.06267296
82656,0.08112317
133225,0.68121195
124231,0.34965485
41911,0.044398546
20689,0.49072063
28075,0.038993612
116384,0.101768285
138508,0.16638337
116983,0.026841272
146143,0.6841173
115744,0.53380376
25190,0.20475554
48621,0.041605618
121986,0.36795768
98743,0.06405937
6807,0.14005584
11089,0.30477893
43228,0.0994152
68259,0.4509503
121958,0.1761159
53374,0.1781958
144131,0.11303281
148938,0.6161297
17623,0.05539983
39753,0.24224575
67859,0.46022448
56478,0.040791698
50830,0.30120155
89495,0.12739179
137229,0.06742258
20698,0.45356575
113182,0.9608337
27213,0.14271024
19531,0.28193024
26804,0.20237851
55685,0.104460575
117392,0.4413899
75695,0.09675531
72441,0.41820315
22384,0.15912847
126243,0.10407394
75423,0.113100186
105694,0.12516277
8645,0.38381538
102407,0.8242244
69736,0.85502154
87095,0.075545184
88280,0.5347464
135173,0.17119214
55772,0.1816563
37042,0.2976978
32650,0.054538894
111674,0.96430933
144441,0.72123164
113620,0.31021944
80878,0.08123128
147357,0.44866246
55878,0.10325202
104776,0.15470298
58391,0.09157574
61325,0.12618633
21828,0.5013553
77989,0.91096693
110432,0.21721853
47700,0.30085218
83712,0.11440497
92981,0.16326798
66620,0.8231286
72318,0.66585374
125277,0.123522244
135681,0.38950792
13352,0.42022702
31975,0.06537355
86711,0.13988551
21483,0.80153126
82376,0.47041148
30364,0.3240692
42863,0.48358402
41786,0.63384473
61080,0.11627497
53946,0.20427133
64248,0.3217516
143865,0.1233884
135191,0.053693667
56011,0.8532229
71367,0.04254439
8265,0.35729197
39142,0.5480396
28413,0.48676634
55158,0.27695164
31487,0.16969036
116755,0.40532994
79316,0.26909804
40019,0.26051947
34377,0.44989297
104444,0.031699825
31803,0.14926256
132899,0.16460063
5102,0.051177796
97430,0.031795323
135442,0.08949483
103108,0.06723714
50024,0.6303433
118605,0.53415316
44203,0.34399647
138198,0.23546097
4452,0.08994513
69847,0.053601734
107288,0.055997793
83902,0.12999141
91789,0.28416893
71731,0.37295628
119021,0.053017
54844,0.13735387
22942,0.13050126
5514,0.27812794
3150,0.81048805
43515,0.20089187
79817,0.7502783
26551,0.2439599
117607,0.57582223
42602,0.45873952
89648,0.13991916
94017,0.91036296
10550,0.8685182
62829,0.57138306
98914,0.45392025
39440,0.10047983
19518,0.10425193
2653,0.045667037
7336,0.48517552
43713,0.047100995
49675,0.09873429
9014,0.09378103
41029,0.02720376
58592,0.21174674
72479,0.1908473
99486,0.20807602
51438,0.01687786
44720,0.385935
90945,0.09323463
86116,0.1286066
69550,0.24595277
51945,0.23062526
80864,0.29724646
84333,0.66838557
30748,0.18065135
121372,0.7658685
85619,0.094597965
56876,0.42183927
63443,0.10418795
43498,0.8268853
11541,0.2282831
51702,0.00825437
114186,0.10329292
103274,0.09580314
127263,0.51763994
64626,0.10040159
5585,0.8341475
142552,0.49306625
80814,0.27715948
47402,0.40677458
58323,0.06578041
121930,0.17419963
111513,0.14609501
75814,0.19899876
77254,0.2631977
2863,0.26396635
78195,0.09695748
147711,0.9277615
19138,0.11350227
130040,0.19328316
123520,0.6031148
82272,0.05133212
141235,0.2519575
70271,0.20387955
13240,0.07258507
76896,0.4348509
1511,0.09232627
74027,0.099443585
136477,0.30691156
89718,0.03914127
32018,0.16981417
46306,0.33618596
46406,0.12909937
58668,0.09125183
41573,0.446351
51546,0.055523492
89743,0.12762715
144472,0.10104645
93865,0.07008266
76676,0.2831493
103250,0.35897204
69169,0.062875845
22586,0.62740165
45133,0.40152454
1140,0.24483922
37199,0.10787469
52027,0.055182356
16463,0.2602238
21920,0.89807916
20275,0.046815086
35028,0.48966295
70556,0.17921399
4881,0.13479474
86621,0.07160158
120457,0.3392584
65196,0.53931946
61611,0.052218996
29437,0.46679965
74000,0.47963363
25761,0.25784272
136611,0.277854
55514,0.07761428
42313,0.3854975
83066,0.82781214
11116,0.114395805
27488,0.117971554
81394,0.6555948
43847,0.25215048
86555,0.10497718
44037,0.031320646
50517,0.51271
114628,0.041096017
105718,0.42615756
61046,0.037323967
100046,0.4124531
110682,0.043166265
67630,0.46424195
107676,0.031976033
12181,0.16885449
139387,0.16048667
59168,0.049254682
38109,0.053909354
39975,0.053263564
123124,0.057524487
28859,0.037112292
114187,0.4778814
55843,0.12009078
38546,0.9550676
46211,0.30117136
89850,0.19549434
32551,0.35282382
1179,0.20678733
4026,0.9269678
131960,0.49635118
58774,0.052306313
42774,0.036487136
83536,0.13572831
13614,0.3466435
37963,0.12704165
59394,0.06462548
76250,0.037602812
62503,0.47631505
24764,0.08529155
31131,0.77619994
104638,0.07461963
8773,0.02459272
49418,0.09672177
9443,0.5158378
69546,0.78851676
6061,0.033928737
14566,0.055765737
2763,0.203728
74507,0.09657901
426,0.5844593
93818,0.14112104
110500,0.1923479
92658,0.18549135
144104,0.26771376
72442,0.43300083
77760,0.16029131
102934,0.16791987
133888,0.05716829
143930,0.15106879
40634,0.07454074
99627,0.11480145
3082,0.122892156
76011,0.17186652
139547,0.15171814
112636,0.079851516
46230,0.38831574
44355,0.84496015
103621,0.892162
10283,0.8267148
35494,0.14186724
122845,0.049234666
143356,0.14293718
15553,0.07085041
61194,0.48903453
48261,0.4817816
140180,0.17295039
6960,0.31922013
54069,0.4459332
95368,0.061293736
108037,0.09183868
14872,0.11610924
28728,0.5737788
11186,0.6484101
76125,0.3491413
131192,0.2129723
67708,0.20168872
42442,0.05193448
136467,0.6219496
73611,0.52634597
106680,0.052341446
89284,0.05493948
59557,0.90123236
91687,0.07020219
93785,0.047199186
120877,0.21727578
50475,0.085861385
46504,0.05777326
84292,0.5128403
58674,0.9484332
55555,0.5170694
287,0.919407
96573,0.1770359
73874,0.07826139
77639,0.2742405
148572,0.13788982
5381,0.038594216
117965,0.06788536
129560,0.34267086
126084,0.5159648
86764,0.17654134
89494,0.03193872
37370,0.072581686
143981,0.07050272
114538,0.07596594
142420,0.3410519
57589,0.056234982
132083,0.13148418
88021,0.08283099
120691,0.11323111
18409,0.04612623
17525,0.0384018
24439,0.9294467
118987,0.1231341
141570,0.11512371
36137,0.08993231
99527,0.5842169
70690,0.17206153
10620,0.4871002
106443,0.3570889
6775,0.43777367
127663,0.06812277
55203,0.27933487
30667,0.6831755
143752,0.09303921
141581,0.16106571
138334,0.09987649
142346,0.07413748
149250,0.9208375
102060,0.10730311
73109,0.32454097
22358,0.2965325
117409,0.15198599
109679,0.12798604
46157,0.076985754
147440,0.5708014
144427,0.120211855
44746,0.07522137
41734,0.12436227
25270,0.18908854
61245,0.17586733
41119,0.5526863
67342,0.11759376
97906,0.11331299
41838,0.22373955
96950,0.6087691
65976,0.71261847
4761,0.031223431
1716,0.060840074
28885,0.18445215
40411,0.9392503
51465,0.08931819
117461,0.13649426
94086,0.106673166
146937,0.051247165
102306,0.09556867
137851,0.26896954
11428,0.0970626
101523,0.6357885
106873,0.40459457
27879,0.028080964
58060,0.057387184
118225,0.7091836
92973,0.09028464
120727,0.082033366
132169,0.034675352
78117,0.5218712
139872,0.61639065
92862,0.8052167
72337,0.071745425
92043,0.23584342
115527,0.285023
124104,0.057595387
104477,0.06757182
124149,0.0455805
119834,0.5315218
107519,0.43539146
136841,0.15127003
54067,0.6803583
82650,0.14070147
33220,0.12466168
30852,0.16480209
30314,0.08993391
94904,0.31045538
130879,0.2905862
19154,0.071365304
59481,0.09006129
49582,0.38427666
96870,0.12936753
91009,0.22418818
37759,0.28430727
125646,0.33890867
43260,0.5042953
148281,0.27166367
60027,0.07839177
115913,0.034651022
107815,0.09703632
25429,0.15640832
38564,0.46302953
51332,0.16425203
25442,0.12549883
18381,0.55063176
125745,0.14083181
63343,0.32199684
805,0.09349061
124637,0.12454814
12940,0.06775957
106275,0.21717486
85230,0.04692626
3961,0.54231775
35495,0.47181562
14901,0.9405522
9629,0.0844728
134594,0.93852776
16832,0.7315222
21479,0.1975885
38126,0.5753067
120039,0.06098281
24690,0.3435022
66845,0.10295261
114810,0.43535507
97331,0.36301175
37309,0.15920934
135292,0.5353029
26443,0.4843767
52594,0.92950326
61371,0.04589693
18340,0.87968135
74102,0.29383442
27128,0.054468345
84298,0.05664525
87253,0.73382807
121977,0.4292218
58415,0.08114575
141367,0.26336533
22814,0.0756058
65367,0.38852394
90270,0.08252383
72958,0.16228917
52735,0.16845109
127115,0.098630995
143785,0.3298439
14284,0.25795782
147485,0.1939657
27582,0.9140778
55257,0.10462384
73888,0.6125275
120038,0.28185654
52989,0.054092195
91943,0.07232163
135836,0.6779972
83758,0.17737076
9912,0.18255384
71085,0.13394594
89710,0.19618265
75092,0.09761616
64328,0.5008464
119598,0.45535916
122772,0.1677553
111359,0.24055657
78870,0.21700194
15997,0.13465655
32253,0.19825295
30420,0.13359906
85945,0.0415376
63556,0.3525366
18079,0.048697874
80253,0.6776638
16551,0.22006811
6699,0.5305126
4447,0.17498341
104464,0.79483616
96661,0.12791243
136083,0.10294683
51535,0.2032784
101890,0.65284085
147661,0.68651783
137819,0.27847993
123646,0.23961511
21492,0.25615665
136361,0.19052763
95013,0.073853016
580,0.23304635
126308,0.13542613
55530,0.12352843
106385,0.4259634
45023,0.13759767
113628,0.40903738
139596,0.09969047
59383,0.34111437
144917,0.13325435
121628,0.6599805
33085,0.15025152
25286,0.41155666
59796,0.03680691
79325,0.050359953
36948,0.135323
15165,0.3347476
28295,0.036532037
8801,0.27788857
138660,0.14901732
25474,0.7777452
65090,0.06546095
98832,0.05552723
55894,0.22745956
58485,0.6334396
125637,0.06674486
42138,0.57314634
119256,0.47907302
62740,0.23040405
67164,0.068973586
138472,0.16681686
13238,0.05501142
122624,0.3620399
107885,0.038698703
32772,0.15968321
44947,0.05919289
69250,0.38053393
92423,0.8927238
45441,0.06542036
29293,0.12917684
88625,0.036092866
40801,0.05913503
105307,0.18286277
101831,0.11493549
24521,0.06674965
67053,0.079832174
109890,0.05860914
52804,0.055990405
108938,0.049305104
123777,0.7564265
10170,0.03296805
37362,0.34895626
84953,0.03916022
137923,0.10243751
143332,0.110624805
140599,0.20685323
98927,0.3572308
119058,0.4996524
75044,0.82251316
49506,0.35205457
2504,0.039189596
136118,0.3800374
69666,0.22761
132304,0.099640295
85051,0.06377269
57545,0.8418252
144686,0.06995768
19738,0.32288507
129694,0.1691172
126278,0.10327114
60181,0.5901743
39487,0.16465178
10165,0.7436009
84725,0.113448784
105950,0.10831328
51847,0.064442776
67854,0.5706247
145278,0.5379205
99944,0.30184594
139087,0.2421327
134504,0.39198264
51323,0.12001147
138818,0.08376214
65036,0.4627408
2277,0.06482278
19330,0.040335067
75132,0.052425727
41700,0.09452914
41929,0.590241
72138,0.029805101
133065,0.088054724
120734,0.43827093
98849,0.072630614
129502,0.059251845
99795,0.6458193
279,0.079747505
93278,0.4787909
127938,0.17942101
45396,0.12681463
61405,0.074387036
69831,0.722774
23073,0.06488164
17075,0.5368593
34100,0.1337019
111568,0.3451233
79114,0.43009785
62022,0.16856872
104645,0.072364844
4954,0.20227735
48828,0.12632792
91556,0.11686647
26325,0.44578636
35064,0.081755884
80064,0.3979648
122453,0.12026772
106830,0.10556158
96526,0.15192184
134878,0.35476953
140658,0.06946101
130413,0.074335
73828,0.04945288
85223,0.41170484
110353,0.25380436
132391,0.90943575
49592,0.08614939
17437,0.061157733
111496,0.11071967
116099,0.09528625
108319,0.25255358
35612,0.22974172
15527,0.16119938
79670,0.034462687
137686,0.41588143
136954,0.040070105
114175,0.22675852
138489,0.48223948
18886,0.28410268
67079,0.18929166
10829,0.87975657
64491,0.9150192
138139,0.12265936
144834,0.06034614
140356,0.18234089
104318,0.7670634
97512,0.050358113
78763,0.097125866
90230,0.07639623
142757,0.43420014
12218,0.75824386
4522,0.81647336
67977,0.9439989
78574,0.56388193
142503,0.05222118
84622,0.15290983
136011,0.07582097
22539,0.12414131
102368,0.1482059
85028,0.0830268
15289,0.4861446
5601,0.08166371
98919,0.7603533
65753,0.04717181
2082,0.7665284
57297,0.048257824
106301,0.16489342
4057,0.23273869
125439,0.094349585
56153,0.45928153
2524,0.17178191
139897,0.22061583
9396,0.06998657
98725,0.9320049
35572,0.13844112
66231,0.08334262
66271,0.1819842
119231,0.08492774
47463,0.06553665
31869,0.07292711
117010,0.15994583
22890,0.17657226
55217,0.064338855
35591,0.065879874
24186,0.08328069
7596,0.08518891
68589,0.09295429
38410,0.09684682
105649,0.78043175
42775,0.22960196
98619,0.06202632
147479,0.90630496
130398,0.1345842
144122,0.13381398
35556,0.18540423
109490,0.5096273
33475,0.06049653
19233,0.8631694
120437,0.11139803
61169,0.35838467
3756,0.20714045
96035,0.13041806
94297,0.28910008
19183,0.36729017
93493,0.15263034
61224,0.04433874
38893,0.15705982
96966,0.5840526
56067,0.047616452
4173,0.5329623
95763,0.23036842
49045,0.12784286
57048,0.13586003
133490,0.08621325
69488,0.5149392
51953,0.7539099
14192,0.15264164
22935,0.11098378
84732,0.17403375
29113,0.41776702
91791,0.68392
101365,0.12059171
94179,0.7159114
122271,0.030805042
1535,0.08195216
57094,0.099836655
3577,0.075270474
45986,0.06713286
78832,0.41808525
999,0.0914753
62787,0.029272877
103847,0.20998912
62568,0.4073876
98552,0.06256272
111676,0.15614815
59258,0.93635106
51603,0.103985436
95360,0.0981527
127969,0.61010945
82980,0.72314245
144481,0.07771714
98944,0.095713556
94441,0.16380878
8288,0.119223185
36717,0.23905772
148232,0.043954596
121931,0.15949285
42845,0.10051943
50834,0.17306823
51985,0.12921333
20045,0.21210079
40493,0.49543387
79133,0.65616727
1824,0.07030483
35810,0.07184974
45598,0.9306918
139919,0.28155503
70396,0.059627213
24733,0.33400646
83886,0.14647979
12089,0.09949151
15595,0.0630101
136201,0.0695334
85252,0.6806035
63890,0.56778914
87918,0.08204236
8891,0.05346289
102187,0.13267969
90062,0.18099168
49038,0.09837236
134736,0.1283574
62173,0.029485965
133928,0.15393369
99178,0.17802185
121124,0.1863203
68718,0.8655154
52464,0.22745876
54161,0.107163064
81123,0.12226253
5076,0.27248332
1793,0.009868648
111425,0.10938716
21284,0.06907594
93489,0.06838365
29176,0.23776312
120725,0.16468331
2941,0.11183162
82596,0.048551075
82574,0.5228831
75753,0.23773856
139469,0.112055674
127882,0.9654592
19569,0.107009366
94363,0.30521506
130496,0.06904055
75586,0.9602392
139928,0.078208305
6905,0.033099502
23178,0.07744665
38874,0.6156215
108863,0.045922924
78498,0.12520814
124007,0.31183654
111144,0.28465506
132517,0.28371623
110279,0.40290996
48162,0.04292039
131548,0.24627514
16460,0.20766044
45292,0.59170234
132677,0.19059001
87520,0.04927521
13319,0.050338812
137761,0.0814118
54830,0.5413656
73055,0.3396858
1784,0.21727903
59916,0.17453521
60081,0.07667599
132783,0.22387564
108469,0.16665976
101647,0.92525214
6635,0.39519423
32106,0.19376916
51177,0.15714042
1333,0.66495836
78744,0.9307871
55954,0.24478455
72710,0.11395893
63976,0.18459274
119201,0.05740723
122087,0.12733011
149116,0.1178329
2528,0.06795934
55910,0.5756571
37302,0.04401431
61090,0.31668532
19377,0.15897857
110636,0.5513166
107512,0.92860025
51013,0.13137344
88922,0.096657194
8849,0.18924907
119678,0.9333996
149117,0.1719887
94064,0.07414332
115522,0.2057472
109008,0.42144686
40166,0.90320134
55892,0.37076122
39542,0.714802
63083,0.041520264
146208,0.23890036
95935,0.0982418
39088,0.8557171
43382,0.8354009
110300,0.11354102
24512,0.043703005
48106,0.341616
64509,0.8349034
146344,0.035464272
28299,0.9594821
80394,0.21517083
129745,0.4294246
71486,0.048767447
49930,0.15412052
37815,0.070323534
50473,0.5719397
29160,0.14930387
73974,0.11056219
137627,0.099537544
143508,0.15779224
107578,0.069044866
47351,0.19899644
27348,0.0734066
129382,0.03637847
70439,0.24521351
19201,0.14575087
139821,0.122377805
145679,0.10372076
50800,0.46619275
120729,0.040986016
149640,0.06329795
57420,0.04777009
25529,0.11385988
62766,0.040023994
107484,0.25470185
74367,0.35341895
24812,0.20775898
37618,0.28469825
17885,0.7898249
76443,0.07408894
73865,0.095800884
13296,0.13712937
89873,0.13013917
622,0.5431554
45034,0.30980647
46112,0.21936415
94097,0.29077017
26434,0.032811698
33205,0.05439802
123858,0.23871872
112679,0.4277777
14912,0.20043108
141409,0.031504013
128135,0.118770316
10419,0.87532717
114389,0.04091871
108173,0.27985528
93223,0.32399717
101289,0.6944461
18740,0.058487896
8787,0.16327937
63172,0.3006641
125657,0.2420326
67122,0.08853065
89621,0.05853432
126557,0.2685975
92760,0.14359534
127352,0.09113497
145608,0.066697404
55947,0.051237743
107928,0.24205384
117553,0.123113856
75910,0.58553535
25767,0.027380666
100132,0.23412909
135890,0.06901864
146150,0.19555114
110296,0.2004102
137466,0.16770971
135227,0.28850287
120110,0.4172771
27374,0.3517504
110963,0.12514056
121811,0.14595507
147801,0.10696231
6357,0.80482644
71382,0.35391536
25154,0.09265869
113773,0.12985201
81304,0.106991276
95249,0.8038987
137552,0.7492011
50384,0.5565484
149496,0.07690332
19590,0.9416223
51808,0.178144
138832,0.855912
103747,0.3505372
10565,0.18367542
36457,0.3732575
128218,0.1378706
132136,0.85933954
53732,0.806446
82459,0.1904772
144775,0.10510803
138487,0.102593005
14231,0.6096474
43336,0.082413115
24503,0.4556003
63238,0.066561356
40136,0.12874292
89923,0.5293111
48140,0.111575514
37346,0.30115741
7413,0.19733122
101433,0.842994
110560,0.058206953
25069,0.16540004
125577,0.72865385
85150,0.15651008
102857,0.05710012
94723,0.06979626
132939,0.897746
68097,0.7959352
23401,0.22463523
30581,0.21176282
113397,0.6932659
70206,0.9336674
49371,0.12493045
131536,0.1903645
75386,0.47260073
82096,0.17797187
94416,0.09438966
41665,0.5220915
23142,0.3058423
125119,0.03417371
3125,0.14330588
78511,0.2973336
63186,0.06583687
12534,0.10910722
124184,0.69437736
83260,0.07336582
40979,0.19307385
104346,0.4212145
1344,0.15745373
73074,0.052479133
98515,0.034689993
71834,0.46628785
37433,0.7227557
22397,0.12762427
55479,0.1530366
31292,0.919361
133543,0.05615461
2980,0.21144272
115145,0.3085296
74299,0.25772557
51763,0.20476745
24278,0.15546294
135465,0.32828817
9544,0.5485324
116777,0.32660884
36190,0.056364298
8293,0.3550128
114897,0.32821438
118974,0.03226811
4030,0.7726265
128212,0.51329845
41032,0.5160657
97424,0.3573921
146439,0.7181128
76703,0.111911125
22451,0.106093474
14987,0.11858436
13223,0.89723194
102256,0.6277271
144740,0.5792764
76536,0.2725299
56256,0.4562431
45254,0.14176244
93270,0.9535848
100826,0.20423731
106134,0.26372305
69684,0.053781793
101053,0.04683323
139320,0.71194565
12168,0.094656944
145344,0.06455484
85408,0.21548195
102341,0.91054434
31125,0.16805807
24984,0.42679545
149289,0.44615602
48098,0.413767
115237,0.08986616
117856,0.8369417
28988,0.31415594
112872,0.2779824
60417,0.20490496
99099,0.079180226
5887,0.11985192
129877,0.10641831
113960,0.09520419
93448,0.03744556
70733,0.02751269
76365,0.24630025
114429,0.24282086
77271,0.12563013
127546,0.060665425
34995,0.86789143
110633,0.3911676
74330,0.07867123
129424,0.29584956
67629,0.3340476
36521,0.3378019
143729,0.16667567
75938,0.092680424
142460,0.09221328
6896,0.04279574
116766,0.22750604
40237,0.8302672
35530,0.06302187
92130,0.5632228
105147,0.16462438
1683,0.97122955
143325,0.39267883
2343,0.19946083
72418,0.15135609
42725,0.059446886
88394,0.13103503
124983,0.19357637
145613,0.12416831
4994,0.28903547
147915,0.0485682
134218,0.07545133
38842,0.11550272
81385,0.14256762
91307,0.038846046
78499,0.19477747
73632,0.11128392
58882,0.10424616
48779,0.22784093
82800,0.13315663
35029,0.90723825
10118,0.18419248
88861,0.117272615
90460,0.52757806
33591,0.10684712
80154,0.19588086
35054,0.06387352
78124,0.32054526
121082,0.120333485
145800,0.116286285
18328,0.101761326
57191,0.14044125
7251,0.7451283
66249,0.38593534
147007,0.4276061
2187,0.04011289
49064,0.19574125
50426,0.18840851
34587,0.46052223
73018,0.21711868
136713,0.9548104
56158,0.9329274
16559,0.11704581
667,0.08121523
53134,0.25106156
57158,0.67749745
135383,0.038446374
104718,0.098939635
55418,0.10620011
11484,0.0604722
68536,0.44844717
54624,0.62634003
94495,0.8737886
126520,0.2216797
4977,0.043637708
31992,0.3514113
128678,0.23903042
1670,0.56834364
76879,0.29080573
99378,0.15237507
22588,0.10826843
122443,0.8729798
148221,0.0687955
1136,0.08700063
36368,0.22407702
141063,0.017806483
63364,0.03315483
21746,0.29655805
94386,0.0427902
78666,0.081616566
37625,0.20485061
120830,0.31421906
51965,0.59619415
92036,0.13971329
53872,0.05756365
57600,0.4222039
146332,0.12827912
67026,0.04792774
16493,0.037435945
38677,0.10731381
89929,0.06781479
91754,0.11952725
45316,0.37507856
35086,0.052842535
101499,0.0878404
56392,0.54514676
106291,0.2911345
107631,0.3856982
54020,0.20646043
13599,0.2820849
124457,0.056690447
19767,0.7963429
114672,0.07055721
80813,0.46569398
40988,0.115198866
99708,0.23309024
31409,0.13123858
77251,0.30219278
89641,0.60800433
95605,0.8915888
3248,0.07300821
104761,0.13483833
63386,0.2597526
36492,0.110268
8418,0.08447616
100935,0.7743058
81588,0.12033703
35043,0.18932198
16878,0.2332313
55007,0.38270244
54865,0.7575825
10461,0.3339231
85251,0.19276929
141553,0.16969949
37437,0.27822834
73988,0.5263275
68954,0.49052343
73369,0.6800995
105888,0.07669138
55496,0.20548947
114476,0.14650908
31615,0.19833048
105156,0.3972623
11072,0.06610179
126852,0.38386318
127823,0.52062464
70858,0.1271428
31378,0.10564177
49369,0.6626153
16185,0.101153284
46129,0.23896791
80214,0.08390983
43466,0.4812522
78249,0.29885933
98595,0.14436279
143130,0.08459654
21904,0.07390828
130017,0.14188926
82916,0.039802868
120455,0.20017529
49164,0.6835382
41645,0.33410203
135437,0.20306951
142119,0.6132885
119328,0.20926537
14602,0.26387134
66330,0.82547766
54136,0.10056933
50558,0.22778893
49533,0.6377476
115503,0.6513046
87149,0.18537346
50074,0.56775784
16048,0.037117694
117284,0.14742808
85469,0.16638069
55302,0.45799625
23793,0.35904056
99548,0.20498136
138802,0.47418514
109621,0.060907543
96657,0.17302814
99635,0.06832216
20590,0.48805094
82847,0.12977268
144592,0.36156702
40180,0.05592508
22480,0.08986797
100327,0.8304808
104029,0.14073539
34407,0.10676422
119465,0.037932184
138286,0.064207986
112516,0.121080585
112745,0.20092471
53641,0.08347152
13723,0.052267976
8046,0.18186617
146744,0.19753349
71899,0.09940362
86591,0.26859057
111783,0.16887274
117506,0.1263795
53845,0.37776312
63596,0.121999934
15234,0.507728
49479,0.9496187
28023,0.04855863
6902,0.023472508
127354,0.47626203
129554,0.06590731
64232,0.2436688
39307,0.07589237
138567,0.109304704
143112,0.054405466
86734,0.15859514
69593,0.26021963
137011,0.032293003
82469,0.115503386
1307,0.055647403
66928,0.9436755
128827,0.05236428
135051,0.8746841
129862,0.1650631
65778,0.044724356
97040,0.21165635
82556,0.08163195
76809,0.17569289
125595,0.048379596
18226,0.8031075
93144,0.86150867
84661,0.20344178
121973,0.781294
60850,0.07786208
96654,0.4829081
77035,0.051724765
16241,0.3801476
74265,0.098598145
59546,0.116250314
73832,0.049585
99416,0.21122001
13450,0.104948714
89603,0.05440758
120910,0.5097392
10174,0.09177707
66297,0.17500421
15670,0.14631437
65726,0.9194035
42773,0.29421514
77820,0.22370629
63832,0.15437491
27667,0.31930974
136694,0.06757048
119491,0.04300429
104643,0.9771428
128006,0.78657126
137706,0.8739875
11649,0.043987557
128071,0.12007716
72406,0.8907053
61295,0.14546175
91984,0.5528925
104114,0.04957544
103830,0.07236558
136197,0.28488135
5497,0.045176074
146364,0.29735827
20397,0.8243993
16562,0.36987767
78762,0.7620125
35009,0.107410096
126443,0.47979406
101324,0.70007056
40723,0.107920915
90720,0.2897398
131024,0.26101166
107942,0.6341208
27968,0.02418206
92469,0.7183251
7448,0.6359667
134822,0.8999346
120695,0.065069675
26591,0.23529486
134552,0.30933598
31165,0.1802794
47517,0.06128647
89762,0.07903994
24165,0.12030835
45760,0.33132032
76350,0.18587027
81521,0.04884107
114031,0.106955566
70700,0.31312943
149033,0.13475847
69096,0.09674341
142028,0.07510893
5524,0.38893783
131518,0.08118716
130248,0.37397054
51888,0.08400298
117225,0.23045135
36987,0.062996924
50847,0.13505392
41837,0.25706
78235,0.06426572
118345,0.058966935
86770,0.20451133
49207,0.17909423
57180,0.10535313
119061,0.26703873
131999,0.100520946
21913,0.42377275
31361,0.0753959
7942,0.10047297
41115,0.151711
80133,0.59883165
59187,0.05704813
44822,0.28444278
104685,0.09895866
61366,0.10240385
3452,0.21943296
85853,0.18869281
140561,0.29655465
139634,0.12842369
114583,0.12031455
65751,0.14647906
123522,0.46644855
30739,0.13298476
40018,0.2891477
48372,0.07812546
22993,0.27247125
144228,0.037750944
43389,0.24308099
121523,0.17839523
124821,0.057371993
27961,0.11457678
124770,0.049742516
125610,0.1640511
2641,0.62204134
30291,0.03184835
104490,0.32026488
77221,0.91773
23845,0.22247158
42559,0.10864924
129373,0.06083998
111532,0.61577797
56851,0.39309233
127070,0.2733829
140352,0.07146615
113555,0.18259965
53692,0.1357335
124414,0.06479483
97075,0.33338118
101370,0.112398975
23922,0.062497914
117919,0.23116949
87364,0.35168612
75175,0.049003225
44435,0.5479701
143794,0.16336988
22541,0.05404864
66675,0.18623137
96617,0.3919336
67931,0.021939136
31568,0.3437598
64192,0.17729592
86545,0.06459728
83290,0.15934335
135444,0.07876684
86323,0.92011124
60154,0.33946076
93021,0.08055266
27229,0.21353693
83484,0.091300115
45168,0.11534733
66458,0.0898532
123893,0.06524856
76239,0.4936724
6110,0.046855126
97234,0.7725389
99169,0.027564997
137176,0.3953608
118462,0.04370166
124554,0.07445549
128082,0.06913832
147361,0.19243725
140049,0.07483121
144607,0.2585169
27098,0.37315044
71560,0.071956195
131094,0.07256918
118984,0.10716094
101206,0.5285932
85772,0.57548314
40001,0.08921634
13345,0.09903415
116722,0.2624194
134555,0.034518074
119660,0.26236567
120561,0.59620845
67137,0.12616545
10103,0.7178866
15854,0.23569013
135538,0.16848767
12019,0.08966417
93171,0.23174517
38288,0.20705882
136496,0.030175686
62110,0.38458824
53411,0.20464
22241,0.11876022
131680,0.07760902
48267,0.10054429
91820,0.4108829
93426,0.1388938
132349,0.19000953
100609,0.034391016
18181,0.2895399
149988,0.7773768
58315,0.14865117
62477,0.885579
66340,0.28780326
10649,0.047519106
78179,0.146231
1005,0.057739425
27729,0.20733897
23777,0.04618084
17572,0.15892665
28140,0.065616734
149556,0.752316
17767,0.12693739
104586,0.12036491
112210,0.25418335
138693,0.09809392
24095,0.26076627
99789,0.08628632
47608,0.3131109
103363,0.0695236
145916,0.24566193
124987,0.09733295
6381,0.046554968
28212,0.22126564
765,0.24306224
26688,0.03186824
79958,0.35512358
63649,0.06631649
82354,0.082049474
90529,0.21478648
48749,0.06148756
26916,0.043348644
96167,0.21803026
110102,0.1849077
109627,0.9129889
117561,0.099121235
8684,0.097807616
29655,0.28993705
136929,0.093457736
31443,0.061259184
102164,0.6975336
136722,0.2776039
89103,0.14160897
11425,0.10345859
3890,0.051379453
30345,0.60387695
130667,0.2705154
117488,0.86777276
125955,0.7039173
96210,0.082244046
69852,0.15281454
23627,0.19530629
105734,0.0659081
23148,0.0671168
110792,0.32035786
123593,0.09814992
60221,0.19136025
9274,0.2788986
18042,0.10986189
110877,0.21499623
29577,0.8932283
69055,0.46288565
63229,0.419037
83611,0.017344875
145115,0.4591404
128055,0.7199019
84734,0.03631744
5620,0.22317283
88581,0.4022884
38111,0.47856507
143029,0.47958186
87232,0.46285582
61001,0.041715086
95558,0.28362232
122993,0.084075704
63307,0.3019287
75694,0.15702581
124833,0.11082879
147472,0.52684844
144146,0.8525015
138038,0.08719796
6935,0.82564867
41650,0.9211733
10937,0.8728694
2378,0.15275835
148425,0.13261352
134353,0.11174124
133045,0.23201515
17344,0.6418514
66154,0.109349
2081,0.13696256
21423,0.21002074
46128,0.29794982
43533,0.08305187
36599,0.099134035
100919,0.049896527
124370,0.0814116
106498,0.08511509
82501,0.13565585
139027,0.10487675
90414,0.11215248
139251,0.029678596
77092,0.19348699
104228,0.032754824
98313,0.5790636
113906,0.03327905
98166,0.12996967
110091,0.20169136
23341,0.2132873
84422,0.027592458
60174,0.12530145
68947,0.49278477
94830,0.13208058
86809,0.31496343
141587,0.22818474
80306,0.03657471
86951,0.8214044
146394,0.09037409
91005,0.1268197
134435,0.9495064
5597,0.051619757
73148,0.098084554
149340,0.06386937
113477,0.7789565
140760,0.09110389
112410,0.20961873
92871,0.04237902
115887,0.052045166
85672,0.19401671
59237,0.043049272
147480,0.9259211
41288,0.3708903
148054,0.92928445
8968,0.07854007
45608,0.4849845
116928,0.033011116
102514,0.15151842
79649,0.05841723
81339,0.5221268
88909,0.0443334
111898,0.20042253
35095,0.29604456
21455,0.08950464
58255,0.12397009
16266,0.12746525
4392,0.59813315
80168,0.38509706
89129,0.05466135
61433,0.5274284
37658,0.056111343
119462,0.087599486
52166,0.1743157
42240,0.8934987
115387,0.16573699
118569,0.1744403
73815,0.033329327
98658,0.054720894
134860,0.13555753
18333,0.15220533
90323,0.073774606
79990,0.21906683
75992,0.071537055
133906,0.90575916
70125,0.22313836
147471,0.057352558
67942,0.15963612
109030,0.35191113
149930,0.1103103
12654,0.035313606
129825,0.08578047
3375,0.26331317
125626,0.08416248
26774,0.04785563
60798,0.06612992
120957,0.07338296
13985,0.09979387
100361,0.09248877
184,0.5130418
138201,0.08039934
11768,0.71160334
4631,0.07593239
84571,0.3604677
60365,0.42150894
61289,0.19415608
148125,0.12722921
53920,0.10887119
39516,0.60577214
3087,0.32356745
92555,0.35602883
91645,0.09784883
134234,0.30982447
10108,0.089139104
70901,0.36816388
8819,0.61399865
88944,0.79968154
83734,0.62597734
93477,0.089539155
120767,0.197382
137162,0.62518495
67706,0.16463211
2406,0.74055266
131617,0.45535836
86135,0.13074934
63489,0.07341753
97382,0.13310154
125121,0.34147173
46231,0.4304584
60887,0.055511314
112995,0.1657945
98408,0.49497217
100475,0.54627514
30560,0.12787317
145150,0.9647147
90046,0.094146244
76453,0.64199626
144105,0.07168716
892,0.35768223
19965,0.105888635
122106,0.27168664
79970,0.16328023
58020,0.10803288
149611,0.52614045
126604,0.10606485
66104,0.024857674
52852,0.9150062
71595,0.42320698
108911,0.36244392
37739,0.15949027
144856,0.113684006
135408,0.14584516
101512,0.03273764
26121,0.31977883
55378,0.080181345
26295,0.19297893
22977,0.09722503
53549,0.8668937
4281,0.5407822
58167,0.08412903
18529,0.17402901
36762,0.10252339
62297,0.029168446
911,0.38355637
112517,0.2337504
127709,0.054266587
37742,0.39855018
86780,0.22723415
12508,0.34614396
57054,0.08259059
141629,0.06276466
129608,0.30200294
20796,0.057441067
94485,0.28157502
88398,0.06874242
97990,0.26421192
35931,0.8803533
94897,0.050386254
27947,0.107366346
28578,0.169831
149584,0.22419818
107139,0.26540706
52964,0.55604285
146089,0.19759332
90449,0.098813094
9369,0.5248924
121693,0.05235077
55749,0.41815665
100210,0.06437042
101030,0.35961363
86002,0.09881519
72948,0.06014235
124322,0.4174203
85643,0.15285203
71752,0.38394386
94592,0.5022178
126425,0.0917186
83156,0.34271178
71858,0.38244924
108095,0.063212804
76044,0.1213125
13598,0.07545071
45167,0.095202416
145249,0.7902461
44195,0.37551188
36723,0.07521129
41460,0.1797664
136452,0.34207842
149193,0.37131143
19808,0.04878131
105313,0.07431601
90845,0.69898534
49114,0.115484305
96278,0.4707469
67412,0.15620935
51778,0.0898047
29759,0.47715315
57129,0.36674762
61459,0.26212597
44349,0.5954698
149764,0.974497
119758,0.2950121
81910,0.9268536
86687,0.2635592
117575,0.105314866
22808,0.17866693
99278,0.086657576
81515,0.07459184
20529,0.5272729
18988,0.12637764
119395,0.08594138
137385,0.90075916
149170,0.35206982
47453,0.12858704
142754,0.58775836
11154,0.35724244
11354,0.07648054
124462,0.06546107
144755,0.11109981
24786,0.16817099
149425,0.2553963
74780,0.10352825
59897,0.19494987
56907,0.18470903
26903,0.0397179
125056,0.15211461
83504,0.33626398
44136,0.36691853
138395,0.07066433
87164,0.26956394
87844,0.06397497
32664,0.20842078
110242,0.3061609
124268,0.05237897
47894,0.03460528
101790,0.4449647
107415,0.060894173
127388,0.09334512
59542,0.018534021
28181,0.08998792
26404,0.8351078
63656,0.20674019
105943,0.15377995
10321,0.09896103
126683,0.9337296
18404,0.08811889
39474,0.23046426
146020,0.5681316
71350,0.02860462
90427,0.067212954
54937,0.21468732
98630,0.12771027
143244,0.0780817
64036,0.5427989
120072,0.2381513
133347,0.04223937
68634,0.21578662
124025,0.05081874
146673,0.13745005
53904,0.06805147
129557,0.075441204
125356,0.15965757
47449,0.5476094
68946,0.1662414
70741,0.109840184
88808,0.25679356
81139,0.2617311
87052,0.80075413
138825,0.037101846
2201,0.07759579
3919,0.33936882
80732,0.05017806
26130,0.036107734
4271,0.44251883
34910,0.6351733
23767,0.3411304
52787,0.49988487
6330,0.10319464
42548,0.071791
45169,0.21189687
80184,0.14543727
123355,0.050115492
15565,0.1219142
113160,0.06718829
71067,0.40374607
144376,0.11263389
138500,0.18748502
93668,0.208521
38743,0.46039668
20418,0.03951758
96301,0.04197455
142476,0.09174502
1020,0.13282238
142841,0.2733631
37279,0.44645828
64710,0.050023396
105225,0.09249686
12190,0.18572715
131946,0.08512179
18103,0.04598546
126967,0.5799079
28992,0.17922612
32210,0.91182774
145535,0.085407116
22215,0.5733973
9955,0.06475151
147807,0.19523191
134570,0.06255025
79581,0.18218917
9924,0.8105099
57895,0.31134033
120152,0.3124562
53290,0.07234956
1488,0.40634865
146452,0.11782227
49573,0.097159766
19253,0.87702066
8899,0.07710516
128307,0.07934396
86958,0.24669956
120770,0.07843055
50610,0.28578827
52660,0.36896113
89532,0.081161134
15915,0.09720947
93928,0.6501574
114724,0.57940155
93565,0.17562285
80550,0.057540167
69070,0.07942591
73205,0.12972799
27412,0.37116873
69628,0.5128568
40394,0.0397006
42434,0.7415074
33128,0.107482724
64711,0.68002903
491,0.32572588
55045,0.43465686
118213,0.60975695
79397,0.47377425
9826,0.2136215
128359,0.059484817
138096,0.048261352
120831,0.1396053
3454,0.105791
38159,0.14062649
105587,0.2764212
118108,0.04719312
92073,0.09395829
14451,0.22412218
23129,0.035175502
33612,0.4053961
109701,0.1005025
89411,0.43506548
66223,0.21282655
73909,0.08601039
39102,0.06053247
31823,0.06844031
38603,0.08147436
93368,0.06833166
54942,0.5831538
85583,0.032688014
94616,0.9358007
140725,0.13214101
32956,0.71491647
6185,0.67849433
64571,0.21883477
15777,0.9322317
29683,0.13457021
4798,0.9439738
77860,0.06683345
130113,0.2134841
120092,0.18455711
127801,0.37864172
68625,0.94556797
43789,0.048651583
39826,0.17074852
59050,0.575437
97721,0.375139
40697,0.3701448
92054,0.054456268
40377,0.17820236
119050,0.1739493
60495,0.063789494
134655,0.8054193
131493,0.09238475
139907,0.24899684
149086,0.31359178
52143,0.031755082
20932,0.22034317
97857,0.29130796
74262,0.095954485
137699,0.21682383
118707,0.205781
143571,0.4375057
113701,0.47040984
72774,0.07858653
59139,0.045135684
91106,0.67286533
100942,0.59021175
132332,0.8849086
101902,0.20688567
50647,0.09923096
38916,0.029048927
117603,0.13435738
44486,0.124569766
131101,0.12355824
127821,0.189266
8697,0.55827373
41079,0.07748535
48615,0.08407529
57368,0.16493094
149491,0.14217436
139977,0.059436377
142916,0.025717834
69471,0.24714027
37193,0.06029951
88236,0.14194466
61154,0.03941102
792,0.42964002
123912,0.055815928
149119,0.16950324
70120,0.30066386
46015,0.44593337
49223,0.44688097
144457,0.48471838
68732,0.026251204
2680,0.032342408
39189,0.29955268
38245,0.053807013
33780,0.6825497
84557,0.12537293
30710,0.1438745
42276,0.6618329
111290,0.64419734
21399,0.43794817
33990,0.44343618
44399,0.08771887
44370,0.45177993
1224,0.70295423
100067,0.34432426
4812,0.015357105
38171,0.32912725
12311,0.8255851
64772,0.09025452
128966,0.05137764
107556,0.38303664
20606,0.40877882
72748,0.3876738
73727,0.12170806
97499,0.26675394
98954,0.7691409
93730,0.15586475
64472,0.055038135
13639,0.15505528
45846,0.36381507
125669,0.28015888
76300,0.2091303
7923,0.048488017
86280,0.25506988
51000,0.8747256
104825,0.46681044
34382,0.1763119
130869,0.3080024
10986,0.43930197
6312,0.28163227
76090,0.45795596
125275,0.27118534
15363,0.55979186
98382,0.10748298
11784,0.1208113
90437,0.22308081
146384,0.24132274
124475,0.7320565
123892,0.13957436
107976,0.030339716
114541,0.20389706
42331,0.8952951
56170,0.15789889
55022,0.2778348
141434,0.14455746
3654,0.05560827
142589,0.02220906
144313,0.13735248
48417,0.16942143
114006,0.05591975
97295,0.8900539
40055,0.136709
59403,0.40860856
110749,0.6735041
88718,0.09238575
132211,0.048493713
90693,0.08885729
139935,0.07921982
76738,0.56329954
117529,0.11369443
111358,0.2464861
77458,0.14944963
116067,0.441267
92934,0.20105273
86980,0.30523136
129833,0.1572047
16028,0.16859767
47238,0.06196545
72013,0.09969894
27495,0.039068375
3797,0.2008285
144224,0.64798355
41684,0.07865729
95720,0.14775153
70532,0.31013995
5501,0.06146561
23514,0.88553816
17749,0.082536645
24752,0.23684767
142823,0.6212845
129374,0.13654575
137496,0.08290512
33117,0.116324484
146475,0.17151988
65412,0.777544
148173,0.10539376
133149,0.77747387
64335,0.77920604
25941,0.04890137
34322,0.09160232
20777,0.34821665
130078,0.18787174
68417,0.073603906
108198,0.06569973
114710,0.538484
101570,0.13242853
48104,0.16949217
41917,0.34013283
130356,0.7544099
35845,0.22949682
46487,0.5713559
26782,0.07091482
110590,0.40654528
105960,0.085223705
16796,0.21152312
106059,0.15108141
32773,0.13103643
109416,0.05137821
134794,0.29558563
27745,0.112384774
129507,0.08745835
13151,0.056514777
69443,0.121554695
98642,0.5677779
5713,0.36645967
140231,0.06481154
133583,0.44687653
3565,0.0728493
17441,0.63909405
15834,0.056104526
15549,0.0858583
5603,0.07732996
129343,0.09071698
355,0.93759644
62016,0.20803395
28046,0.5043604
47551,0.10216275
107079,0.18405867
39365,0.13747764
27653,0.072034426
32430,0.06674863
139641,0.4899257
48237,0.5747192
91599,0.04680063
125160,0.04059172
25425,0.11318765
149036,0.14589903
4641,0.04506248
28565,0.19132893
37668,0.17951629
33400,0.37663883
88522,0.33290324
37289,0.4820115
70261,0.121457994
69365,0.040958118
14833,0.89226365
33910,0.07787983
72243,0.04796074
56507,0.15806155
77888,0.9392142
89705,0.21058278
114516,0.9015207
10815,0.25204638
1550,0.8800545
76842,0.10641385
106246,0.05264883
54070,0.06660462
101119,0.19824748
47507,0.3105962
121937,0.27725327
46836,0.07464297
108802,0.32220247
67215,0.88339376
115591,0.031820476
82653,0.24934144
111293,0.044178046
54221,0.64991474
70318,0.83082557
88702,0.123526946
138941,0.33321416
86463,0.11640146
20307,0.39138713
64422,0.532821
119298,0.12620877
145303,0.12722497
52426,0.34973773
89700,0.20596342
18528,0.13454285
9631,0.46350437
123842,0.03131368
32841,0.25333282
113190,0.22578925
18894,0.20121428
4221,0.1378897
4348,0.082243055
69024,0.053504094
95118,0.5479121
138457,0.41583773
31900,0.056628566
27203,0.19644094
25569,0.059214562
16674,0.9017589
36637,0.53731334
144435,0.4560272
68856,0.062806495
89618,0.6286183
68308,0.4702416
47411,0.14100343
148633,0.042276975
25567,0.05857995
56282,0.26889265
129534,0.2177552
36665,0.0506235
39131,0.19705272
119239,0.5834882
55248,0.37641722
149100,0.8263505
34682,0.033136196
65001,0.22466342
17024,0.41165772
103867,0.11614404
138179,0.10450341
149643,0.07557227
28153,0.08765911
120971,0.09295626
85548,0.16838646
59990,0.22793108
95429,0.053891193
79359,0.042492818
70312,0.34343734
77447,0.44540074
3715,0.43690374
18099,0.08769
50116,0.13812718
9678,0.08130348
131739,0.14611486
28300,0.11829982
60674,0.21325248
143513,0.09136243
61570,0.16687734
32067,0.074359484
69100,0.24131747
123573,0.048927493
56448,0.11067346
93060,0.1950829
19085,0.046753958
95522,0.69977933
78739,0.080444075
72549,0.07941946
25832,0.64470077
68555,0.9007245
15327,0.120466076
56056,0.6639801
128922,0.4217178
97450,0.04874139
124653,0.052749734
1010,0.7492178
22187,0.054409157
47631,0.4402109
73894,0.056744147
7412,0.120057836
82810,0.10155309
134475,0.10558136
145279,0.10835953
14196,0.5476801
111592,0.17774205
8694,0.18882963
129746,0.071325794
100303,0.20529695
32615,0.29756358
138244,0.07293328
34326,0.045750495
102235,0.12163262
15616,0.21604753
102782,0.6231619
98155,0.43841678
119422,0.060950693
107734,0.02216042
49091,0.5013692
30461,0.32394013
64056,0.029712958
120599,0.45594245
22027,0.12690909
130331,0.124008216
49991,0.053787086
143469,0.06764403
23499,0.09646965
110935,0.07528017
112859,0.67287666
132098,0.8610331
21240,0.11843938
139864,0.085778974
94331,0.40133008
62043,0.06613303
94884,0.017540583
99095,0.014569284
143491,0.12088613
54619,0.86916643
61247,0.71161664
77048,0.19328035
144827,0.048471145
144073,0.09414242
126621,0.049619485
98266,0.0739531
96397,0.1385225
127982,0.40498358
1045,0.55662423
87592,0.05571867
2123,0.46361905
8256,0.82636803
78381,0.068345934
89077,0.12999055
23104,0.1653045
86256,0.09641826
89094,0.12955129
105688,0.057876643
4049,0.19027291
74970,0.15015641
137464,0.08311878
95840,0.039497145
121685,0.707559
114194,0.12057712
64051,0.31340444
140830,0.11729575
52919,0.88571036
72683,0.039459433
130569,0.08227182
4142,0.9037608
33693,0.15133022
3650,0.033033665
54226,0.23400933
35710,0.12168964
26641,0.1339773
67628,0.08609997
19815,0.13703765
63648,0.34429947
77827,0.03223757
149206,0.06428716
18928,0.8214942
29084,0.02305994
138018,0.96446013
68706,0.056569457
89738,0.53522533
20993,0.6267673
3736,0.29736525
148537,0.1510415
50979,0.1431368
134690,0.31352183
55536,0.14821914
29950,0.61488277
6849,0.42302352
40650,0.12247708
23507,0.069044426
118295,0.07804099
10787,0.3508617
18424,0.043029096
22148,0.0723923
113170,0.25630954
93853,0.25059906
8070,0.0736713
58954,0.12256057
104805,0.19922698
112037,0.09925455
62613,0.08875259
81704,0.35577625
108969,0.102541365
96987,0.88386637
113944,0.24188055
131166,0.038534
55610,0.6925567
36657,0.045812078
20597,0.63714784
106737,0.0450241
37392,0.05972037
107560,0.15940802
103681,0.472394
71162,0.1528808
15059,0.11621906
56230,0.6832408
25368,0.1767734
108297,0.062060077
11734,0.2226336
123069,0.44937032
36724,0.24440332
50486,0.08079465
63635,0.14691764
71093,0.2625921
68607,0.8765686
54038,0.09619715
77363,0.3105127
34222,0.03308756
48382,0.40969998
15432,0.102325276
142000,0.08220193
58518,0.6402293
10196,0.04307404
1942,0.42390668
64679,0.14448567
83444,0.14903711
12288,0.041529495
147332,0.6187738
39915,0.47796834
95857,0.037988607
32817,0.82792026
21928,0.046402656
116696,0.6133661
108608,0.11001398
131861,0.071526095
26143,0.051209148
58773,0.38152903
119339,0.12684539
51639,0.09151597
47833,0.10194735
114457,0.050847705
23812,0.34680447
85465,0.1999051
149852,0.12553503
125247,0.05324695
132450,0.16640466
107351,0.3021104
89030,0.045752723
125457,0.24784161
9628,0.039730564
141127,0.04575468
56759,0.055291582
62903,0.03974382
132967,0.12901068
41182,0.07025658
22029,0.075488776
73217,0.57478863
53793,0.22050372
23217,0.9237131
123647,0.50455755
3420,0.17342609
8075,0.25480166
143844,0.098749414
72200,0.35027698
88401,0.072663054
128851,0.5756004
96635,0.18077722
38918,0.03609966
16781,0.07447843
137691,0.5766925
121140,0.33288813
44987,0.8473607
34836,0.83799523
130603,0.061765786
4286,0.5059677
34900,0.86609846
130701,0.06036935
116667,0.18602459
144748,0.024067326
116744,0.06930419
35732,0.18948497
51203,0.41751456
2991,0.043355484
24434,0.13101418
48536,0.064832196
92615,0.247892
133393,0.032051675
37614,0.12083138
98586,0.15486006
19755,0.042175025
86577,0.38446513
21221,0.07080224
84961,0.7481363
120618,0.52440184
95975,0.08695534
144515,0.7875861
11748,0.055104665
8386,0.07669601
149737,0.5837426
24705,0.45024157
88426,0.81887436
139101,0.53145266
127833,0.072599165
71695,0.6146029
68624,0.1468618
32593,0.45357865
18102,0.47341624
118338,0.926797
42856,0.13313647
100626,0.14078452
42479,0.75077766
147037,0.09605693
82342,0.17798647
86025,0.14809394
12006,0.6591493
23039,0.64144266
99450,0.14974906
102427,0.040196117
90194,0.083893865
104660,0.03423311
11901,0.26916844
23634,0.06190232
108159,0.040752225
141345,0.042743742
116059,0.8113248
97225,0.28186008
9211,0.9566606
21215,0.04716231
82744,0.507665
129849,0.043619175
108819,0.09939255
109217,0.2218617
6090,0.82477397
5012,0.042453617
58216,0.1299553
144792,0.17501082
50768,0.06449164
19405,0.066664
122705,0.06496446
138001,0.8267251
77401,0.2645811
49889,0.07418284
148143,0.033225384
119001,0.36842284
71922,0.1237589
32493,0.05101787
123288,0.051383894
2629,0.04892757
116594,0.045722213
139930,0.16137841
41622,0.09577286
31384,0.19818218
143062,0.5599877
81843,0.055436973
67418,0.56454647
11133,0.1903876
33167,0.31066692
34096,0.03989131
46786,0.32283545
143922,0.33934662
44655,0.64023036
64349,0.11952995
79327,0.8922687
101909,0.050241157
101481,0.07868867
20523,0.4500837
13205,0.66195637
138548,0.10237802
104321,0.23010828
122706,0.6905591
1225,0.08987537
78300,0.39450464
28462,0.5179887
124202,0.06373926
37645,0.12877263
133259,0.21643995
107629,0.08591502
48968,0.390503
124448,0.10930763
97045,0.15208311
91440,0.27232683
124527,0.40560308
125797,0.06588403
39157,0.06979432
34611,0.10376869
54256,0.58396345
124367,0.23249571
24407,0.20263231
31709,0.15135854
109332,0.65522325
38201,0.1363521
83325,0.051784217
73464,0.20357479
105589,0.30715448
110811,0.3034659
43833,0.052610967
90876,0.235955
25015,0.1686816
114699,0.1899694
62521,0.093522094
36381,0.18700045
29587,0.2464078
107813,0.24329773
78960,0.50501674
8894,0.1309128
68911,0.14527342
51080,0.36003792
29879,0.25161415
38672,0.23999284
15111,0.08892487
45639,0.23589003
120161,0.33965915
94799,0.3331992
35177,0.04485053
57061,0.54810715
83462,0.6060226
135166,0.794093
31039,0.2679994
28425,0.4265378
87479,0.05548439
100052,0.1526758
43066,0.06493028
148514,0.16711055
112198,0.022443596
33802,0.61006397
71794,0.2677125
9669,0.082524225
57640,0.20819125
87425,0.2980968
37940,0.1823314
17222,0.46673304
129552,0.09258602
35904,0.12335379
149869,0.12340913
135206,0.15978312
95769,0.07065234
40442,0.036981653
23149,0.09209906
79629,0.08226441
119603,0.58751637
61019,0.42072242
132671,0.09332604
94037,0.38659438
125282,0.12666003
138553,0.22395292
84307,0.0813383
124326,0.05692901
28342,0.32166952
109617,0.36771235
86971,0.03889264
45957,0.056587227
107576,0.07461907
34182,0.1120744
37250,0.4066056
148101,0.29505438
15172,0.23469579
82245,0.058849946
105615,0.38063836
22757,0.33882362
147927,0.20038679
810,0.17937455
91179,0.0892779
51297,0.13613555
79192,0.3783658
40070,0.08636835
10144,0.28554967
108649,0.070303395
139799,0.08400186
134067,0.1611192
148262,0.29008815
59761,0.06973605
148774,0.27456617
55658,0.38184425
145210,0.04820144
4624,0.06775235
15689,0.6795768
126118,0.14723504
118187,0.29546812
70378,0.18317652
147906,0.27935877
59682,0.13256493
8614,0.067029804
124863,0.57462966
12712,0.6393885
108432,0.32868692
143843,0.49940735
29718,0.27031267
8153,0.040155564
44009,0.2479489
141470,0.8511885
139271,0.6853504
65382,0.06856896
30322,0.21258019
143271,0.08844381
111925,0.033862095
74114,0.2471876
86979,0.040658586
104993,0.16477522
20846,0.04599247
99591,0.30120707
39415,0.23760946
64888,0.28624216
123849,0.07509297
38701,0.07148491
144239,0.6218247
118786,0.29645997
141126,0.067025386
301,0.19436888
38018,0.24844211
22530,0.46912184
72616,0.4314091
48629,0.14679208
143333,0.82851064
145956,0.19745563
36254,0.13969453
95888,0.086498275
8408,0.21416073
34819,0.21115558
107279,0.27997002
98878,0.34476924
65203,0.07624437
71618,0.68247795
43705,0.9659928
70179,0.093010955
6117,0.3506289
20608,0.07851395
108663,0.15122955
120076,0.35843012
124733,0.05405733
53000,0.31576294
106189,0.1385375
19243,0.6291158
145749,0.083528996
52168,0.06645179
128659,0.5359178
135584,0.2853341
139774,0.65368503
89972,0.16379017
149983,0.10109209
110679,0.07531566
36065,0.43167388
75135,0.43451846
100426,0.3618255
66600,0.25278652
17791,0.29172325
14928,0.03167364
64423,0.062163778
11417,0.39666986
126811,0.31787825
34248,0.058354132
140715,0.16510433
79179,0.086891286
28282,0.17243245
117502,0.19642901
111368,0.8861949
33482,0.88263404
88244,0.13953663
77079,0.052618157
77512,0.038322642
115375,0.47172943
63485,0.29288062
80836,0.058776807
105575,0.076371536
126369,0.07046011
40402,0.41443825
77480,0.17471589
98148,0.34147292
129007,0.3358441
55691,0.076450616
31628,0.5050438
120413,0.062771365
63115,0.19172089
122434,0.083309144
127856,0.04426388
34745,0.3404019
22719,0.10211313
27268,0.08149261
147072,0.08902175
31332,0.13398315
121906,0.051656038
104534,0.03917481
62434,0.6300059
83191,0.3530096
120256,0.48048374
82111,0.16283263
59374,0.040166114
94834,0.20304106
98189,0.11130418
89651,0.049138896
44787,0.15108785
136456,0.099943124
53132,0.061233964
12228,0.1013772
121519,0.10603131
118748,0.043323956
68892,0.029633129
11551,0.08705799
148159,0.10664625
11108,0.7311931
31523,0.03528169
144057,0.5802123
2894,0.8696838
18218,0.12024252
9852,0.788729
8378,0.6153045
149380,0.09928039
90440,0.107960194
62565,0.78049886
83390,0.049232323
59692,0.34943816
149606,0.04097614
103575,0.10737569
149596,0.5132399
96281,0.3824172
62909,0.0688928
2711,0.6140217
143892,0.047638644
93199,0.19565928
132371,0.13403788
127960,0.05708932
89010,0.67263216
40098,0.059285726
55710,0.17810053
106864,0.13728589
29163,0.69834805
97525,0.084579565
95343,0.46167144
107944,0.61332697
68358,0.09939264
35985,0.05453728
68080,0.23066431
127024,0.11559282
72689,0.19625399
71179,0.15873048
96450,0.26993456
148184,0.08029836
106953,0.21412063
55151,0.13744381
51406,0.17951584
108459,0.06680651
14703,0.78672045
97565,0.065242745
107499,0.43494007
41706,0.9534803
37916,0.4035854
46001,0.15523486
114434,0.09609911
68364,0.16321895
118797,0.24677086
9383,0.07715741
14888,0.030913185
95978,0.035141848
81821,0.46978453
70497,0.11040603
129274,0.119871944
73269,0.045261335
32170,0.09156314
23206,0.5053695
42046,0.07772147
43680,0.08149161
99688,0.17866251
101131,0.3150289
46591,0.06933089
86505,0.1241397
54913,0.41888174
86472,0.12224169
89878,0.3329328
85031,0.8312094
37256,0.057665244
136899,0.39568928
31512,0.062421072
146061,0.08124771
90688,0.15949109
8069,0.068614796
121287,0.11591182
1159,0.11580254
111239,0.67689615
115113,0.15034918
32543,0.6567556
128680,0.2494024
133538,0.5564604
66069,0.11775172
136639,0.6719654
128696,0.1975228
128705,0.4958621
17465,0.017282797
91957,0.3365394
92513,0.055551864
3301,0.07682841
50728,0.24526277
82912,0.44578588
8048,0.027926631
60369,0.26661456
42645,0.11735144
29389,0.49950388
21135,0.77714324
28334,0.043427996
69061,0.29974252
120233,0.77966005
61929,0.12990345
60223,0.052816287
3672,0.18599525
101918,0.047265686
108468,0.1390547
136527,0.066602305
91062,0.12621213
131567,0.7459087
15728,0.43295383
10942,0.24788585
25740,0.4682749
20971,0.6419267
145722,0.5575332
70635,0.17343019
33994,0.17550212
75959,0.08772939
20653,0.669065
4775,0.026131367
119141,0.06405028
128791,0.28827825
86630,0.09675866
105574,0.062016208
72862,0.31456178
72173,0.34681964
119011,0.043807063
40581,0.11453492
96291,0.19863656
64680,0.6484672
56873,0.13530917
9960,0.8941386
119749,0.05524077
122828,0.044577476
67783,0.05849942
83516,0.22760965
95175,0.27457905
138105,0.076505795
107154,0.27039596
106734,0.30776858
52183,0.8833595
44438,0.14814627
63016,0.7147322
103982,0.7097356
32275,0.098093376
27845,0.4887345
73477,0.35925382
43430,0.8517061
137854,0.08609211
31168,0.93912363
116072,0.029984066
131310,0.44707683
60442,0.07833634
104236,0.07976878
80897,0.13415264
135829,0.11259967
148041,0.11559715
104322,0.09769331
108677,0.8858342
131700,0.2293821
79284,0.3095631
122361,0.19895975
109780,0.020697204
93946,0.17566708
108364,0.112944946
66440,0.9450517
83262,0.15215929
48376,0.5075603
112097,0.103881136
129844,0.59417385
50621,0.14610487
97199,0.13728796
119572,0.042410567
129130,0.09434264
30168,0.04764348
15113,0.24134684
57960,0.16626003
103409,0.7247863
21849,0.08359781
126717,0.16134895
14002,0.06999498
128910,0.11958505
98815,0.09769824
27863,0.08260058
8385,0.30664915
133214,0.040341977
21960,0.16095757
29505,0.10687547
83317,0.09739122
74325,0.757641
8306,0.069777794
138746,0.8127031
142640,0.07635334
19286,0.19790503
41908,0.17559423
77980,0.31195825
5204,0.6720081
103892,0.12333463
30824,0.110189505
99148,0.04147097
117410,0.02775505
132323,0.028425712
9112,0.31122464
32265,0.4379634
58606,0.114753544
59641,0.5615011
142329,0.38479275
59922,0.25921038
146210,0.10205598
20651,0.050126288
112752,0.50832534
144972,0.10939568
83077,0.06555965
63382,0.6585181
144490,0.27521065
62364,0.46001604
47692,0.40561712
12410,0.055778623
16372,0.31526142
56504,0.06071257
33335,0.07738495
26204,0.30788708
114262,0.17094347
105364,0.3722914
75188,0.10882013
71850,0.07507684
48537,0.36859876
106665,0.55431265
127043,0.056301195
80132,0.34946316
32748,0.55953205
116549,0.077094875
41367,0.92410374
121727,0.1975775
107819,0.64465255
62448,0.18578091
77794,0.11850876
21770,0.02607129
93709,0.7432187
96630,0.0883546
5105,0.1550128
101298,0.030344717
134816,0.22066242
1338,0.018597435
123351,0.596739
47182,0.0973882
116187,0.18880792
85848,0.0735036
83223,0.0724328
143364,0.32606998
40856,0.062084902
3014,0.3829743
60076,0.8849653
9794,0.8998647
120506,0.023201058
133533,0.08070186
89663,0.38703418
2767,0.87207264
35617,0.12740445
54430,0.10500113
111526,0.44537464
99505,0.4201359
23050,0.07268076
2816,0.06624738
52610,0.034882892
75065,0.10855087
25606,0.12394752
53961,0.07292743
140027,0.36816996
4849,0.15831077
83445,0.064568646
45398,0.04233512
72024,0.06707596
73498,0.058341585
33671,0.3492372
87234,0.13841504
61166,0.20386584
48676,0.20388475
76980,0.13239534
99940,0.39181137
5245,0.45899555
73025,0.047880135
30004,0.5379122
84830,0.20472193
122934,0.20583278
36482,0.3261877
141465,0.32149956
112792,0.078673586
126851,0.07633276
18452,0.62920463
55873,0.10668491
23316,0.075834334
36366,0.8929895
112276,0.07395064
60636,0.51784277
7276,0.71403956
114047,0.19648588
116895,0.057746064
54385,0.663617
136217,0.118664056
64573,0.60384375
83719,0.39918014
61909,0.15270618
70782,0.21513408
24565,0.06678471
115330,0.08829319
55407,0.085732505
5119,0.054177918
104671,0.13732202
30132,0.06919497
114183,0.22129373
5916,0.40532917
45645,0.2670034
70641,0.032155987
97304,0.0701543
54503,0.6352825
108542,0.8179005
95960,0.1358039
44172,0.042178925
114373,0.4726805
94216,0.7515043
61239,0.03648738
136525,0.1293553
82116,0.12250733
78370,0.40464553
128214,0.046604257
124738,0.11643565
8364,0.22296226
126274,0.21958722
147363,0.0631767
103662,0.24575877
14850,0.3783364
79782,0.22058162
118192,0.029733533
101347,0.10471978
16269,0.8574874
87778,0.10393797
18926,0.17838553
8413,0.036959924
86029,0.111896865
9896,0.18842214
60829,0.08325618
22548,0.65693665
300,0.2544905
132522,0.21141909
9130,0.07370751
120168,0.17704438
122560,0.14518474
6126,0.11563315
51037,0.18280613
21014,0.08992218
71489,0.16624843
89496,0.24620768
14316,0.4519113
76467,0.06727752
75532,0.82658064
129875,0.02534562
64327,0.07528272
30969,0.02748433
8114,0.1834853
149992,0.09659138
28239,0.09587136
40685,0.16840973
111656,0.22267851
143796,0.046235576
14848,0.32626528
82423,0.03256234
127590,0.07782191
18638,0.13218693
75886,0.68181515
58276,0.12752579
14044,0.07777381
125397,0.12052908
121405,0.10022099
85126,0.23693441
9798,0.045349203
130509,0.60716814
55435,0.18543199
36459,0.63631546
19776,0.21668509
12235,0.07297249
113231,0.07038226
29196,0.30901682
44847,0.30252042
101348,0.06073267
46902,0.43595216
2562,0.41920054
96618,0.11963589
123996,0.73474264
12904,0.36605805
39328,0.0763913
70974,0.09837218
6059,0.365763
109600,0.20844261
13514,0.31409344
84191,0.15927133
4546,0.35507745
148652,0.48393363
85070,0.64412504
36103,0.23440875
57653,0.5657025
50321,0.032557454
84938,0.44857985
134624,0.06998827
113472,0.36155668
1614,0.08051908
124097,0.042604312
107286,0.24987373
90347,0.23668797
149623,0.8380304
26060,0.37978372
132243,0.82956403
5004,0.15993306
23576,0.078212045
90167,0.2551165
82163,0.1878486
64754,0.070460714
62059,0.09429079
69076,0.12977913
21165,0.046720445
70274,0.06343698
14228,0.12166131
126565,0.16684884
139822,0.78266615
14773,0.65354145
58436,0.58864725
46616,0.03686079
30836,0.09076059
119830,0.03489112
18319,0.11746142
104344,0.21329385
54929,0.759402
142760,0.13262373
134282,0.06433564
87897,0.07396724
42171,0.026595255
88820,0.6589313
117268,0.14667149
5691,0.16124602
17449,0.12677176
73936,0.09005782
110728,0.07267616
144843,0.11748558
21822,0.54837376
45634,0.07393347
122475,0.12042723
98411,0.05538183
102014,0.078347564
127349,0.036827724
113197,0.111797415
52187,0.14708692
83553,0.061318535
76683,0.34908682
112471,0.3045083
32521,0.05953502
43346,0.042063154
106293,0.15153085
112637,0.6762061
52123,0.43054563
108189,0.15646712
131046,0.46855068
25868,0.22838688
31171,0.040508736
7727,0.38941708
69588,0.19067895
50372,0.17518856
123697,0.17865862
11751,0.19584855
149191,0.09243908
138461,0.69149876
105267,0.19028972
105966,0.5455118
31908,0.28737468
4690,0.083798416
80028,0.03745771
51005,0.74149036
107988,0.050214488
99734,0.17641641
39286,0.83079123
100638,0.06688831
123112,0.11221035
130661,0.18935059
99521,0.05578198
50959,0.17334844
37244,0.42527944
116564,0.08246691
33040,0.9095812
47207,0.77855057
11408,0.124739476
17810,0.576249
121014,0.09321828
141142,0.27320653
94016,0.06867802
84059,0.31566113
55734,0.077965006
143526,0.1582354
29525,0.34947035
3015,0.46918818
136814,0.21882643
105297,0.03872321
29889,0.13704087
143847,0.63234454
147681,0.1847497
112323,0.07699971
22619,0.08003863
127050,0.5554628
118270,0.14667577
126725,0.060451332
5078,0.051192082
146696,0.30967999
119291,0.18234639
23335,0.27569032
70946,0.34927407
105749,0.8134661
111205,0.636232
139982,0.10647142
80921,0.044473805
25819,0.06732651
10483,0.033559497
15040,0.08586749
87529,0.0690117
67631,0.4400632
4478,0.06614674
3484,0.5109398
106658,0.07876968
100126,0.46153086
125650,0.066781
120540,0.21740837
81762,0.24594903
61768,0.4550245
111659,0.07442768
108590,0.13237765
38074,0.02283748
90466,0.90896666
14808,0.049144693
83982,0.4371679
145493,0.5303429
123594,0.25324023
13044,0.24289495
146083,0.032565836
52831,0.58824813
25955,0.25298598
11005,0.048074115
7723,0.56539434
109779,0.06052592
11673,0.20461257
19700,0.04917874
145329,0.16220887
102943,0.055054445
56522,0.08899775
22307,0.08137695
21277,0.38245174
146062,0.20940055
109756,0.32832232
65396,0.098870024
51382,0.6701985
147111,0.107865736
70419,0.20143576
101149,0.38591266
62337,0.0783324
93282,0.648762
40490,0.14063008
135900,0.1622582
17346,0.4869386
132988,0.236815
4071,0.07634343
145757,0.43746874
138682,0.15357964
71776,0.56618524
77994,0.40215865
58384,0.37509078
109473,0.16759002
68145,0.18029074
104636,0.084126085
16062,0.21920179
137397,0.12348519
91377,0.101131976
16129,0.63231224
31359,0.14354292
102436,0.57959867
102185,0.2913562
106572,0.33501142
27573,0.06661797
57165,0.8005749
102821,0.1941777
96551,0.21677424
75073,0.026845414
14313,0.5086329
134345,0.111639835
77913,0.09496704
16539,0.22540468
126955,0.1453407
50103,0.09057864
148187,0.03280904
68423,0.109336436
108826,0.066466756
26352,0.55675024
83513,0.04202824
119492,0.3094573
56003,0.45141262
24021,0.050429273
97629,0.21579923
60722,0.12660284
52789,0.9815382
38635,0.117666066
83505,0.10242744
142060,0.1275085
66029,0.8346016
69164,0.086705975
3492,0.25724998
11048,0.14179738
48287,0.16691417
85833,0.23472458
17381,0.07971549
858,0.1031243
33026,0.05618713
27055,0.05052015
24036,0.07059778
46871,0.5618868
126359,0.2955006
14885,0.08981544
83141,0.05296339
252,0.9267967
120467,0.6435963
116663,0.072972916
132717,0.059561938
135662,0.9295386
109927,0.12557572
53747,0.60247976
102280,0.9300337
141043,0.0961727
29464,0.111655
142247,0.13240293
38082,0.043371398
43484,0.1640396
120860,0.54123604
23135,0.12096509
66878,0.058374878
14300,0.16529743
25555,0.06666896
112298,0.34094238
29963,0.023222664
61069,0.04670266
138631,0.07744376
108641,0.09181223
110501,0.14140148
62624,0.046558578
118094,0.27820456
111460,0.1762277
32880,0.05233918
102410,0.06034614
123856,0.09216537
107649,0.5535532
100404,0.35139415
114355,0.027266951
60623,0.38813645
88171,0.19273546
56551,0.33904907
91370,0.9159266
140182,0.34469178
38860,0.08976457
77785,0.034108855
2992,0.67069596
59639,0.058760423
26928,0.082336284
65049,0.060249995
145165,0.09228422
120990,0.09189708
50053,0.06551139
100624,0.099991694
45394,0.20842186
66234,0.50469095
56477,0.29944977
79098,0.10607935
32751,0.31870955
102253,0.6115778
114265,0.13172285
95970,0.34497392
2687,0.88692814
94586,0.0692072
37373,0.56550694
78529,0.047407158
24037,0.029125277
45161,0.3760795
70800,0.11605923
30796,0.06529886
41999,0.45906636
129809,0.13623534
37774,0.5099474
132005,0.090271
13164,0.098696195
80905,0.069378786
67614,0.13930498
11790,0.10823203
145429,0.1007002
50330,0.16838095
102005,0.69191384
428,0.07804829
126010,0.048402805
68553,0.31716087
87213,0.12811509
44482,0.06712923
113036,0.045801923
65841,0.03945508
142615,0.15313993
58274,0.05968045
4765,0.5400556
96830,0.23978747
3642,0.024864871
133462,0.08915496
77503,0.2362393
106308,0.2791935
57072,0.093051545
97682,0.50019294
21136,0.055866458
27909,0.20173796
87419,0.085135214
101698,0.18076594
131095,0.1232794
105283,0.56281245
5166,0.30433348
31503,0.033718232
73182,0.028760295
34710,0.4997789
5389,0.15939821
92189,0.3077493
14384,0.06623106
16631,0.36376968
57989,0.12326834
11090,0.34324142
66971,0.12726071
46325,0.05259519
117466,0.2757003
47875,0.05960266
52866,0.6065614
112464,0.1040631
145416,0.3208762
63360,0.42039612
85761,0.079468295
81682,0.4434492
96402,0.029052675
12166,0.5989415
15374,0.7105519
136986,0.22517705
104147,0.56344527
66062,0.78297186
28028,0.25292575
5939,0.27665886
61186,0.058641568
77210,0.077554606
72871,0.19671983
39830,0.08203497
84326,0.04242868
136725,0.08333087
2261,0.20950596
39442,0.51683694
122393,0.09937889
18636,0.82034117
44984,0.16344008
69300,0.76118183
54024,0.09296528
105995,0.2451754
67208,0.08859194
10824,0.121879965
41170,0.09173658
30816,0.8955951
134240,0.5868245
142440,0.38106328
7508,0.029517556
126623,0.12843287
8108,0.16867721
17264,0.43170115
113839,0.06545163
69505,0.54546344
539,0.09902085
75679,0.063171916
116122,0.4192326
16606,0.08539367
5121,0.5054084
104691,0.10624083
74679,0.05634714
95246,0.34235927
98873,0.11926104
115728,0.0522352
36034,0.41650653
90085,0.34213176
90463,0.23696472
105121,0.46232277
110746,0.65601563
109279,0.24266514
26771,0.30097547
54393,0.31730312
110645,0.14423129
136474,0.06498029
23632,0.42915747
131880,0.046153516
7662,0.17200491
19423,0.14524701
77165,0.15769985
130135,0.85683846
93572,0.3287801
108330,0.75296
147970,0.17678988
14933,0.9446249
125967,0.08774192
66265,0.70348686
73901,0.08426288
18694,0.07474813
17186,0.70539266
147645,0.8035642
84909,0.5563577
32633,0.2140746
27493,0.5135822
139973,0.03520575
61652,0.24243635
139697,0.26005656
62693,0.08302375
20142,0.23080246
53910,0.61556894
109002,0.2643924
55483,0.47320664
76724,0.22820129
14809,0.86360186
26412,0.20621619
138751,0.20691901
114759,0.055584162
16557,0.099881314
73930,0.072147675
123169,0.4187306
110224,0.09669765
16862,0.080134936
20014,0.82396173
40284,0.06708248
69372,0.12721847
144454,0.19070594
70044,0.509691
136866,0.8925896
36345,0.07292272
139136,0.075438276
79605,0.20735487
80868,0.45881248
59719,0.23175582
39333,0.087833986
71109,0.07761892
79556,0.43319133
4658,0.30340815
112100,0.52015233
3122,0.06165706
109071,0.21588537
83662,0.4822934
8877,0.15617338
62249,0.12376723
136490,0.15051709
406,0.13024472
17406,0.16467808
23044,0.48230392
128801,0.01797858
2238,0.10212952
10301,0.12121882
26116,0.34513038
55833,0.50936896
44391,0.7337988
80736,0.08494406
30729,0.02999713
53147,0.3776619
61237,0.19712883
24884,0.21106528
44260,0.5299427
122413,0.12983438
135130,0.7516255
77310,0.053929057
138506,0.109716885
58363,0.71734625
147579,0.20674361
79835,0.12710197
12633,0.8872402
87629,0.058160856
114189,0.28677297
36063,0.050781183
24094,0.084753826
55633,0.08355687
146803,0.057058323
21609,0.17793381
127535,0.13025786
23782,0.117647216
117149,0.34828606
26640,0.8094595
54845,0.5209849
117710,0.07494472
106662,0.026135834
15431,0.07708726
13626,0.08474249
29283,0.08353085
107763,0.91967696
45349,0.06355831
28526,0.41586548
117787,0.07219412
6769,0.06685177
68878,0.10760571
73096,0.12806809
100666,0.23706475
133280,0.052612975
131411,0.08373896
106492,0.09819802
102654,0.12421892
2833,0.07918998
63362,0.29732203
132609,0.12956284
59083,0.044751845
94771,0.30675226
148348,0.34545314
41117,0.46015415
48467,0.30352426
32834,0.43640557
44679,0.7013092
94865,0.4911416
12145,0.9377635
139712,0.088250645
55131,0.15349151
84720,0.51943594
24339,0.33645687
111477,0.35161752
92573,0.10724608
92911,0.10465814
4842,0.80241495
76303,0.12195674
124269,0.07330056
130850,0.35279268
71292,0.39120147
81468,0.6461441
23795,0.4681911
99174,0.30954382
15699,0.52792794
31467,0.046476614
83512,0.14610037
95498,0.2567291
79572,0.48714072
129033,0.21073677
66433,0.26905283
138452,0.41202343
114153,0.27804816
134859,0.6499924
28897,0.24207641
18807,0.08954147
148286,0.06743775
70254,0.9175065
8335,0.31168485
47561,0.47471923
38076,0.38471746
142595,0.82667446
67136,0.3372512
43335,0.10313943
76406,0.082152404
135716,0.4078101
114130,0.30650967
81382,0.04342246
22593,0.73804164
127608,0.19521905
41446,0.1856185
37917,0.20204999
51366,0.11624083
98378,0.29649556
32163,0.050564803
89585,0.036209937
127681,0.049726278
63769,0.47105595
124050,0.22442433
94344,0.24909882
13178,0.48791572
47380,0.36573032
31949,0.06849674
97665,0.7216662
93010,0.041496105
11230,0.10641975
48043,0.31566188
38978,0.113675065
19844,0.13300306
121220,0.90733874
71002,0.7341477
131932,0.08409254
140408,0.22059067
147373,0.07627163
54612,0.143342
21390,0.19984983
39404,0.6531785
881,0.5330175
9082,0.0801001
43271,0.10333484
121488,0.9145268
146199,0.15998068
77768,0.044973046
94981,0.048182413
75166,0.7842972
2025,0.53647405
139819,0.26443133
25531,0.19551836
62395,0.86732405
31870,0.10378136
94517,0.2682151
112073,0.6757102
73542,0.40392703
75547,0.091296814
94960,0.14171411
29578,0.19034134
68475,0.13295406
147768,0.7800393
109980,0.07264356
147001,0.08916215
124881,0.08296434
38507,0.12765813
120222,0.4687788
82946,0.118012816
47317,0.06254837
13707,0.2318023
78648,0.071957864
131913,0.09709102
27671,0.4663016
125462,0.27352133
103481,0.08423416
68331,0.22828637
27343,0.3200484
58204,0.038933292
53133,0.15035915
103255,0.17155245
141694,0.07802922
107895,0.024716431
140712,0.08723121
29671,0.28495666
82078,0.2323779
23419,0.21271166
102236,0.14682764
89401,0.46791264
12845,0.07543636
27296,0.07628695
97583,0.035934154
76404,0.3496652
65647,0.47885123
142637,0.342584
38786,0.14445908
11432,0.17380969
117551,0.4777179
143123,0.11379888
72190,0.6497548
146276,0.34469068
30944,0.0957013
144007,0.1476519
149995,0.26362675
115938,0.25074705
120978,0.10111593
147691,0.3623475
50833,0.03698426
21335,0.27588636
109286,0.07754492
146172,0.076301485
40657,0.35930952
17820,0.079299994
27958,0.10903852
8175,0.072973154
61271,0.3497297
34596,0.56844455
35952,0.1941488
46801,0.047791447
74551,0.5512092
52259,0.055937693
143076,0.24038349
97279,0.07774716
81669,0.042262506
47369,0.5867339
121376,0.13297886
132889,0.09744182
83127,0.057824533
145754,0.14357111
128497,0.113596275
82749,0.29009935
23943,0.05340598
37283,0.025316976
110476,0.4202662
82613,0.2782286
107033,0.6589204
51885,0.43809107
108630,0.6417518
11733,0.6649042
107541,0.52877
99207,0.04169128
115752,0.048904125
46688,0.049593728
75708,0.035124198
13867,0.10961373
54982,0.08291709
132801,0.09332872
45362,0.3002006
58834,0.17559168
18154,0.044913005
51168,0.06871007
103979,0.32486057
59509,0.7486809
24232,0.4329386
135845,0.36818424
124003,0.0727401
132544,0.25102183
60308,0.06580504
131575,0.68863356
125873,0.84048396
24870,0.08643448
113466,0.3421229
56321,0.37539247
133460,0.70324516
112452,0.23848026
28433,0.18947682
16678,0.43659067
81164,0.858451
27230,0.11150036
68569,0.08175018
68556,0.7618915
6836,0.34663492
109118,0.14192241
144551,0.49458432
110990,0.08531827
103636,0.08454394
54835,0.038228367
108158,0.4342702
110602,0.07818566
2884,0.048556603
143649,0.12386549
67109,0.19666237
44881,0.031637948
140040,0.26849747
148052,0.20193277
34537,0.21125418
3275,0.027010279
40392,0.06760052
64906,0.5194658
141845,0.14257726
113181,0.9027729
43986,0.1195176
43334,0.086395636
70001,0.16579376
135489,0.050997235
27066,0.65476966
70325,0.14437626
112425,0.087313175
85348,0.12693256
69724,0.59912866
67728,0.018659838
12312,0.6116779
15355,0.12101711
11192,0.29059952
25362,0.04420405
11561,0.8735421
28259,0.9105816
141954,0.16797467
106393,0.47291902
123583,0.32410303
126055,0.13049056
84207,0.24858157
73637,0.2487768
21745,0.116130784
134171,0.08105224
26733,0.53047556
9225,0.5832346
112379,0.23864673
11740,0.31239393
66851,0.2706594
73835,0.05872242
20007,0.13147627
51378,0.18840416
7049,0.035505783
146071,0.040292967
70083,0.11976923
33851,0.030676778
56694,0.2320785
126181,0.47180754
15079,0.2780669
112183,0.49708048
148010,0.5281116
99836,0.73482805
143279,0.030485945
127691,0.10777446
114910,0.05946139
78565,0.09829174
114367,0.18250342
129959,0.62080044
68248,0.22199664
112144,0.06229011
5543,0.18272339
75864,0.07365823
61933,0.8310805
20126,0.42171177
109503,0.09039524
123957,0.083485164
25457,0.057946585
61076,0.8917399
34589,0.008375569
32060,0.9333237
142735,0.108615115
18794,0.06857924
20696,0.027604168
107302,0.02799898
52564,0.6125111
83190,0.5047351
10261,0.12070925
122794,0.32486466
41906,0.31521702
141579,0.09736421
88514,0.6820268
88898,0.31907496
40484,0.1050202
66683,0.020580187
47160,0.057445172
146834,0.06476721
9728,0.12493125
16321,0.056269202
83383,0.4284819
51524,0.043075606
85059,0.43632254
143617,0.19853455
9520,0.7924412
36003,0.22303537
73275,0.15153545
56276,0.31390533
87222,0.22246122
53005,0.08089086
68612,0.039603863
45468,0.076236464
82606,0.06674622
143231,0.10339775
133991,0.15157941
52742,0.11927735
62150,0.06553695
55480,0.07533182
37286,0.41718277
28386,0.22313517
20503,0.18242742
28246,0.46901053
35250,0.04212282
43793,0.10365072
83850,0.20990066
116950,0.5637753
127273,0.16843043
55502,0.07926108
48309,0.112208776
118276,0.12838978
133273,0.3817027
63613,0.19346844
37049,0.31021267
103633,0.086186245
104513,0.24243718
94721,0.08786163
47037,0.084205955
109828,0.097171545
104096,0.124148294
93313,0.2629813
11596,0.1345891
17356,0.52828395
146102,0.3533424
147358,0.26691714
4703,0.04131398
130483,0.20209892
9658,0.06286997
9492,0.11880788
55060,0.074907646
20308,0.096499994
99863,0.06236585
63514,0.3699615
119982,0.89175016
103644,0.278749
31515,0.07039287
12640,0.19995695
54591,0.24890718
148763,0.15291552
66442,0.67069227
79318,0.46823522
92838,0.76698494
15437,0.36075696
15336,0.15669128
53127,0.5737169
109653,0.04376828
148109,0.10524962
17769,0.28142715
88669,0.12453265
123421,0.076865315
3862,0.071112506
85634,0.5685964
136070,0.07968866
148043,0.77926254
56580,0.031613715
36382,0.1756135
92194,0.064018376
119640,0.34101892
38106,0.1340189
79056,0.09109618
56700,0.25545156
12709,0.13400386
72278,0.57343733
98730,0.2010528
30167,0.12642749
28298,0.06969682
11524,0.24590707
71806,0.63627136
51911,0.515567
131142,0.08940874
21070,0.15078771
107583,0.16910428
129195,0.19264725
40790,0.057753876
91267,0.0650805
52592,0.029502703
43481,0.054880325
86409,0.07407601
63398,0.29161635
132644,0.2104444
56734,0.03128265
54586,0.22613354
28020,0.90372396
32130,0.48979756
130272,0.23970947
85602,0.7837452
144463,0.24076618
124877,0.52824277
133879,0.07578494
47290,0.10976081
125835,0.06116265
148776,0.5477267
66315,0.0273486
32539,0.07149472
22067,0.096464604
34848,0.08354069
51537,0.29593277
19057,0.87256336
136110,0.16066542
51992,0.6545558
148780,0.07257018
105069,0.10530594
23799,0.018856768
141680,0.074778706
116670,0.11062778
131839,0.25567475
132240,0.08243753
94412,0.36228645
95004,0.67758316
44384,0.07597118
16231,0.5805499
2798,0.10843665
127992,0.3147815
149594,0.5981337
119126,0.6251388
126153,0.33347762
81137,0.47566035
22964,0.09887559
7782,0.095912695
147876,0.10279151
14127,0.73630977
114495,0.020907931
135139,0.15274519
86603,0.07740012
42732,0.09563977
130355,0.74991894
140719,0.06830742
140550,0.06369865
51829,0.51387066
143013,0.9618333
27742,0.9036232
139723,0.19934459
52872,0.053859293
60333,0.15386008
70865,0.20520906
25465,0.15866844
48642,0.93098223
91983,0.1136834
62810,0.060357068
137111,0.21095811
75620,0.051309314
138798,0.5839881
79451,0.2270433
12452,0.11826409
68981,0.4498435
140163,0.23738964
54770,0.7335324
15827,0.05590363
140956,0.21522701
30596,0.04380064
68805,0.1045925
65813,0.10375548
84713,0.027375257
56334,0.06502837
31297,0.5868245
107697,0.75380844
52611,0.05113634
20710,0.4746984
128636,0.39999634
39869,0.07669261
115779,0.11000202
83270,0.27053836
108866,0.1829846
65231,0.057814855
10080,0.63314724
118659,0.098862424
37680,0.036474433
30603,0.11027793
68255,0.09778786
72621,0.11316473
99614,0.9027273
92086,0.18725929
147594,0.9357752
68687,0.14276312
95615,0.600334
110997,0.28821307
117705,0.12953116
54651,0.25149986
124841,0.36169693
66222,0.14532262
6717,0.23531967
3790,0.36850274
20965,0.53914154
128926,0.32828307
21987,0.6536207
46425,0.55150664
28077,0.25312403
136765,0.19071294
48289,0.2657109
28310,0.5101048
1965,0.067362696
35276,0.26317763
51361,0.09935736
61495,0.19242075
96900,0.09297596
9579,0.073049076
103247,0.038178474
70442,0.12590614
4621,0.31217408
90383,0.65551907
22157,0.091421306
62248,0.23796448
50362,0.08268013
3402,0.7472925
70945,0.20961057
120834,0.027953902
131273,0.044074897
24880,0.15163116
45103,0.060019847
124583,0.03011965
86978,0.039255578
79373,0.050237235
2511,0.021908654
30136,0.6711733
97845,0.4374061
32178,0.08598225
103530,0.113548964
15211,0.048121337
45138,0.8479193
41954,0.065517284
26200,0.16908108
132892,0.6398925
132074,0.27750775
10293,0.02722731
115916,0.055413082
145132,0.60259086
123088,0.066731595
135474,0.18773875
98251,0.48195776
655,0.2527959
47282,0.10278716
138696,0.029572893
58612,0.16123489
117034,0.063332945
94991,0.27104604
19024,0.2452203
34334,0.06594357
20658,0.10563362
70355,0.17753945
62380,0.4285408
26354,0.06716055
1703,0.05160279
103312,0.18605588
143108,0.28807285
4153,0.060952373
141583,0.2162213
73204,0.69634247
136362,0.0866861
131078,0.36248282
5091,0.07154104
32347,0.11141367
73423,0.06959303
99552,0.59447
10846,0.08239012
54918,0.046365056
74881,0.082254246
123025,0.084554374
128545,0.19689335
117260,0.08176308
54840,0.23772873
28650,0.3923398
112762,0.29729855
148340,0.1407487
45763,0.038473256
37440,0.30193895
62592,0.078208044
46144,0.42923775
38120,0.056438234
24704,0.6516545
77898,0.42332584
87499,0.09707265
64124,0.18151467
74280,0.030461691
125742,0.19082366
134412,0.23385864
127329,0.5495034
43073,0.3675978
87148,0.083242945
26269,0.045986675
43783,0.24037625
116876,0.10964941
128721,0.17250459
100070,0.06560277
25820,0.064020604
64639,0.030870575
11181,0.30786422
118592,0.48758435
103236,0.09420231
61355,0.12043201
29152,0.2983527
70181,0.5391206
137801,0.37228444
58293,0.09653827
44113,0.570239
131327,0.878895
97440,0.10611186
103287,0.29753992
47027,0.90342456
68845,0.023360308
21937,0.18618733
9348,0.02107528
65475,0.4985664
3942,0.4468059
18956,0.26551417
66451,0.2311794
39902,0.31045195
39600,0.86130553
138054,0.15643713
18403,0.27988937
29309,0.36383787
101095,0.2870071
51295,0.4896752
117537,0.07233208
3540,0.047459316
112606,0.33969164
89539,0.1501163
119579,0.096302405
119709,0.05475834
11411,0.057170257
36275,0.48462284
19140,0.03509
35243,0.23136726
51077,0.061286043
71725,0.031424165
83232,0.089320466
41586,0.5301128
138935,0.39488834
40556,0.24394965
31689,0.1405454
90157,0.07074411
49199,0.48725516
35199,0.07896846
136843,0.44380102
67464,0.048683673
64042,0.0611146
10178,0.61072457
25438,0.08084808
119511,0.052313477
21657,0.3681063
123257,0.038492847
105797,0.1623818
32257,0.15554433
42931,0.8678216
115420,0.055661745
137416,0.64815813
34305,0.7234687
48666,0.13037033
35161,0.053142995
22090,0.055389825
47817,0.046668187
141818,0.48518252
33765,0.1377382
86950,0.17452075
129199,0.028204037
17610,0.24071506
64224,0.20927693
97262,0.0657625
4199,0.107114755
70619,0.13865565
134185,0.34426746
75009,0.5104074
141800,0.18186808
146157,0.46954697
101884,0.022868201
96209,0.05475339
120503,0.034399595
36815,0.07451642
54806,0.08144848
73615,0.11651777
132744,0.10272948
2313,0.17297263
127100,0.49678582
54877,0.23898944
77097,0.79768294
13509,0.034824234
89299,0.1310807
66595,0.048885807
115546,0.038103152
111004,0.15734833
27379,0.60544443
49171,0.8189661
90766,0.1165724
148251,0.07453153
3033,0.09865917
78440,0.38779572
82397,0.42255723
36054,0.40045676
8105,0.29592374
76825,0.10380353
115665,0.047390416
48160,0.17215075
2405,0.59452397
4712,0.7077692
2850,0.04144952
111797,0.2852536
109452,0.039996907
124393,0.08198806
72693,0.4416876
31121,0.39380074
32172,0.2043779
71378,0.15599714
11519,0.027805528
126585,0.8745378
122409,0.937545
55337,0.34515095
27549,0.06325285
79571,0.28685275
136757,0.086179726
99689,0.081080444
17708,0.34343812
50541,0.21606718
74829,0.37072414
50115,0.8998068
25628,0.06766533
126161,0.7192951
148283,0.06647605
61898,0.8219085
145001,0.36523327
38241,0.098543316
50217,0.2686195
20236,0.08735196
104706,0.08003117
54590,0.91915345
123841,0.54885584
49263,0.204366
78563,0.3730679
45171,0.47426093
37981,0.17903607
143407,0.11258674
12664,0.089533985
59695,0.11329292
27460,0.09552044
26846,0.058811598
64303,0.04952581
140088,0.8961668
116121,0.28495276
130940,0.11886795
54495,0.096559435
122107,0.5041563
110829,0.11234026
11655,0.08094231
52791,0.90165347
133466,0.3799941
95987,0.06651037
86104,0.09447738
45673,0.2357524
95868,0.45476037
72703,0.075560175
62561,0.6787137
32102,0.3392936
6359,0.037368238
25768,0.1089316
31893,0.9064724
111697,0.51267934
99497,0.041831046
36689,0.08719067
107727,0.11653193
78629,0.29885462
71259,0.62634003
101479,0.6032685
146704,0.059974615
146780,0.15688565
142694,0.054372836
15903,0.06442742
123974,0.07147146
27621,0.20753965
135723,0.07147869
87655,0.10130963
38945,0.121542506
93770,0.07434898
53497,0.10134141
82430,0.26591223
25833,0.10898736
26779,0.30695647
6996,0.85330653
32932,0.39671546
99221,0.1692148
108654,0.08915266
47664,0.13593489
29632,0.18336605
84049,0.026983975
80366,0.3207683
79092,0.056853227
46373,0.123571835
1212,0.06354734
2359,0.017027423
82639,0.033305414
46040,0.23754734
71802,0.47771704
109924,0.09228077
31684,0.2127828
107922,0.40142995
50159,0.75571793
92161,0.12209719
30446,0.44866353
149644,0.45903763
60877,0.31074935
3546,0.105041735
85645,0.7636392
80272,0.060802042
88814,0.94428587
132109,0.32965893
58899,0.07122249
117974,0.8620005
29287,0.7736376
47954,0.043367885
147953,0.06947772
76252,0.76990634
3687,0.102018446
90310,0.08719011
5807,0.049138777
31108,0.1929056
32387,0.41288868
148225,0.073786944
105878,0.16944858
61175,0.82177055
117044,0.5035686
19916,0.34874913
32273,0.45770803
133113,0.09647898
52533,0.06996101
10205,0.4612073
83723,0.28472787
141896,0.80890197
87216,0.7093034
118417,0.038792796
74117,0.095782235
54063,0.039933056
99653,0.5224772
77589,0.27508524
93842,0.15856376
10181,0.15932152
132369,0.074542105
2903,0.11384711
137787,0.31770402
14954,0.076009996
134509,0.20156576
111135,0.6394143
56076,0.11794311
97627,0.4206028
9273,0.12655476
17604,0.75435495
66892,0.091514684
132123,0.060217783
119874,0.28032783
48703,0.16393636
42993,0.059751693
55118,0.0803298
9444,0.4055658
67763,0.11417822
73599,0.0835876
89739,0.07171668
39781,0.06263147
12957,0.08046491
141619,0.44701278
59880,0.85661197
62937,0.50071985
22927,0.20001838
89922,0.06267339
62828,0.19685161
86341,0.08526786
107426,0.35751253
102999,0.10924994
4082,0.9719344
72891,0.085186146
57564,0.9378364
79044,0.09962652
111070,0.19148512
44566,0.038397882
117482,0.045479156
54900,0.27896103
66551,0.038055956
149895,0.30248863
57117,0.42861757
75117,0.2639841
44578,0.06253756
36472,0.22211675
106708,0.11813617
111670,0.10010115
84771,0.33341077
94519,0.07936352
126046,0.31205374
5708,0.072116435
54979,0.14759204
57767,0.88795835
118842,0.06935482
128248,0.1559297
145871,0.12784381
97004,0.8316767
125515,0.6528264
31756,0.2754636
81702,0.31483164
78393,0.28770712
78301,0.057854403
104501,0.56408864
64298,0.9005211
111448,0.17092982
112556,0.04236516
24510,0.06621437
85363,0.023745842
46535,0.060816504
64541,0.20765172
102628,0.6803092
44167,0.12268321
36722,0.07936887
124890,0.35806128
99340,0.018526906
89987,0.14918442
57046,0.09099996
31393,0.26621482
50688,0.062251627
88389,0.05465249
124132,0.2938007
138346,0.058170315
33795,0.10959942
125508,0.41286334
146405,0.41128555
90637,0.077637084
96455,0.1574945
142567,0.73924524
738,0.09591602
27146,0.06458063
49834,0.18117397
144396,0.16437444
76356,0.053941015
3559,0.150995
106066,0.09618291
117258,0.18539102
70878,0.70629686
83301,0.5129134
62614,0.07928579
14131,0.09280801
63132,0.38900515
23758,0.078745216
54713,0.16436717
22963,0.06264922
107062,0.2229926
142665,0.60073215
44123,0.09595407
125471,0.2363224
129008,0.17801544
142042,0.22350635
116124,0.044721626
31399,0.10364815
32936,0.2320817
53908,0.23184668
99403,0.04664282
123519,0.03678428
6834,0.010126826
104383,0.07533007
115014,0.5792176
20674,0.042867843
100906,0.30937755
26487,0.9193243
127084,0.16618705
48856,0.23266703
33891,0.66096765
147280,0.021846408
61479,0.30865052
128796,0.34413174
124904,0.056591295
37871,0.8371723
38150,0.1216917
35801,0.11240561
65591,0.23431818
69336,0.8045318
30204,0.06383696
21897,0.3071796
102009,0.5703554
94843,0.07259896
3061,0.20548275
90522,0.04898588
38440,0.085748635
101203,0.8262198
90568,0.93574786
91288,0.0993029
28900,0.1951374
21208,0.09733877
7517,0.39818257
612,0.7168423
111961,0.10928386
10334,0.43026102
131712,0.069680035
79671,0.09983283
58663,0.23509862
22510,0.86641073
136766,0.075442865
59681,0.1932443
433,0.15436152
92839,0.59141916
51159,0.13159145
19403,0.12418679
120372,0.10597589
31410,0.11908102
79768,0.38297793
116542,0.08435137
46138,0.08906743
12853,0.039346322
37366,0.09897056
47952,0.4002611
32272,0.513263
26163,0.3360022
117218,0.052250087
80914,0.5158974
50162,0.027157243
79877,0.21668012
43945,0.38499478
93308,0.15625691
106821,0.50297594
63809,0.03909392
94425,0.3487514
107029,0.075896464
33041,0.12661825
60553,0.4657099
11363,0.9138852
67680,0.02735023
8701,0.10296559
137553,0.053022042
28141,0.49818793
19886,0.21810393
110980,0.18185955
24187,0.07015718
42938,0.37114632
48552,0.08957971
106571,0.43190828
17141,0.048541155
138562,0.43602937
72499,0.057156906
59006,0.10897245
141788,0.13094132
10340,0.07370865
98820,0.07954085
101945,0.052030284
137633,0.8810967
33471,0.4608746
50489,0.08091188
139142,0.04151172
80807,0.8437114
145062,0.2099146
124038,0.09527071
58926,0.09393863
12414,0.46083552
19254,0.13746487
126384,0.53307587
15836,0.07478844
60343,0.041985087
9419,0.05864078
69741,0.21317436
86982,0.029163945
3620,0.08112584
142038,0.08194753
56427,0.38553217
59584,0.08096855
104297,0.58766174
42918,0.37267876
9116,0.098985024
101313,0.28352922
72043,0.06241861
143495,0.6060734
49520,0.058693122
119064,0.17826541
58702,0.05080044
83842,0.22372688
141289,0.15317161
75351,0.17468947
148991,0.12103534
98513,0.26224717
1904,0.06365278
123626,0.05177331
135617,0.0374164
131998,0.97480583
149325,0.07865602
42887,0.10268297
136848,0.6254492
54618,0.06879473
84883,0.041638847
93150,0.037813168
102723,0.16109619
12597,0.20404969
90482,0.182525
88752,0.9258466
39776,0.050003648
97086,0.8031011
90988,0.035064474
121028,0.8506442
77087,0.1628095
4683,0.08840689
40923,0.36508343
32990,0.040454682
22706,0.69543016
81642,0.032347452
131954,0.54231405
14222,0.073147215
127332,0.07273149
134070,0.07368463
20368,0.08166417
75071,0.05298188
85536,0.94539076
75087,0.051305596
25139,0.94747776
81121,0.062417526
5498,0.80472726
68914,0.068620905
18371,0.068281926
117348,0.07809126
19627,0.09757031
36920,0.20223439
142509,0.08355863
15442,0.13425466
21043,0.6388289
7088,0.11446088
137934,0.59684026
11956,0.02148696
67652,0.51322085
125768,0.86974907
40491,0.026693005
102209,0.099370144
114159,0.47403732
11125,0.06731715
91230,0.11951472
85869,0.4530166
118366,0.06638529
62851,0.55834854
33093,0.7721011
111037,0.13547845
9039,0.0830657
44976,0.124113984
66567,0.055829722
113325,0.07828439
73120,0.26360396
75387,0.60967994
34663,0.43542075
144578,0.031875443
81452,0.10157765
54199,0.10389808
35140,0.7606608
33065,0.17221884
83543,0.05450173
124061,0.09220055
88047,0.11480361
91527,0.16700043
73414,0.21819341
46366,0.06703887
59225,0.13848837
19424,0.5591566
117362,0.58919114
128962,0.09370288
51484,0.5335696
36575,0.88222665
68761,0.14320788
119736,0.08701118
82611,0.12635474
83868,0.08228867
66455,0.38182667
17726,0.87415683
94138,0.11968477
85334,0.101845786
67999,0.11529668
121750,0.28392148
43222,0.052543536
101190,0.07048208
79268,0.9411616
25280,0.7657457
2696,0.65500057
75305,0.34150004
133008,0.09295622
88858,0.042610906
76441,0.8891006
16900,0.6160698
42493,0.6615584
56597,0.18938683
82477,0.7012775
91420,0.13003507
60905,0.26031154
131323,0.10398939
71845,0.21937521
64866,0.06969192
137729,0.2274335
53108,0.4422613
134378,0.08405966
19013,0.2368513
15085,0.5204477
23540,0.059646383
77993,0.2932214
19002,0.1282734
75152,0.41528746
67910,0.08971291
104037,0.090876326
79635,0.16880262
16400,0.16235238
145483,0.21569708
32251,0.8235349
89880,0.07814014
96037,0.060005613
121960,0.14517862
39418,0.16313043
114652,0.14872612
92721,0.55759
1302,0.107091345
147819,0.37768295
96244,0.76143384
81395,0.311302
147458,0.067912556
89039,0.69894475
34612,0.07025124
9239,0.060755726
84872,0.7561534
148520,0.62465477
127337,0.07362808
75963,0.14923981
35127,0.07924574
12818,0.33350423
97902,0.5656863
25700,0.26559827
10167,0.036137477
126939,0.6116235
36485,0.92040336
144355,0.5603744
28378,0.4190968
15633,0.224288
103900,0.87404543
32036,0.14574052
25352,0.2846879
31272,0.059395246
103023,0.058946237
52410,0.18493916
12500,0.24841079
147604,0.1456062
146632,0.43918842
141706,0.063024215
13698,0.09178248
89590,0.12613262
52932,0.063921385
128539,0.16157384
83737,0.12930854
40283,0.41885212
48265,0.13662943
139253,0.10011662
9454,0.15726459
94823,0.104819134
137101,0.37973112
127888,0.074600875
55733,0.052217793
41071,0.27162558
140667,0.12997606
116139,0.087973036
132538,0.22540148
60199,0.3578276
14265,0.16957025
108436,0.23147511
118333,0.6887567
20018,0.06245542
62513,0.41365153
148816,0.46154153
51871,0.81267744
50929,0.8609647
86310,0.06882192
19235,0.6182427
114920,0.20734489
59140,0.0977629
141304,0.07246888
46780,0.061556194
54052,0.04064251
68529,0.37439805
15987,0.18865292
16583,0.25126806
7071,0.26299712
34943,0.14759602
78262,0.09335727
61402,0.098877
65193,0.2668934
60644,0.25669107
116356,0.0987652
103308,0.37989882
9833,0.11103507
116650,0.14073612
83189,0.086103834
63883,0.5841493
21804,0.84516555
121132,0.07603055
34675,0.06971612
131402,0.1970493
95961,0.11054357
8415,0.13924176
88893,0.063716106
6122,0.7821541
43072,0.36474276
129520,0.7535239
6230,0.076759934
149945,0.3071921
60603,0.19574219
54705,0.072998725
78277,0.4402205
58464,0.102374025
147624,0.06969873
22443,0.05425249
54180,0.19449596
122579,0.045339786
55488,0.12713102
118304,0.110399246
143765,0.11263624
104089,0.1137334
119017,0.13241906
60559,0.4070439
133978,0.051173083
71507,0.2965156
62921,0.7851281
49843,0.22589128
21880,0.9883959
30028,0.040804286
97121,0.27707073
90291,0.09913938
121407,0.06394127
75771,0.2722326
39274,0.46430662
42701,0.72988003
15411,0.39429364
77935,0.087248996
134203,0.10230966
142029,0.3517452
141344,0.19488814
24420,0.025995053
41403,0.12749912
67972,0.3149859
18548,0.01413811
23291,0.7441337
105424,0.16382967
149864,0.12433152
35445,0.057091728
75752,0.049126603
40410,0.63354087
124764,0.25770172
143069,0.113099754
2867,0.33294627
133436,0.195219
76546,0.1512704
115208,0.18944697
15906,0.91362643
8133,0.15055276
33451,0.032244354
111005,0.19297856
50285,0.079658195
86282,0.6389556
70622,0.10776025
54750,0.04400977
120312,0.053489666
27580,0.15223652
106237,0.11777423
61170,0.074727565
38930,0.5383814
39048,0.12167933
100833,0.48357207
55963,0.96082836
28158,0.029503327
11079,0.048167586
35882,0.15537642
141278,0.36093423
64949,0.4019665
61455,0.06877338
94861,0.19830066
143809,0.15253201
126523,0.06795431
100537,0.20114513
129153,0.14269622
62430,0.09162434
19575,0.031144995
4804,0.101003274
53307,0.24537845
111077,0.02897238
121528,0.035711113
113085,0.040349048
75035,0.10824505
110914,0.21441653
139158,0.46391883
115079,0.15100765
24379,0.2714174
45690,0.48211387
49165,0.040663805
41968,0.057524797
29189,0.42090264
105882,0.8935876
118714,0.10791625
1835,0.04418856
22478,0.056548797
79438,0.47957548
32119,0.6194075
82801,0.3342633
23069,0.08039643
96080,0.41007885
86419,0.16829926
21312,0.08590656
134959,0.18857402
46572,0.14774051
142499,0.07605883
76570,0.4446766
101990,0.4134046
137250,0.3222163
50041,0.070658945
6989,0.10774738
73840,0.07849737
49869,0.2769459
92067,0.086160265
77352,0.299998
113595,0.2684854
17676,0.943615
146412,0.042710647
65004,0.06045274
1476,0.085797094
146411,0.10779927
130664,0.41333392
59528,0.09293875
82759,0.15129182
83381,0.24601972
55244,0.07332836
144575,0.22830011
5254,0.16241191
137223,0.112863794
132948,0.4116152
107247,0.39441538
94290,0.03822329
69780,0.05481954
141104,0.89245147
140135,0.24195307
77826,0.13536459
12983,0.24495324
2288,0.5647964
108891,0.8255544
16927,0.8666856
5788,0.62873966
55145,0.07035111
79911,0.25766355
76459,0.121544436
106967,0.41024944
136856,0.037410475
123156,0.9267724
140866,0.06909648
136589,0.09967512
48218,0.23891476
26881,0.6985853
86301,0.13244165
79279,0.107234344
61691,0.098392494
5509,0.33717
38034,0.053515263
60531,0.06568385
34077,0.06892786
115497,0.06778012
142692,0.07883352
141519,0.15682131
100407,0.419069
3649,0.11572173
60872,0.3423784
101118,0.078835614
50364,0.35541907
24083,0.116463155
148516,0.20161079
148719,0.107653566
85213,0.058705755
147582,0.029379655
3980,0.3033965
104183,0.0385271
15256,0.76132363
27053,0.05913137
80937,0.5211934
124979,0.06529018
126207,0.2368528
144339,0.38986918
46090,0.2629524
102050,0.08456731
109885,0.92128617
74691,0.86196285
74500,0.17191868
128815,0.68048036
39929,0.1304899
99260,0.5083756
17442,0.06991368
2079,0.8929825
125055,0.21747303
46733,0.86789715
44430,0.5431459
116884,0.30298722
103634,0.10338053
50077,0.089704365
73683,0.07967646
127978,0.10118622
148456,0.061770137
121891,0.8174578
90304,0.17007086
54774,0.44325286
83617,0.32140714
98038,0.08885997
69617,0.080840535
139696,0.09545856
5380,0.19958721
46384,0.040824674
68273,0.17036271
103587,0.08043416
128281,0.037738975
107289,0.09040071
103412,0.2001631
47382,0.19463468
18470,0.08946457
104495,0.5030161
52190,0.1649567
34619,0.33262268
50069,0.15886398
139079,0.3283883
73913,0.044266716
35785,0.18499258
70118,0.29007798
115164,0.07444918
14252,0.23898526
33409,0.10297555
662,0.082681246
88424,0.065831855
131901,0.052817993
85741,0.2942276
55243,0.22461888
97898,0.87882274
47802,0.056115054
58596,0.12769538
5754,0.85510343
38593,0.07401848
80796,0.24893223
105355,0.23243193
145672,0.086779274
108222,0.09422264
27588,0.18914495
115918,0.23336361
120046,0.14935425
118163,0.24848771
89788,0.21815763
126696,0.5702072
12716,0.25218886
123232,0.0602576
91224,0.13184047
84844,0.17525987
22778,0.810485
111158,0.07484616
27262,0.8792757
102466,0.068715855
138125,0.045991756
99353,0.38663244
110635,0.6796367
101654,0.03442787
145727,0.09877066
91290,0.11297272
33947,0.8739694
135912,0.28051338
13467,0.17333913
135608,0.33480337
80138,0.060193356
119196,0.07141817
5774,0.387689
118317,0.2334845
12247,0.11420827
3586,0.15416957
27978,0.051018886
16768,0.12448692
62384,0.1507447
14541,0.10719135
67269,0.08024758
14281,0.022209989
16421,0.48273173
146468,0.061731465
140232,0.16725145
37647,0.08892937
72705,0.044689737
58239,0.21142192
114653,0.07640945
10450,0.070579596
42379,0.7075603
77426,0.08474049
46369,0.5441435
187,0.92249554
149151,0.41695502
138484,0.09648236
135692,0.4219782
115275,0.1280196
81665,0.057075653
22405,0.16326003
41137,0.82799184
124363,0.04893698
35646,0.156576
126612,0.11885102
43582,0.102928475
53142,0.08286581
91622,0.896199
143490,0.09612472
115082,0.28269354
96230,0.30514196
12455,0.044088762
145911,0.27044663
22730,0.25669062
125566,0.9008314
115231,0.06181866
101676,0.2734088
131721,0.09048236
74349,0.12456355
29955,0.9140835
74132,0.08944534
147351,0.07651193
46410,0.791336
119387,0.20030725
74861,0.5168385
51531,0.60419947
46521,0.0489564
81619,0.6369691
138582,0.8445185
24811,0.11692699
41340,0.07695217
20644,0.0781886
121165,0.10006284
112211,0.5217267
63816,0.3397734
130189,0.2425404
65482,0.18342157
96405,0.71604353
136580,0.8283676
141252,0.20006602
132937,0.3538065
26308,0.06680071
29604,0.26055983
50586,0.1655307
42108,0.050080143
53507,0.6175925
50513,0.32281613
86893,0.22875299
2271,0.5240852
122957,0.9526129
22882,0.16729099
135580,0.06881339
5007,0.081398025
40899,0.07487014
148745,0.08760326
53821,0.500781
72193,0.0856375
20085,0.026355788
130642,0.07916048
38909,0.07416077
142170,0.03667045
105939,0.06885007
149058,0.04368854
124830,0.049974572
104447,0.18272784
10359,0.03418208
123482,0.4637828
48105,0.5455703
115589,0.12942213
101476,0.06712795
4730,0.09641494
137877,0.6519892
42570,0.10162926
88780,0.4016017
106558,0.507831
1799,0.45900056
135721,0.70387053
24730,0.062384285
118890,0.031089295
4148,0.056558937
83848,0.06393562
144584,0.063116595
138525,0.07229263
106768,0.712829
34666,0.04189396
53542,0.090174295
65558,0.6901933
44537,0.08674087
26558,0.75809264
143515,0.23939812
148264,0.048796985
111200,0.070814885
82773,0.32905412
7168,0.46297106
74591,0.17146796
147039,0.16315424
72086,0.079687856
113040,0.16292995
6601,0.12514536
12349,0.14767544
22323,0.031277094
31917,0.9452084
44359,0.9493348
82289,0.6015072
91077,0.11169863
139283,0.3726038
139190,0.104157455
142837,0.10708758
59074,0.043404765
114273,0.17186432
49651,0.73428625
6269,0.14409669
96595,0.3856768
13338,0.13899904
149944,0.4708076
88305,0.7808024
62777,0.25590712
46830,0.13279334
137451,0.18954985
145269,0.09718836
13538,0.038204093
85860,0.23026451
127091,0.47059575
128374,0.13334733
63924,0.089827895
15489,0.26287907
108195,0.3256715
25394,0.36236694
38484,0.16129574
80828,0.06405977
49740,0.10246652
128166,0.4019496
15601,0.15848158
76944,0.026787587
19368,0.12489801
55133,0.1541899
134391,0.072123624
117870,0.38671172
99065,0.81505895
45680,0.18465155
1152,0.34901577
34359,0.09732561
45708,0.28162202
144970,0.06170762
98980,0.43489116
143842,0.071358494
578,0.09002643
66918,0.48758754
146959,0.12724307
98335,0.73679405
135751,0.25726107
115529,0.47656956
148375,0.7139389
135651,0.10401667
21011,0.35954887
37272,0.3642064
88528,0.20513266
52227,0.11426738
27721,0.5893939
67542,0.055669352
86196,0.19542393
94674,0.033773147
81873,0.0770856
75554,0.10023875
5914,0.4671869
100038,0.20090534
115553,0.47352943
105730,0.23802999
33242,0.04887316
69006,0.38455954
18814,0.17051786
52726,0.48532188
88879,0.5676144
135908,0.622058
143010,0.13531834
88966,0.030470883
133445,0.1253223
67862,0.074498355
95755,0.10937724
39818,0.06407902
84060,0.035851583
84981,0.10672391
6536,0.07953061
17022,0.032645572
78581,0.0975371
149308,0.26865217
142946,0.11715993
63462,0.05335926
58807,0.19885272
46951,0.24173889
96691,0.08855724
65243,0.5403842
139590,0.5206836
124060,0.122821264
56009,0.6123582
73107,0.54782933
44878,0.037609696
85999,0.587271
20393,0.100491546
102667,0.0796195
15069,0.037990306
146756,0.12130211
52753,0.48889276
27795,0.061791264
13271,0.1478892
111385,0.22280456
67144,0.07918694
32951,0.8449118
145802,0.5155729
101667,0.90166765
61543,0.19395435
87785,0.73798543
39389,0.46524587
15287,0.03913563
131592,0.055366263
80353,0.14526114
37698,0.15485884
78921,0.1479158
48811,0.23409988
30957,0.4633089
123586,0.35655522
31622,0.1562223
121964,0.07393669
137158,0.32455105
28203,0.14976381
133325,0.74150413
87225,0.7770861
89392,0.27379265
21653,0.33290526
51393,0.39686227
81002,0.37952226
103379,0.08541391
75687,0.523425
13389,0.13164982
21721,0.07506709
55016,0.24081452
28294,0.84487957
129380,0.36674467
103551,0.9337838
132759,0.80210114
66788,0.07031306
16490,0.06168406
32917,0.0909962
104625,0.054637995
74131,0.08998296
147638,0.079447284
30387,0.1506473
80776,0.09750036
91284,0.14545612
55268,0.7549921
28883,0.07686731
64868,0.06360735
148814,0.13294385
118483,0.049988654
122027,0.25218466
85201,0.07533426
21387,0.07698469
55398,0.30865133
108813,0.106152415
52586,0.06962063
128856,0.047205184
146356,0.07691986
124165,0.20100397
76719,0.06901936
142342,0.1134546
71531,0.059291117
134992,0.1342596
94084,0.06173883
58344,0.10738806
104670,0.020058138
27753,0.84560823
80805,0.22414017
140437,0.03720978
147629,0.1434543
112110,0.4577763
44130,0.16743416
127966,0.08324678
148482,0.28816918
112224,0.18085031
111285,0.24114567
73925,0.149654
1321,0.10402387
77951,0.07296533
14730,0.026784733
53623,0.0492778
39566,0.16959444
119103,0.09148731
96905,0.06739171
39466,0.16466914
94426,0.13234043
62874,0.1524429
104854,0.2609757
11098,0.35453436
114613,0.19335292
37783,0.43441913
59029,0.047898505
26837,0.11874559
305,0.584833
4040,0.40647665
131659,0.082116835
29017,0.07565287
57473,0.057736047
13863,0.14010197
115941,0.07841832
105899,0.10776009
52449,0.1994616
9175,0.09681684
97394,0.40802926
88202,0.22497512
241,0.79065603
120428,0.106178686
82049,0.03270113
133680,0.04037933
89961,0.08816186
119192,0.5026359
141455,0.15329202
145207,0.08035923
118891,0.5798724
74155,0.11974436
47295,0.2567907
36165,0.50502354
39680,0.27052808
111541,0.0924104
5506,0.36978287
47349,0.6087474
66999,0.21823303
99414,0.3333155
97053,0.15930837
123816,0.6501799
85863,0.28407604
19048,0.13831629
15830,0.19855483
16356,0.10788029
63844,0.1808221
136729,0.5623615
99079,0.17856547
27779,0.45107317
135699,0.018057149
143014,0.11074341
42468,0.22588232
19267,0.057874706
26184,0.8657358
85774,0.07461008
141985,0.103780225
113106,0.28122598
76111,0.23221058
34135,0.5188819
86656,0.16645455
115755,0.041999605
116568,0.17270307
16818,0.09688447
85744,0.2084059
89316,0.41368163
23090,0.35132593
76732,0.6091414
135785,0.76321435
40464,0.08786673
14970,0.8266466
30718,0.25495365
4576,0.22273083
75564,0.06042636
29817,0.41559887
13294,0.095923595
115585,0.53662103
49572,0.59699214
136534,0.37644538
109176,0.4071589
100591,0.3769318
119321,0.08900251
50171,0.6457604
37079,0.06638126
3361,0.07285451
49279,0.09256448
66998,0.07350123
109184,0.59026575
10296,0.13462739
23639,0.86088747
52117,0.110173516
131378,0.09318057
129375,0.26758483
54556,0.87270874
59077,0.07365458
131400,0.22823477
21192,0.07608495
21428,0.42172313
138590,0.91828865
86822,0.47200426
119473,0.2814099
8467,0.40351322
553,0.5272685
134703,0.1920695
74165,0.32842785
110510,0.053650957
86026,0.07148062
57504,0.11327136
67811,0.81449866
63624,0.24331747
34056,0.1413183
126448,0.64868945
50584,0.85783184
107540,0.027938273
40604,0.12970272
72567,0.2685056
114545,0.08050773
71779,0.105189264
40095,0.03186012
106831,0.08751745
92581,0.4324896
52313,0.9569931
11435,0.16489083
146592,0.11837835
143861,0.1572169
8818,0.18829589
122884,0.41349158
83890,0.42904124
81570,0.09021319
120557,0.32900164
141102,0.14985138
146761,0.1855033
25655,0.120824456
39184,0.16915207
62033,0.104055986
48976,0.5645838
113344,0.41311958
10739,0.12459894
7558,0.105143085
123889,0.31901366
34435,0.060248002
53245,0.15887304
32005,0.08876964
58353,0.3453385
146623,0.06682464
30112,0.03518118
18220,0.5165979
2342,0.12816182
127575,0.6273161
134699,0.8775824
116459,0.38172823
35533,0.054692637
102865,0.6466926
60532,0.95926464
110307,0.06101523
42850,0.04613173
27841,0.4300378
125276,0.06290066
145231,0.11797091
60083,0.34089628
117536,0.17457464
125534,0.054133333
3291,0.13357298
62138,0.03948933
123507,0.4659335
139100,0.08552444
84730,0.44683978
93373,0.83564574
67105,0.11948036
127099,0.3750958
48796,0.046106964
1943,0.34360668
135370,0.11008256
37465,0.025796479
575,0.017850503
39742,0.108851805
83367,0.07989157
57089,0.36383662
40631,0.74222964
77924,0.6185883
12018,0.114665814
1032,0.31822616
7934,0.09160881
50062,0.09491115
22829,0.06132105
65144,0.9514434
131244,0.51435083
71018,0.20672294
133596,0.109022066
71625,0.11391877
64992,0.13952866
19855,0.74689627
141796,0.2991983
78678,0.56573373
110660,0.26313227
86489,0.046111096
111295,0.057464488
114193,0.29950762
120045,0.07197104
55301,0.10999253
13846,0.29903963
65565,0.11670599
115214,0.043370746
113180,0.3475068
29535,0.047068346
143855,0.096669815
33179,0.839163
1452,0.18074797
101883,0.6674034
122694,0.04691802
144650,0.22520465
62637,0.08218393
134873,0.316005
12271,0.8403644
78876,0.94066006
67761,0.90991306
104903,0.636894
83679,0.19711092
93342,0.15061612
133609,0.3472055
71497,0.28896442
136438,0.5563671
113328,0.8854416
83332,0.20748277
36199,0.07729063
114059,0.06943875
136928,0.53770834
21450,0.47903433
141762,0.42521736
12284,0.083467476
52758,0.8210806
79585,0.13180247
108304,0.21355318
133961,0.052459646
114607,0.047404025
62349,0.029447202
83972,0.2653043
118813,0.69474053
76872,0.37310985
81071,0.16760461
25094,0.18085149
18978,0.16915014
9155,0.027537046
25351,0.3323086
60950,0.47908425
134785,0.056535363
47191,0.62345505
137792,0.25143695
16994,0.39379102
33896,0.23239434
2581,0.045489706
112841,0.2855466
145288,0.23755665
56556,0.18708126
67591,0.04077943
120074,0.13052715
52340,0.18877286
97340,0.06977598
11228,0.060436603
93053,0.24529539
13885,0.115239024
95374,0.10294207
80155,0.5836495
60252,0.63712627
129358,0.9139453
129208,0.3629188
72651,0.38600847
30923,0.38622153
96360,0.070344195
133174,0.26457164
12939,0.07810072
137853,0.38362324
80664,0.058772042
5970,0.40604016
8947,0.07379095
16851,0.10667473
122749,0.111793526
94538,0.32836297
1442,0.27564666
54254,0.14248303
128751,0.6772586
96385,0.1881124
122941,0.6003562
146370,0.15808763
106122,0.0312677
60711,0.7616191
25109,0.7428907
4520,0.6225838
68789,0.11476763
51356,0.2678314
57522,0.49864802
131917,0.6037502
137638,0.043860953
78194,0.9328917
51026,0.07571952
38414,0.05852352
128536,0.34932587
59661,0.7778978
107900,0.065637715
125760,0.15479563
88640,0.33217466
52963,0.48718503
98549,0.08858709
15106,0.12942217
141388,0.32466143
107653,0.3548858
62495,0.030363739
30566,0.1073663
10352,0.8222067
83133,0.13924739
76047,0.11514715
23971,0.118740425
120678,0.3529931
49645,0.0650129
10809,0.58225834
109034,0.12622358
81222,0.16195744
56983,0.0517479
59049,0.063439116
127733,0.116943605
45648,0.09287986
11331,0.09572361
28963,0.110288285
122696,0.13667986
115403,0.030219806
67509,0.37640756
24687,0.1852328
60587,0.07132041
83169,0.039156456
73961,0.049774047
47908,0.4794743
132846,0.3405249
46866,0.1516135
114807,0.074700944
125699,0.17092675
69654,0.7222074
5865,0.07205186
17220,0.5538374
126507,0.16452971
50938,0.0694705
112654,0.4713414
119765,0.31005824
88600,0.08109242
148628,0.17571081
138028,0.04057161
110182,0.21602465
142950,0.05728217
118472,0.4639227
39764,0.13285787
33943,0.05688717
73340,0.03559212
49915,0.07739295
29715,0.30280995
45347,0.27023512
101860,0.08331151
142788,0.09429207
104849,0.44266328
120221,0.17038028
71282,0.38053533
125924,0.52758944
10277,0.6669372
100657,0.6933198
55615,0.8317211
71892,0.03463616
47496,0.2504778
122472,0.34867296
135180,0.6129846
141408,0.11547853
63030,0.41065928
36444,0.14431264
34437,0.6644327
81972,0.19550426
37517,0.08908188
140204,0.4014281
26252,0.046455823
386,0.04675297
88582,0.1359809
64284,0.04753588
80445,0.38570896
10749,0.92054904
70347,0.5154402
107412,0.43591234
32375,0.5429183
66170,0.12282979
96178,0.56438076
135214,0.56244045
64200,0.26528454
3798,0.15560956
29051,0.07178347
23824,0.23123844
11887,0.1929743
142481,0.048463393
21414,0.11968171
95239,0.3490732
60760,0.07712233
74231,0.10480498
84360,0.08185635
70936,0.058567952
49277,0.8941688
66785,0.08043081
57883,0.27702054
97555,0.5076617
122663,0.1600265
148148,0.045319095
92101,0.78419477
62701,0.027969213
101092,0.3814997
139133,0.21144883
49334,0.11580975
53069,0.42308035
135073,0.22731148
149351,0.933589
137070,0.09081785
119698,0.20225382
61982,0.028161291
107171,0.122915685
94964,0.110861935
40350,0.87055945
108470,0.097810894
131349,0.40539944
47206,0.6609403
136972,0.23470901
104553,0.033040207
29149,0.13421293
42842,0.6556047
96821,0.19926673
146539,0.31250462
149447,0.35810673
33705,0.070645235
134640,0.53897685
139942,0.55107605
21006,0.34112948
135761,0.25297332
44529,0.42140976
107831,0.07430258
85299,0.25620982
23545,0.86327624
91759,0.052583084
44571,0.082378775
48517,0.23029874
137746,0.09292016
72853,0.10783925
37603,0.055422015
28168,0.0505616
57147,0.14270487
105600,0.22040474
13515,0.098078
97562,0.11764918
4034,0.2894036
126907,0.35810542
39765,0.09039053
16280,0.9422268
106930,0.065210395
12928,0.10343858
58457,0.09961769
59000,0.2636317
113937,0.6722042
29434,0.4215936
31298,0.49298307
31102,0.036142908
87458,0.44664058
96097,0.35152763
105712,0.0775031
52299,0.13426267
17921,0.077830195
122149,0.041878767
28781,0.4483766
15213,0.2315545
52584,0.06755943
97883,0.16993837
149231,0.07666573
54947,0.36300728
136442,0.21451743
25992,0.822867
107823,0.57866406
130933,0.72926474
58543,0.08307707
103290,0.25151417
2475,0.03494729
32996,0.13007206
121613,0.14055313
120723,0.18335001
117768,0.0998458
89998,0.51341796
106842,0.13467567
105506,0.54094577
79966,0.10131444
114511,0.1025179
84992,0.059426583
146441,0.10669902
116788,0.053117134
101192,0.06983983
123528,0.08199513
37785,0.047732774
116616,0.025784079
110347,0.22138643
41628,0.11769413
127178,0.086239256
127580,0.08186615
82314,0.2640876
55557,0.22999799
136,0.076996244
106614,0.30518633
119194,0.08619669
29008,0.76247
120360,0.0941892
7590,0.9797947
64454,0.12876764
4457,0.95439076
44251,0.17467056
143162,0.0318651
31146,0.5543728
139699,0.3125763
91437,0.14580078
80963,0.036893312
4596,0.119990624
8651,0.3101064
3245,0.31909716
74071,0.43567687
116505,0.038480364
34604,0.071207866
74718,0.8300646
140639,0.11142312
85623,0.06937853
137227,0.10083994
123238,0.13441436
92785,0.12350331
106992,0.102043144
147282,0.29913324
78110,0.9403846
52686,0.386018
122922,0.055344783
81526,0.06994981
149781,0.051140368
4931,0.48713428
59804,0.024989922
108260,0.8457779
21004,0.36820227
91731,0.2159994
138977,0.07670785
124787,0.06913035
141912,0.9286462
139386,0.07522918
29802,0.3092516
29159,0.4030519
20252,0.28924924
59938,0.45131868
42097,0.53790575
76322,0.116834454
145629,0.06399342
87715,0.13496776
93998,0.046005383
112760,0.08444715
54077,0.37296692
58727,0.074372396
60051,0.5635834
55105,0.34616295
58245,0.07723282
61128,0.16012692
148981,0.12284904
53193,0.0522188
4002,0.40411934
135626,0.11108375
8903,0.09364645
45531,0.23790061
25754,0.13594584
97560,0.106675036
52850,0.037177917
82235,0.11066396
17116,0.8141701
124924,0.4941097
138603,0.31718653
130482,0.5253259
39137,0.018984435
143944,0.9029555
49896,0.6734611
117346,0.5676066
46086,0.08943205
46831,0.4852987
113128,0.09049048
93923,0.2247258
146074,0.43837577
74087,0.58263004
23375,0.47367704
127612,0.331475
112194,0.18047291
27324,0.076164916
101620,0.13456276
31956,0.5377064
68385,0.36435315
50169,0.16010833
71693,0.045250837
149998,0.14358687
128183,0.38125363
59642,0.76328003
101930,0.24391848
42176,0.7813066
10802,0.44473964
42095,0.6826016
22798,0.38718903
98156,0.3463394
46606,0.063257575
50571,0.13224342
50973,0.080951735
70066,0.111090206
70921,0.098044895
33966,0.06483849
122306,0.09081343
44700,0.08086016
34543,0.2822548
85594,0.070461124
60010,0.15440996
87550,0.5864053
145116,0.07086438
45442,0.106071
99826,0.15016091
119783,0.047431
142777,0.08989031
1342,0.035292625
58094,0.16748439
27555,0.539084
142461,0.041334163
102497,0.947582
5317,0.17378265
98717,0.5172851
79640,0.38467658
4503,0.10495465
136105,0.28454563
61660,0.17976946
133832,0.57167876
148965,0.7479257
18805,0.24759811
90216,0.10721807
7686,0.08951622
58784,0.5444583
43820,0.07415566
136239,0.09305666
117340,0.038525574
94736,0.4332017
51611,0.19920601
126674,0.27873853
148079,0.10314821
98122,0.33587128
24756,0.06756369
18738,0.104478575
112359,0.14781454
16664,0.94196963
137179,0.11215922
79354,0.50684565
7953,0.05568926
40144,0.10759392
39944,0.9284277
24682,0.6222511
53363,0.015385446
24177,0.067621134
12132,0.94304925
25198,0.06288831
119457,0.14220493
85346,0.31802875
77331,0.043344084
90352,0.1474871
71079,0.2773922
58143,0.8663309
33311,0.23068675
85184,0.73302555
13890,0.06360368
62104,0.111970946
133176,0.047680218
122284,0.091171004
37574,0.2487876
138015,0.11063805
58421,0.1740531
146106,0.37067226
53619,0.048527874
136461,0.03180855
22657,0.28014207
6568,0.2285054
28319,0.15553178
138008,0.09064527
13218,0.057584792
70458,0.10154256
72203,0.5793981
89041,0.18283567
91185,0.59620845
70481,0.10506009
132867,0.04856842
15332,0.60178685
105104,0.19863859
20450,0.520511
38869,0.4079036
24344,0.08566329
113210,0.08137855
98498,0.1638608
107194,0.26736352
1651,0.47093463
26035,0.23884557
63303,0.07138962
119415,0.78772146
117789,0.8833626
77181,0.076341875
127353,0.2723589
100645,0.7332591
80054,0.87077445
19865,0.31386706
70931,0.3069204
118194,0.1327114
132125,0.75655997
24965,0.4600557
111234,0.80180144
89523,0.10283682
39841,0.09740004
89548,0.056587193
41624,0.5747024
144759,0.48451826
54884,0.1990555
75173,0.19451813
12438,0.04481773
108254,0.35929203
148833,0.12052029
104592,0.2682992
130908,0.32032722
119252,0.2327739
123721,0.072139636
62574,0.42073777
34229,0.040862456
131171,0.3178933
118724,0.88894784
77440,0.2329652
137283,0.039863598
37700,0.03692614
8505,0.046327237
106621,0.09651752
88846,0.21679565
81057,0.2984937
6666,0.06460763
77601,0.078093134
39616,0.25239313
94766,0.23040056
94842,0.054353297
32482,0.7666806
18380,0.20211406
62872,0.15424772
32353,0.06474529
113702,0.09812565
1655,0.097483136
606,0.19092163
61791,0.5037611
136524,0.087252535
148463,0.025206823
83810,0.16704544
67305,0.3373578
82976,0.24401556
4401,0.739748
4236,0.3665191
4923,0.6708506
15138,0.094463624
146040,0.62272245
110078,0.09730787
7193,0.10224394
119164,0.9524606
5683,0.054965768
132087,0.090077415
71517,0.6891735
82936,0.07437492
2222,0.16557539
128022,0.06248939
140938,0.50343484
67871,0.023674134
131888,0.38473463
28276,0.29154116
51780,0.11506941
37558,0.25386155
128943,0.2908529
55510,0.026264744
41193,0.1015156
113382,0.1388752
146671,0.29272044
24128,0.074547686
53557,0.25796723
26470,0.032718822
125311,0.19535686
101685,0.53603697
121942,0.32924175
34536,0.062085785
132741,0.4443899
114589,0.3972525
48573,0.46420708
21155,0.06742072
87574,0.041260812
140374,0.2891248
40624,0.28261626
63852,0.071097456
134752,0.6801911
141017,0.12939219
20792,0.08143288
124063,0.13899358
3802,0.5609936
98169,0.41432795
132274,0.8319428
47111,0.1081384
51683,0.35562897
91383,0.2890473
114017,0.24714449
84818,0.895513
65903,0.079729445
97528,0.09665984
102633,0.13220078
24910,0.044687588
41106,0.05907538
27211,0.1502906
140915,0.3387122
4285,0.10977551
106559,0.3312352
121170,0.6865505
27940,0.15360211
89427,0.058744892
6809,0.059994336
60516,0.09252104
137424,0.9097485
108251,0.07260753
30032,0.09039398
113772,0.109203
55330,0.10132643
143313,0.055711783
144091,0.06528175
38456,0.31508526
31564,0.19611217
12390,0.23811425
148254,0.19366609
62399,0.024701739
133983,0.20304902
91312,0.033804283
94895,0.12355908
69269,0.028943745
13407,0.43464625
114802,0.06259502
50308,0.30218032
25437,0.023876002
121834,0.30982447
14777,0.22562627
816,0.1505528
33009,0.3988934
90984,0.50890076
98194,0.8250294
100940,0.6001518
116419,0.31229225
116883,0.5355828
38684,0.04663012
63590,0.8304441
101875,0.40620372
141423,0.52161026
90416,0.059165128
96311,0.03363906
30422,0.23444217
76516,0.46913943
107998,0.26220757
44415,0.07747443
146503,0.28139263
136955,0.30313393
141522,0.02303082
135920,0.04858256
89845,0.39447373
80276,0.16220503
110287,0.5995544
137263,0.056653544
3865,0.35866755
2162,0.8658343
109508,0.08379252
5369,0.11573656
105113,0.1334968
122301,0.23708977
124249,0.21194753
148099,0.2214499
128267,0.07717723
88239,0.048769373
30630,0.7123969
48192,0.9374492
8775,0.10828634
64550,0.086579524
84490,0.9334712
19536,0.22667566
42683,0.5202135
100727,0.17346121
95285,0.20517679
76202,0.8326943
133900,0.08054703
92363,0.17857507
8443,0.6247001
127072,0.89483184
96329,0.4038289
125141,0.06326965
90788,0.034674484
47146,0.059063856
76484,0.064468116
120361,0.122958705
110523,0.69673175
40230,0.23476973
88472,0.06409635
149898,0.73916453
55076,0.85508317
10932,0.07196962
47053,0.12592751
98789,0.11000224
78046,0.21389702
126610,0.15674925
111582,0.072387606
80472,0.4788449
87850,0.119083144
136459,0.4144204
48433,0.110228926
126770,0.5466411
41916,0.13909689
95497,0.519446
122568,0.540942
122751,0.32265246
26883,0.14588904
40759,0.3580899
137905,0.25836828
61043,0.8403547
70306,0.39425695
105590,0.277307
21631,0.20964174
30437,0.44157666
74518,0.82236177
99514,0.33855987
126728,0.12703995
18971,0.07053849
37724,0.084486574
88443,0.19841827
118118,0.26777968
81039,0.24973263
71510,0.07768358
69969,0.5093081
95850,0.3277136
25225,0.075017475
9086,0.044991933
125636,0.26412484
149818,0.28877613
124333,0.0945195
24394,0.10964376
74835,0.22951104
86679,0.039082598
25005,0.056449547
131966,0.6701618
48227,0.12273284
19629,0.89162254
22729,0.9522543
115250,0.042565975
138145,0.2624394
32552,0.21694346
117734,0.07222794
42363,0.13478321
110268,0.25881803
24759,0.07491125
4917,0.16612977
45099,0.33861473
83268,0.46221915
23354,0.23788634
127118,0.11568418
99401,0.31815103
37178,0.3099885
31136,0.08290198
107320,0.27199915
88207,0.64674616
96280,0.10289611
82226,0.94999737
30001,0.113561325
145106,0.19762143
96741,0.103979655
102531,0.79987437
125271,0.06987128
88365,0.33711734
137653,0.13156413
106381,0.94646025
117637,0.09701511
120291,0.44140095
118777,0.10499871
2779,0.11964443
31229,0.12513639
84947,0.57230806
98979,0.13746648
24136,0.52880305
298,0.21817957
62598,0.037912842
142617,0.5334031
41283,0.25146663
19270,0.35937023
25398,0.3713278
70290,0.20894165
115135,0.25873268
8363,0.90260977
17975,0.101702265
52797,0.12872829
101323,0.8119959
387,0.08436242
133496,0.60180235
132474,0.106345266
120684,0.11259107
33206,0.17443871
54825,0.74618846
54284,0.12412906
81101,0.098057985
105540,0.08028542
99204,0.11253455
90288,0.24327372
53794,0.09411896
36128,0.5194908
9120,0.14610776
46968,0.5343725
56496,0.13050656
64174,0.09978008
61656,0.40039673
144201,0.06923629
28523,0.3288158
980,0.092662916
136988,0.5225497
25494,0.34410742
41781,0.09240612
115639,0.18226594
27358,0.44762495
147588,0.07924067
35775,0.35215724
93819,0.07772157
123177,0.28709897
2089,0.05493344
114471,0.050978526
59420,0.09765538
31789,0.051448055
36395,0.03084309
139204,0.28521407
123092,0.025383726
16593,0.06942514
144291,0.5281116
98800,0.43009794
110874,0.72259545
124561,0.26264995
148257,0.053128228
93739,0.048385415
10009,0.5048816
80661,0.010801184
8225,0.054531258
93499,0.07794144
87926,0.062663324
81179,0.47805637
41065,0.19603351
120120,0.15134536
128043,0.05211206
32388,0.076062076
104334,0.076633684
103484,0.17425938
116700,0.04920662
65058,0.13481766
25893,0.25809178
41521,0.0684761
104650,0.054176684
39599,0.2700069
148864,0.037094045
9481,0.090031914
71954,0.05796913
23702,0.19219336
74864,0.3226136
120447,0.7758807
133238,0.21207255
145188,0.09675091
139773,0.016631028
76817,0.1527074
149360,0.12975256
120921,0.44333848
115773,0.7479628
2986,0.048559852
117305,0.49968013
40117,0.1083506
50811,0.58226407
4815,0.052092213
100996,0.10654766
115053,0.034569636
109050,0.03778029
15710,0.35173532
38133,0.14791398
128799,0.046086553
6201,0.08573876
78811,0.05174163
78074,0.045650747
66355,0.70773053
47437,0.19899327
21080,0.13255057
3228,0.26294953
64855,0.053039785
82115,0.25947782
75548,0.29044315
18064,0.1464542
24627,0.06644932
104763,0.097705334
110100,0.50588566
140750,0.60223794
39097,0.66077185
14550,0.43034694
96103,0.16228856
3081,0.33289045
147616,0.11824774
100148,0.34613124
64013,0.1546798
2473,0.78357977
17675,0.4156921
116981,0.093179494
111494,0.19626479
45486,0.030326132
64034,0.067799106
115808,0.035047054
91669,0.24259517
58414,0.10599179
124625,0.45757845
8933,0.28211454
75378,0.19674432
52221,0.46004972
89802,0.119672135
118833,0.10079346
98332,0.9494506
21319,0.1815804
38382,0.11165521
82746,0.09861948
137655,0.057689812
18892,0.14402159
97697,0.54133147
127448,0.08152006
62326,0.017942576
41805,0.147987
62411,0.8411747
11847,0.66661257
6639,0.88505554
27008,0.117619716
122988,0.1465983
123249,0.029227093
25086,0.4466727
10502,0.3322006
124201,0.6009498
76332,0.73150474
46000,0.25005314
110440,0.08284325
77403,0.1492578
94857,0.09114555
132071,0.8372152
30980,0.42166752
5972,0.17915486
15731,0.05770774
31036,0.7996056
102032,0.11273881
142213,0.040522892
129462,0.15429443
82962,0.047891427
52702,0.39214495
8275,0.33775115
30626,0.24418698
78981,0.064132445
55276,0.31723434
124352,0.2866107
91910,0.09256973
28545,0.09503604
89822,0.16114031
38990,0.9465027
81564,0.77203435
2068,0.13761167
52924,0.1651147
111405,0.18904844
114694,0.94200814
100719,0.095552556
25548,0.80517495
67969,0.09706427
25075,0.108794585
87718,0.053854845
3867,0.09889747
50223,0.052246932
92835,0.11897169
34452,0.09933658
5940,0.17234372
83950,0.39940768
136661,0.21581611
139521,0.8587251
64953,0.17985268
45981,0.5658136
12547,0.22469498
24320,0.11845717
64486,0.23007195
145270,0.06795559
101532,0.7437516
75899,0.18252388
67559,0.06779069
11247,0.4335969
42564,0.5996839
112074,0.06669242
141351,0.08709802
147091,0.5402595
63316,0.17827757
62164,0.5345379
128345,0.18543974
133577,0.05801167
52766,0.07955727
73094,0.16908611
2982,0.1354919
23967,0.7063273
12397,0.17817354
107555,0.12037712
38801,0.6618842
59516,0.05095854
23486,0.8309455
58575,0.6170365
120787,0.6046982
40830,0.04741461
59266,0.18009669
88375,0.6154655
88050,0.6272941
32513,0.8991871
11300,0.22792187
138599,0.9267003
148907,0.04886879
126913,0.90248585
100047,0.28100848
120759,0.09462052
48190,0.17071253
76368,0.51043713
3680,0.019042205
14557,0.61437935
141146,0.06894941
142687,0.2627362
23983,0.15093058
37008,0.054325677
149665,0.5850491
77102,0.21318427
112411,0.029859263
93147,0.049121898
63749,0.2331966
24473,0.13114089
67740,0.791569
36214,0.06746421
113814,0.7221004
107487,0.93357235
57436,0.19183746
118067,0.39277467
45992,0.6951397
94118,0.05410204
109251,0.04575218
122899,0.05212464
879,0.22556847
124386,0.85172725
95985,0.22396009
82300,0.35997406
149822,0.06349206
52837,0.10458214
145018,0.5925305
84353,0.12556279
15097,0.19457223
50322,0.3355784
17332,0.05383093
64205,0.123987876
135664,0.049066227
77991,0.78403664
50925,0.49684536
67602,0.11511044
137798,0.06249146
55505,0.28244326
91948,0.20216082
146934,0.23609366
103808,0.7709884
124010,0.037135635
67666,0.07434502
64286,0.6175553
18195,0.083693035
121507,0.12663671
101368,0.08469255
68268,0.14113857
94961,0.07215483
124163,0.1518386
130441,0.38543117
88693,0.40758342
65539,0.5640171
13508,0.086458005
19600,0.054504137
7314,0.06948665
137350,0.44149908
34252,0.19129336
53805,0.20999281
4665,0.84840834
90469,0.068874545
139218,0.8309929
120942,0.13604257
54571,0.17473802
96235,0.12617119
103260,0.20882876
66093,0.20089935
78362,0.09771367
113333,0.12786478
111381,0.222765
128379,0.42323452
47126,0.10708054
40592,0.04456579
40582,0.019556077
85716,0.6047515
49451,0.06907967
149342,0.09943215
23689,0.093719505
120685,0.71199256
115859,0.23752683
73164,0.73125416
65327,0.09955858
73598,0.497998
127032,0.1381947
109808,0.39706993
116675,0.052825555
73046,0.21102074
130144,0.053631872
40937,0.056658812
85106,0.097095385
10336,0.07184321
70133,0.08058819
1234,0.18435895
35312,0.16474201
113041,0.10712472
99184,0.09474259
109754,0.116729215
101453,0.47122797
23528,0.10219504
82337,0.82620126
125074,0.48644778
143050,0.092708334
1853,0.0846538
36888,0.17968099
137092,0.33391327
8243,0.2526581
79289,0.54224664
106434,0.8113497
117547,0.0526762
35800,0.17137147
121375,0.30516228
141836,0.08285878
10500,0.72150844
76934,0.19400689
2425,0.10028592
43309,0.07653928
106722,0.10872415
110947,0.08732346
45732,0.538978
149740,0.13863163
129220,0.1306595
144648,0.04035371
117908,0.9293221
9091,0.21998863
135485,0.20819548
71495,0.15409116
73032,0.063238785
84444,0.23473893
78035,0.114159726
87179,0.0408872
99217,0.03777476
9019,0.8529855
99309,0.101597585
116413,0.27460974
20618,0.9236304
149333,0.042010736
45553,0.046151333
135402,0.11087344
9075,0.069562465
17148,0.13974418
31600,0.17782427
138405,0.07476503
80287,0.06989474
62316,0.19505586
104035,0.09874776
67575,0.88876957
1215,0.09575408
76648,0.54469746
122820,0.3389679
60947,0.061779067
35769,0.2978419
149328,0.09717014
8976,0.29953575
17517,0.11560416
515,0.05695401
35356,0.09943846
40241,0.19852456
140782,0.46687764
27900,0.039728478
16209,0.17370853
88242,0.07678981
114304,0.8280161
81627,0.15284729
38755,0.032276668
77090,0.10636353
93160,0.054304387
3271,0.13149923
142978,0.18859908
143220,0.06102895
47230,0.9803422
23455,0.8065153
11605,0.028370587
26480,0.132883
103266,0.8812113
61565,0.3615254
122053,0.07242769
20071,0.7624076
109533,0.12304059
54318,0.89177936
12509,0.093997
103419,0.29073834
11015,0.07609978
71070,0.17345451
87344,0.2763255
95220,0.556948
106440,0.09196783
79237,0.087595694
71886,0.78560996
146722,0.6188042
45779,0.070967145
38239,0.8007763
23309,0.15863045
99729,0.7095636
36587,0.41004506
68030,0.1132292
131347,0.45897496
29232,0.6174181
46915,0.33047622
30778,0.12199669
137964,0.40609583
147211,0.1359819
18804,0.8157089
79992,0.33594596
77299,0.22659533
46834,0.042266335
19008,0.43023056
147253,0.3106249
49396,0.31154516
11590,0.29468957
46996,0.8870837
71004,0.1164668
29926,0.08368009
96898,0.03900575
144712,0.0195233
105077,0.13190384
127732,0.042011656
135266,0.025747543
85085,0.17890458
79407,0.6235572
53317,0.1598067
76132,0.75906485
148229,0.15196194
135650,0.098188125
79349,0.040893752
79285,0.032651212
139427,0.084879726
37865,0.19618511
142524,0.2975645
72735,0.20207845
7592,0.1580748
1545,0.08750812
23290,0.53550565
125693,0.12513544
4597,0.061253235
15822,0.27124104
75765,0.43686342
43289,0.10926386
133492,0.29473206
6745,0.07291939
39250,0.09904047
103873,0.62897044
97810,0.58230054
119536,0.08790721
91336,0.055702202
72682,0.18802716
104177,0.96965605
54826,0.42345363
102077,0.424284
56415,0.10882696
136237,0.74822533
66339,0.096443884
123400,0.03256929
111076,0.44805798
53265,0.11755468
148365,0.5879873
78512,0.43101105
123089,0.6946298
54085,0.21056601
31352,0.9465202
26215,0.112206355
90244,0.113290355
42800,0.042511642
56604,0.07956274
25462,0.26747388
4940,0.081313364
65142,0.24784063
129717,0.5488068
8037,0.07137704
31997,0.90103513
28242,0.10275777
69022,0.30964878
115963,0.4116402
94549,0.05035929
62844,0.2355342
31591,0.18489876
27626,0.07181547
75122,0.104422554
136869,0.051545285
40708,0.051628314
105805,0.83738935
113935,0.5758318
25160,0.15120055
83054,0.43485993
68180,0.05702453
115225,0.68440336
5870,0.35337391
130733,0.15615188
96745,0.24447654
47765,0.0731862
110779,0.14856505
17150,0.5974489
144581,0.6497872
105500,0.05055961
9276,0.044771634
44184,0.62462825
42838,0.13110928
114062,0.060610488
59773,0.21284124
43519,0.5063297
36201,0.043527026
140246,0.050459355
51398,0.23048048
127971,0.20583674
43195,0.06879123
40588,0.45064795
20516,0.87640697
125572,0.19886026
26379,0.12022533
81296,0.43625936
58909,0.0548382
69039,0.22117135
118259,0.25531518
147162,0.4452983
141652,0.070015356
66970,0.051439993
137498,0.098700516
64456,0.07419994
99601,0.0630052
113640,0.107820116
44612,0.12393484
149261,0.14915945
57506,0.17151749
77243,0.07564103
39020,0.111226685
51969,0.11768992
7798,0.03760621
123973,0.27249044
56843,0.061968196
83571,0.093600504
99694,0.06121897
8970,0.6974664
105952,0.028454417
100155,0.06273292
98825,0.05449039
135104,0.5969074
16317,0.61142755
84836,0.9352397
5050,0.36308357
65272,0.06753366
131209,0.9237347
5137,0.041945677
103430,0.05918846
18259,0.37566411
143608,0.5669667
19578,0.50298864
26330,0.714423
128424,0.058952726
117333,0.07125735
67801,0.26307172
139724,0.09131156
94891,0.09001598
123567,0.1425676
104565,0.10497581
43817,0.24372381
111970,0.07252674
18127,0.36829907
137086,0.26113057
48284,0.2985181
101608,0.09410729
147958,0.39822763
119731,0.046689726
113386,0.38475928
79623,0.09792798
127432,0.1199758
73159,0.04830159
90761,0.23824234
59529,0.095909365
140608,0.7364578
122447,0.12144145
64791,0.05400766
128193,0.34774587
49473,0.10058725
5138,0.034701664
10632,0.1733946
38977,0.29882354
130807,0.56981826
22894,0.5076242
147954,0.40588975
68399,0.30947834
41806,0.14793867
89658,0.2659166
121622,0.29003203
112512,0.04035014
59777,0.49192932
69004,0.04676128
44752,0.22631893
33203,0.40777847
41761,0.170469
28564,0.07245981
135175,0.13065797
135627,0.06619279
141644,0.08302037
92645,0.23505102
143416,0.05747397
37606,0.249996
20664,0.18974175
106197,0.25268358
34296,0.8422727
57668,0.13535477
80992,0.5554947
45975,0.049078345
146142,0.7891513
142167,0.8133896
83129,0.14966908
57770,0.16119815
129351,0.054505944
73685,0.5464726
20169,0.10715679
59965,0.07093821
91937,0.13302408
52311,0.13864972
90724,0.08734081
130131,0.07193066
29586,0.47336772
7779,0.906923
139110,0.17011128
78668,0.12342258
66292,0.70229363
81667,0.4703899
16710,0.33962137
68195,0.08228151
1968,0.3516796
64717,0.080776975
100282,0.21222712
108818,0.79024386
12367,0.23719607
107234,0.20059693
149692,0.105928324
43249,0.9411865
108566,0.035089355
39558,0.12791048
127074,0.8759817
48515,0.1267161
47271,0.15057531
123037,0.13147251
123497,0.11202027
40414,0.1694741
116352,0.11753839
23308,0.29935268
142401,0.1461444
108326,0.055322003
3982,0.27323127
73393,0.25511009
29261,0.7295128
28060,0.21732433
89011,0.5252536
37518,0.43138736
61216,0.06767629
67009,0.08831317
139296,0.50887907
100584,0.34229434
37962,0.04246332
36618,0.6542053
106258,0.06816831
71975,0.21999343
3310,0.7139627
648,0.050208975
147244,0.26736927
3639,0.6153736
55264,0.56542134
13836,0.084564134
137815,0.09872414
65360,0.091212116
9264,0.5654713
129521,0.1848929
125437,0.08898057
32433,0.13837531
85440,0.07873418
29371,0.2947042
15585,0.55205965
107910,0.47831783
45060,0.07556278
62721,0.3401819
40851,0.94648343
128074,0.14302677
144861,0.03247862
4541,0.9391537
148504,0.06497701
60418,0.14325891
29184,0.13963357
105642,0.0810438
107090,0.08810364
30687,0.4376995
107091,0.11150471
29862,0.047934595
144994,0.44446823
148291,0.048621148
122970,0.21582739
105216,0.5711751
114208,0.34934932
97270,0.26422274
82985,0.1379562
97750,0.21768583
90264,0.05225455
111691,0.05749343
39787,0.38582507
141601,0.08105874
104421,0.20454095
128885,0.16874324
117764,0.3810834
63218,0.53351927
65240,0.0847356
99561,0.42426038
100317,0.6860432
42985,0.2422773
51384,0.06789697
68393,0.68704736
81118,0.2372819
82712,0.07741746
37935,0.07734043
37497,0.3336161
122196,0.19791052
9446,0.25325024
26751,0.045436077
89095,0.084345534
68060,0.24854898
147454,0.06863188
18383,0.3039671
136230,0.048791632
51119,0.09309993
37805,0.53422385
25147,0.41487938
145194,0.14170049
3398,0.0872436
71648,0.3129646
120438,0.089549474
118167,0.52289516
142070,0.8978564
146848,0.82972264
60019,0.118360244
127748,0.9763973
19655,0.49334624
93408,0.027366923
125478,0.43203533
47620,0.14772026
13832,0.18277606
135326,0.054713894
59564,0.25953007
97076,0.34319055
66197,0.07211619
46238,0.95371836
33922,0.096254356
78131,0.54520404
139459,0.14393203
113149,0.023376605
110200,0.08465647
125347,0.24750282
81220,0.10174459
37797,0.028539998
55789,0.23051667
114863,0.28354385
75979,0.16109018
149339,0.06061273
90473,0.21656655
48452,0.38898787
76818,0.20144793
108454,0.10569246
101170,0.2416125
12086,0.03566569
27681,0.05547906
124659,0.08101689
58535,0.3385315
30421,0.026730737
116209,0.364539
81764,0.14197594
103157,0.24129866
10436,0.8141951
17827,0.11633083
16732,0.6764574
53188,0.7473262
70588,0.61091346
97672,0.07440085
47231,0.45642692
26447,0.18095024
118316,0.22238459
17105,0.39096192
71571,0.6518699
65930,0.1325157
59511,0.09733083
123324,0.09097695
148289,0.1377425
137970,0.43423325
9428,0.21993725
140916,0.31824163
76961,0.3512795
114530,0.1364313
122256,0.029554913
108967,0.48464927
111817,0.3953638
13978,0.7691848
71936,0.1842063
68688,0.7414924
108584,0.13595304
70170,0.7861958
148759,0.07176255
33389,0.13944425
25843,0.057522178
57787,0.7253175
46394,0.1481584
50870,0.09140132
37314,0.8430283
101663,0.30576047
14069,0.11881109
130814,0.24332407
32770,0.47489452
130979,0.17300494
42174,0.25853497
43208,0.1678564
6821,0.05053741
72645,0.10808867
1381,0.12197863
139975,0.13474752
5165,0.13387425
15293,0.063162334
23672,0.49289468
50363,0.18042846
13043,0.0714766
135037,0.10964999
39379,0.43670797
143575,0.080609255
99912,0.36059797
90683,0.092884794
126738,0.0584865
130372,0.17192054
20030,0.21579483
81640,0.3282643
105791,0.09360077
144443,0.81459016
13224,0.78754646
122219,0.93506306
32962,0.09100446
98702,0.769877
67126,0.04804892
125373,0.19980747
73451,0.11756243
65844,0.08337754
94790,0.38883162
40646,0.11855001
62640,0.19399996
131845,0.065940276
66572,0.036461063
2285,0.23443721
56933,0.13562256
12650,0.3199615
72071,0.07301805
24089,0.11394369
80263,0.22928394
4317,0.16364539
149899,0.8152646
90213,0.4322977
111461,0.7212915
95672,0.9659523
138677,0.41093135
62244,0.08887003
18061,0.4981516
94035,0.70939624
33937,0.33597475
45905,0.36268932
78461,0.09197209
103950,0.15749088
31379,0.100216545
108137,0.53079844
108438,0.44784093
108507,0.10773483
18808,0.1294804
94650,0.61377203
63691,0.12935875
92951,0.07538486
36064,0.09951486
54786,0.1029491
94206,0.065608345
67661,0.4197247
84959,0.12388858
88292,0.4634505
115346,0.34143665
49940,0.09477531
23790,0.09015151
23020,0.36960176
3599,0.08538505
26257,0.6514876
98842,0.07146146
119042,0.05566499
46864,0.25066897
28536,0.039727207
26927,0.47664258
76502,0.49907538
1238,0.17704688
99482,0.47541866
50469,0.13281316
29416,0.11358207
14126,0.050778195
113603,0.14648202
93022,0.08010116
47889,0.7782126
22117,0.9061574
20959,0.07807686
115031,0.14913337
13896,0.06356821
87798,0.023872625
18752,0.09828882
44815,0.32997045
147505,0.32127312
124668,0.16565134
70070,0.48742685
54704,0.018251713
142022,0.1126503
47501,0.05270932
2928,0.093860224
133074,0.8315325
87496,0.3930088
12419,0.5646435
138248,0.06268768
86059,0.81130177
101187,0.052776083
8668,0.21175598
103885,0.5189351
73765,0.41934562
71569,0.03471034
105963,0.16383028
85607,0.16184375
100895,0.23986948
92942,0.020680977
131329,0.29576105
121373,0.057882443
86185,0.27041546
131619,0.05017584
148649,0.15819877
71291,0.21956812
43467,0.063467495
138454,0.1188392
65966,0.24701373
98071,0.35339305
28951,0.5174045
31433,0.054754324
59749,0.17496267
89080,0.2085062
78715,0.336607
24792,0.102608524
49907,0.6751304
133354,0.03518471
138507,0.05010385
53485,0.033538926
20036,0.07929701
81559,0.12757108
145299,0.057892464
149474,0.18375808
134871,0.27814597
23847,0.54400367
31257,0.27065292
29790,0.23653033
121625,0.08863983
111587,0.13134041
21412,0.109902166
115119,0.5972123
109420,0.2535559
139291,0.08033839
23409,0.03477925
51795,0.09061816
117003,0.13411123
83368,0.0851056
71083,0.106305666
60744,0.023889069
13990,0.06379872
77524,0.5744841
22599,0.595619
146919,0.06464935
82971,0.07762809
36752,0.027828751
123524,0.38509148
148164,0.53351927
67970,0.38284925
133168,0.22522868
27274,0.12206714
118908,0.8862681
68160,0.21778734
133764,0.14636666
126731,0.098051906
117805,0.39997956
107419,0.06380795
127339,0.2381258
37160,0.42279074
110721,0.10064836
96803,0.1641929
20863,0.12137554
44677,0.03886332
91652,0.0714279
96480,0.9388086
4634,0.4182389
69444,0.071592994
81607,0.042556033
3028,0.13200516
132190,0.5625609
140130,0.49808997
49100,0.5038933
96744,0.376497
74056,0.05506689
83697,0.6928555
137901,0.1391698
79932,0.062293854
121249,0.21165876
104012,0.2031372
56784,0.056636244
108683,0.59264123
64523,0.13708375
36704,0.09355005
39173,0.26875055
35504,0.52072567
140362,0.06286465
6331,0.04584972
69,0.60796016
68453,0.057767715
137419,0.026885938
52103,0.45114702
97122,0.27212408
105552,0.13601387
137342,0.15754543
106996,0.07534997
130197,0.3208762
52443,0.4921523
75199,0.058089565
140580,0.31936178
27907,0.9190534
126093,0.12127145
78990,0.43566248
47383,0.3851194
62724,0.2992126
103373,0.18048804
110881,0.07452527
119119,0.36250088
140566,0.12700817
121349,0.65831923
2152,0.80954146
137454,0.49421817
126769,0.40178546
87801,0.274088
44894,0.14471078
63068,0.07311266
135087,0.22612831
75245,0.27739662
41086,0.3680034
100405,0.1015189
126047,0.8779825
59720,0.3534474
81945,0.569462
73688,0.091178805
109625,0.1646136
116943,0.30850434
53104,0.16462155
116882,0.76676565
22,0.12067628
14934,0.1880423
103558,0.41600895
24611,0.0827911
34352,0.43607667
99584,0.07019405
112750,0.19582474
55336,0.06415003
143461,0.029970977
145192,0.15411325
87504,0.21528709
73067,0.072915554
13609,0.40117294
54111,0.18547334
68252,0.06174075
48154,0.34536484
77740,0.091684684
146963,0.252024
87571,0.083953604
67394,0.11268394
144022,0.3758306
122925,0.29925096
149549,0.09753403
54724,0.102417596
100535,0.095162794
19148,0.30838805
81195,0.059779
98168,0.0962301
130339,0.7786562
34763,0.39802313
78103,0.079777904
64635,0.3902535
124792,0.061046675
61152,0.4553108
22682,0.7482952
27253,0.4476324
149815,0.108376026
103552,0.61644655
38991,0.018330337
117435,0.084070325
61420,0.11492763
4592,0.67787224
65667,0.19481485
131986,0.4896454
97996,0.5097794
54401,0.047646094
29276,0.3387305
116613,0.22302407
137479,0.27057037
490,0.47594324
25864,0.097731076
123049,0.6061573
91679,0.12266414
35740,0.06279872
99050,0.0971997
18665,0.9241651
10155,0.4159495
90867,0.46947345
51317,0.2095853
57958,0.06698312
116293,0.022542572
122991,0.07388098
48063,0.10948328
8317,0.16131034
128707,0.10807617
49972,0.121690035
92531,0.035562318
536,0.19418883
68745,0.30286115
110677,0.10502723
6039,0.0418931
56181,0.54726005
117470,0.07156243
71729,0.04250641
128890,0.33047357
66730,0.49140698
105047,0.8874566
144777,0.060858406
30700,0.36344776
64276,0.07505736
120141,0.08345119
4175,0.70997775
140015,0.27445453
90380,0.27961415
53668,0.51394916
79392,0.3191249
41979,0.1330316
38611,0.18412647
74298,0.037915353
53721,0.023810172
111025,0.17975315
11510,0.19040042
59033,0.4427757
87041,0.14778018
122726,0.089586884
50252,0.021397889
131724,0.3522804
119827,0.05832727
44097,0.22299388
54260,0.09432569
120775,0.90365905
137411,0.319645
71999,0.06058834
124350,0.06286904
93232,0.8814164
65999,0.606173
110611,0.679004
939,0.06499068
138333,0.8795053
19240,0.17879544
3772,0.52840704
71900,0.06699823
79828,0.093254946
139267,0.100657575
142441,0.15563123
117017,0.42941955
59378,0.13274784
118069,0.3450904
59947,0.10949774
50931,0.15082452
117511,0.5445317
17856,0.6123008
50543,0.32843685
113187,0.35553077
83094,0.096435346
146581,0.9251673
148253,0.13129178
34120,0.09130388
50676,0.42466345
74993,0.055886433
54698,0.07285517
149482,0.8933756
72649,0.53319895
30323,0.113333166
141713,0.25452146
81587,0.08769422
86856,0.74103516
113874,0.2636412
6550,0.104348466
15118,0.055990096
39862,0.7985751
17699,0.056639113
44718,0.34250832
495,0.124590755
134924,0.43905944
74374,0.16719842
103717,0.11141575
48520,0.11425862
133372,0.37337264
113441,0.06484946
133215,0.10647056
80832,0.30587074
42352,0.7129094
35094,0.05673386
53278,0.8077821
87563,0.077949464
135253,0.70000803
79247,0.052522648
33193,0.32301772
135880,0.13454045
52658,0.45743242
32995,0.9168044
1915,0.34874773
47080,0.15757842
126174,0.9508859
108770,0.18853478
16171,0.14690901
26383,0.44460547
138592,0.12544389
96756,0.080873474
135512,0.605872
76535,0.10691913
43860,0.61046517
101922,0.02168479
137144,0.22313517
17209,0.043737825
49331,0.44614822
60687,0.030252729
143056,0.38228253
128925,0.5327327
132678,0.17385267
47328,0.3453446
45194,0.1032337
76883,0.07386032
47329,0.09625795
14969,0.8965203
53215,0.36332414
38640,0.0945789
15546,0.96837234
125686,0.03989421
36933,0.5966508
121619,0.12828545
100441,0.07547071
6575,0.4212369
114205,0.18671124
38789,0.80380553
85597,0.40388402
47088,0.09621769
4514,0.11435748
77736,0.9579724
119078,0.31517056
87268,0.6560589
117279,0.25085753
36497,0.065606825
56941,0.05295327
78741,0.16418123
127088,0.09755001
84482,0.12025581
67683,0.13865948
74594,0.19537078
147215,0.07660873
62193,0.16400069
109005,0.9018638
117137,0.038138103
88742,0.10008262
93656,0.0501956
33270,0.093078874
23427,0.19386506
60762,0.032308675
100445,0.7877117
132903,0.8974362
85504,0.33327436
31899,0.53092
136260,0.09470828
90458,0.121701725
138409,0.09481905
110978,0.2075425
12105,0.47354
74573,0.043301433
13265,0.9655858
18829,0.5955887
135187,0.8586186
54504,0.36257768
73017,0.35296726
65483,0.03814661
13874,0.09680005
61546,0.076531135
72761,0.786583
5435,0.12137554
62480,0.02562861
25467,0.18058328
58157,0.7136054
9129,0.15849459
50414,0.33640552
54999,0.43385658
84449,0.060873248
136348,0.349285
76763,0.11978505
101658,0.02855927
130130,0.33917764
29271,0.9716099
21519,0.03930591
137138,0.52421737
79308,0.5294854
76871,0.7732197
7231,0.1612868
135973,0.24985537
12393,0.048872218
114547,0.39354864
87421,0.36772183
58269,0.06612338
133549,0.096353896
121453,0.09346737
110753,0.054113276
15867,0.11366281
73809,0.094494626
123381,0.85186356
42426,0.09353157
55211,0.47557336
28235,0.22894117
62120,0.05667841
69871,0.3471975
42694,0.08630334
136318,0.1086024
66046,0.06794842
15335,0.033025935
22612,0.0345097
55552,0.10897434
77025,0.49243543
74227,0.3640695
138151,0.063124925
131195,0.10889377
71121,0.7413374
97563,0.07526689
61221,0.032383792
131087,0.1118492
70989,0.04291312
85161,0.12735248
115896,0.4182974
20559,0.34911525
94900,0.616496
60564,0.2564939
23357,0.02484383
49422,0.666097
149178,0.21455052
99143,0.2281847
134459,0.6233688
22230,0.33623233
29845,0.23012526
128959,0.6878639
39057,0.07214348
26368,0.092492215
144127,0.14434624
96125,0.38353616
105285,0.22428863
136299,0.138431
122305,0.38827902
59961,0.1425419
95047,0.61102897
23930,0.41841415
140860,0.18518983
84753,0.16813645
60479,0.10729871
1592,0.10606519
26109,0.029974198
149892,0.79268813
23063,0.09587679
20928,0.3784785
135910,0.61767954
78108,0.117377035
43438,0.08042831
120708,0.39114842
121887,0.14951435
36623,0.09171133
17539,0.43738735
133094,0.043704752
121939,0.93189204
65377,0.49029902
69789,0.85335565
114967,0.10759176
45348,0.8360202
80199,0.6656708
149646,0.5371137
75017,0.08655006
2604,0.4720349
93177,0.15760621
84394,0.7877321
50097,0.13559261
1254,0.0746069
146950,0.23099703
62558,0.23058031
20152,0.5767262
41653,0.06230586
142881,0.6567664
139974,0.12783206
125771,0.8481211
108385,0.53936094
82465,0.4639215
24767,0.51765704
98525,0.044103514
35524,0.04874926
32548,0.12626739
24005,0.02016405
131183,0.045635603
28631,0.53686905
39011,0.05338745
129541,0.09015808
97839,0.102774866
117356,0.16407055
127296,0.066038586
33775,0.31231925
104492,0.37887698
111632,0.65190065
136285,0.6995354
111940,0.34185943
127103,0.28701067
62551,0.12967198
119513,0.29726225
4047,0.21692833
105605,0.091879115
79802,0.20527753
1899,0.20860077
32757,0.43792602
19801,0.26047865
73405,0.29805797
32955,0.14880826
12007,0.029113648
118013,0.14279792
18252,0.17324725
18341,0.392709
136914,0.094852775
12612,0.26935217
97285,0.84587866
8222,0.1982436
64431,0.19300006
5886,0.7773878
18114,0.12053944
148243,0.61051244
104519,0.0654756
129993,0.19416001
13957,0.20995519
99615,0.90636057
94840,0.7286472
75301,0.09223116
69669,0.047334254
128404,0.1950894
53950,0.061092112
78504,0.06693017
15945,0.90243435
12039,0.05415603
11441,0.20540686
78831,0.03119895
49743,0.08194861
144737,0.71398634
115076,0.10390287
112482,0.45907643
60692,0.59474397
109006,0.118475534
7518,0.046934687
58471,0.081468694
135847,0.15662472
122526,0.34023884
17679,0.20744954
56605,0.18004955
111645,0.12538926
30052,0.120361455
92834,0.239005
35032,0.07951476
34076,0.08684317
113656,0.19550154
84683,0.8515711
100089,0.100359574
70608,0.10455924
118672,0.11936321
104679,0.040313546
118487,0.06734121
30946,0.7688258
71190,0.061971743
116113,0.8814943
86460,0.18914786
118601,0.07403686
65170,0.05841664
133793,0.10848601
131001,0.10668105
43301,0.19423299
65650,0.63176155
22967,0.09822734
3667,0.12987188
128934,0.47541335
67900,0.035680585
24176,0.39279887
135257,0.8243914
38434,0.06724973
31520,0.13225317
59227,0.3774116
62739,0.42319626
72934,0.34901598
141681,0.39801782
68072,0.037693944
63731,0.048255265
82832,0.046387464
122209,0.044674754
71873,0.68378353
97633,0.06618314
101693,0.74708045
127883,0.062837094
102747,0.544696
145499,0.100062095
93149,0.080872625
27516,0.07045253
39571,0.06389832
27861,0.20803173
40729,0.20818773
118573,0.14747252
35282,0.46353492
132461,0.30250105
4353,0.09134915
147718,0.12629806
35871,0.34699976
77436,0.0535995
3648,0.18498115
139744,0.369315
10563,0.065341294
134901,0.37982643
34731,0.30593315
97432,0.20768747
40855,0.069415376
69500,0.16784385
34779,0.119659536
1937,0.0874284
83721,0.2923017
1443,0.678894
59992,0.09461686
136797,0.093423806
146416,0.08685159
78877,0.0749505
34866,0.1039297
46881,0.19324301
74616,0.06924611
87593,0.7116549
138384,0.077383436
60512,0.41298088
91045,0.051705834
8599,0.46487144
131952,0.06614956
39807,0.052990805
15018,0.6759031
142355,0.13226879
45659,0.45347425
125827,0.11830316
32331,0.059085004
9004,0.07277501
7155,0.64457893
4543,0.7691754
71923,0.073483825
98389,0.048627045
10882,0.045164034
26680,0.13686816
79747,0.9440285
100909,0.4837577
57838,0.10017312
22507,0.8930291
33107,0.24966128
132968,0.039752383
111758,0.28808722
120936,0.44504774
86684,0.103692554
131319,0.039819125
39576,0.14875853
50944,0.04399166
78641,0.5269089
142484,0.1869831
128642,0.19100955
102442,0.019439189
62100,0.14180683
80215,0.069156274
80087,0.043900453
24825,0.8547142
129414,0.10411228
46514,0.14088042
96651,0.09255648
16397,0.04826123
106756,0.34995684
73376,0.16243127
56668,0.12359316
26406,0.074709564
34683,0.25857127
136887,0.09017889
142007,0.39111027
111986,0.08868272
18378,0.06239385
83453,0.11737575
50459,0.043190606
81306,0.1777864
120843,0.25699154
124513,0.11023484
121023,0.12725647
108166,0.45282054
23630,0.20161748
18737,0.124417
92093,0.22514816
93622,0.12131051
1303,0.14131409
95377,0.200006
37683,0.09979942
47953,0.14453217
40570,0.07174337
12850,0.29232538
32980,0.27100527
49269,0.09124689
3558,0.14277329
148432,0.79969585
27331,0.2744613
46959,0.8820492
120517,0.5038411
101151,0.4242332
37836,0.5025258
17512,0.1769296
101191,0.23855676
12905,0.4406505
21047,0.13411656
30897,0.6343319
72995,0.5135808
80223,0.027688576
17418,0.17937754
131519,0.13132799
12281,0.06684194
38180,0.094606526
10172,0.08930722
54812,0.2881689
127518,0.22630176
65756,0.08024231
21604,0.021845939
127048,0.31937242
46241,0.04562955
125297,0.088648885
60277,0.1206652
60791,0.22746544
149847,0.07694851
37752,0.5392287
18232,0.17685765
124219,0.55490476
138702,0.28364357
78128,0.09788538
84113,0.049361784
91322,0.16228192
139867,0.15174346
101229,0.06998933
143521,0.6929219
136691,0.3519719
122511,0.05926609
109670,0.08394356
142462,0.1350417
136058,0.5643216
52053,0.021247055
77561,0.6528403
23214,0.31678358
94286,0.022057908
13089,0.042635422
25579,0.5944668
138122,0.5889209
6143,0.044413447
52301,0.13440242
61494,0.38551104
127229,0.08259052
116284,0.083589226
81196,0.22539665
50397,0.12211852
76976,0.71568626
18082,0.30693614
13215,0.23878987
141645,0.024014708
121723,0.10769863
19161,0.083082825
28169,0.22811542
115419,0.20176151
13853,0.1383471
98463,0.05737833
69048,0.1302327
41200,0.1635467
63394,0.9484813
121269,0.3056036
72648,0.008157518
49493,0.11575091
110930,0.059232485
114891,0.51536715
83095,0.060490698
29665,0.41295078
108953,0.2742777
62281,0.3069467
94957,0.27577582
4610,0.36827365
83197,0.1330655
93130,0.50404966
18015,0.34584662
52889,0.07443596
68212,0.245988
126862,0.4227592
19180,0.78779966
44792,0.22929883
6689,0.3848738
78341,0.8104828
88781,0.12997481
11147,0.07874473
11001,0.11550015
88925,0.11924596
38156,0.31214336
102474,0.10493217
105317,0.138907
125232,0.031101275
107505,0.049789295
122604,0.17733802
24714,0.40721714
131433,0.11111943
74234,0.05838388
65946,0.3881554
26440,0.06594897
144880,0.12622733
33600,0.3840062
16039,0.08850078
119621,0.30983937
53314,0.2729365
35357,0.09981244
6645,0.23637238
87658,0.23382081
7106,0.063275985
76590,0.3754116
77516,0.76054466
101559,0.23927362
35417,0.113306604
1783,0.42908734
56222,0.055550117
20004,0.11392039
60555,0.07965159
122102,0.02896195
15164,0.24218449
8450,0.06564724
53294,0.057603646
91162,0.081479974
32601,0.21139674
98161,0.24492936
66941,0.07569553
147901,0.21767153
88617,0.7898146
80642,0.8392141
114073,0.069771044
20744,0.28819713
121839,0.40196148
97248,0.17207849
41756,0.10064061
83521,0.11394008
8285,0.28217426
21072,0.42943054
45973,0.16302502
71856,0.31174868
111653,0.15284844
3852,0.49073866
43418,0.17399582
110400,0.08923505
64557,0.0854094
132616,0.35207626
1626,0.09559647
69883,0.11291387
54419,0.12062721
1768,0.3191535
52023,0.12631907
117244,0.3766606
401,0.086146966
145285,0.11588707
120623,0.40302116
98151,0.29116887
40179,0.13258888
106508,0.13124116
70537,0.9392175
40678,0.20176771
142076,0.072961785
105101,0.38295683
116397,0.10808203
37563,0.4138497
21829,0.0900669
69733,0.27397433
96827,0.11874491
46648,0.2896569
106370,0.08118881
5057,0.15203126
38740,0.14139633
44572,0.056372605
132406,0.0768745
117781,0.037667565
15375,0.05690918
108334,0.19761223
40514,0.28880012
99889,0.098159224
130359,0.32749093
123309,0.11545402
63464,0.038330577
136889,0.20716245
74353,0.10186788
62791,0.6862227
144118,0.14541128
17733,0.8633518
86267,0.29160327
111771,0.03367758
45911,0.5559017
104918,0.029357059
139012,0.2940482
94809,0.3134635
100291,0.06144055
17066,0.07273261
107259,0.046617
3190,0.07061816
19505,0.04793974
127977,0.1275842
116233,0.1014017
44315,0.9433412
121739,0.09578707
142123,0.40574855
661,0.7690528
68836,0.32347286
86485,0.35906515
6595,0.59002936
99243,0.558937
14744,0.5723636
138180,0.043170735
57609,0.04460058
109099,0.1577501
101745,0.21541585
112369,0.43356746
35723,0.25368842
38482,0.9146422
110600,0.28409657
6361,0.17395957
47663,0.9535052
96990,0.61253893
135386,0.3072976
134196,0.07005337
65700,0.119788714
5731,0.08867661
109898,0.09636311
122518,0.06956301
113799,0.4129443
5749,0.074965514
85872,0.29254973
22172,0.10249277
60652,0.3806664
25247,0.1405052
39339,0.55833143
28407,0.06468047
20992,0.28885832
96108,0.24163017
61536,0.26192006
89032,0.5492981
8740,0.09648804
77380,0.08191121
35528,0.07436206
67469,0.40126222
47584,0.027773932
138657,0.27249795
68599,0.94823676
35227,0.8632572
123303,0.11954002
31100,0.15551911
65259,0.044687264
27564,0.9889754
18483,0.34213614
100037,0.062966265
40040,0.06588332
148092,0.32873428
106603,0.06626433
82675,0.31717747
73460,0.6977137
146871,0.8226142
128419,0.19906005
55385,0.077607706
78753,0.27066177
49399,0.12621063
50111,0.34173813
85939,0.6791767
20739,0.28897506
118685,0.042388223
47797,0.09840639
86126,0.121591285
114467,0.05380303
62583,0.06789324
108308,0.08889304
58078,0.14247575
136462,0.87120426
68541,0.103456825
25670,0.049380515
103018,0.576707
61227,0.21292932
69686,0.3683486
64597,0.45040852
24973,0.8093517
75599,0.07355785
25382,0.21613266
131313,0.13799258
123050,0.060238864
30053,0.157429
114067,0.24835055
69312,0.12867239
140423,0.096392825
84655,0.103847705
84020,0.1611247
137527,0.5151844
88002,0.10699173
38861,0.753098
106133,0.27671218
17756,0.083253756
141915,0.06139316
80927,0.5008352
62541,0.9416587
60963,0.5488994
1649,0.4523146
10536,0.833586
111338,0.4383887
4054,0.1358437
33474,0.18440273
78122,0.5081596
23914,0.11737044
88788,0.19055302
13894,0.86684096
27610,0.41521958
19454,0.055752236
134331,0.21488105
90937,0.17098796
117568,0.58210295
19398,0.18915913
3986,0.10686617
77215,0.94671965
39322,0.68948483
72059,0.12617232
8439,0.078646384
120207,0.2858161
86193,0.037860367
149515,0.43943515
93832,0.04935928
55799,0.21011311
89758,0.46770853
137369,0.7708571
118141,0.7861032
142607,0.15901305
37890,0.12724619
129946,0.38781416
112349,0.11865276
81285,0.48518118
97660,0.3546784
37920,0.6359605
79536,0.37002847
108974,0.23249027
2357,0.23912385
3938,0.20541428
105042,0.08994472
80482,0.878532
101426,0.45248654
14914,0.102998406
101868,0.15271284
697,0.061703473
107028,0.1821531
105375,0.9519582
108017,0.06269386
92970,0.13948739
148080,0.15100257
42676,0.06693249
127400,0.033104222
118219,0.4716223
139558,0.66286916
46404,0.86965483
89471,0.22545648
59155,0.50905234
39641,0.39304745
8581,0.0610178
61817,0.20827188
21232,0.883098
149237,0.07216124
47946,0.111050695
64122,0.046573546
110444,0.42460287
130028,0.5540357
73239,0.6195134
135645,0.5891534
122798,0.7667703
119416,0.5968532
97992,0.08402841
102348,0.5068892
133535,0.46993592
105436,0.11368183
130341,0.08179917
8974,0.25644216
101912,0.05004959
130448,0.32723793
33491,0.093659624
10437,0.41155294
69910,0.25699347
49047,0.23875456
13782,0.2644874
93691,0.14449991
74620,0.3421544
44906,0.16477157
139424,0.08128681
144147,0.06733104
145469,0.15726236
129294,0.35956153
2443,0.37155396
149349,0.0858594
135083,0.09201782
101646,0.16605674
142528,0.61513275
104822,0.028818754
41945,0.9101448
73938,0.7904947
18929,0.11142987
100239,0.11980467
85846,0.052901212
112238,0.08010195
112053,0.07730941
111516,0.5920016
77775,0.64091176
4106,0.23581883
109190,0.8089732
14179,0.033682838
134096,0.3143696
20223,0.058607284
116112,0.092194706
88948,0.09853917
78873,0.09178969
111902,0.042189945
48875,0.87099767
108941,0.18628748
50697,0.34069282
124084,0.32256988
87558,0.035228465
21467,0.9233462
16406,0.040629778
30178,0.4877505
21002,0.14475492
93956,0.2625878
89489,0.10100158
95934,0.3472903
132279,0.091759525
65022,0.06540262
108945,0.97009003
116066,0.46756637
20607,0.18077095
128475,0.10691283
127433,0.20189399
92479,0.25698087
54271,0.39035904
30979,0.20735566
56128,0.14068337
81880,0.09327097
98890,0.41475287
49808,0.21369205
11018,0.09569197
116540,0.2503766
86105,0.14881982
1494,0.15899867
103736,0.51304555
115448,0.25401074
79174,0.1650345
62776,0.089573175
139999,0.49372995
5182,0.15559854
87261,0.3770443
116492,0.7084082
98043,0.24161689
61173,0.0644229
22901,0.09840242
88525,0.08506091
61476,0.3226865
24125,0.050722133
90119,0.072173044
146786,0.3874356
125715,0.49268648
17401,0.1777377
44747,0.112205595
80933,0.06768113
91375,0.1511542
109658,0.41030473
123042,0.069885485
81046,0.15027279
148805,0.08948392
80255,0.17453437
119417,0.07685875
33194,0.06702967
72045,0.87720484
34030,0.1282159
14877,0.040840775
97585,0.0836471
562,0.1898707
122425,0.07805623
9126,0.081751086
65629,0.23451413
69301,0.37152395
90961,0.11457278
41448,0.34909838
36274,0.09369402
124380,0.35685202
126590,0.05535366
132399,0.07493482
9118,0.039514095
253,0.062759735
11327,0.26203224
69833,0.50599086
49541,0.2764007
90281,0.30930802
42835,0.15885967
100878,0.9629082
132099,0.95200217
101941,0.5321036
6452,0.062030368
107340,0.3166644
5693,0.9333277
21589,0.25267828
86132,0.09279382
130861,0.5178529
110042,0.19902582
52482,0.20416737
15503,0.12644224
109433,0.08972964
5126,0.41699693
75711,0.09398668
52687,0.1699089
124515,0.2673891
128477,0.7360578
113115,0.0939616
75375,0.18672118
39075,0.17595898
6369,0.05589383
108656,0.35719094
45860,0.79182124
73692,0.036545232
94773,0.13082114
48475,0.4626588
101082,0.55841815
101983,0.23032619
27706,0.18234877
93747,0.107819565
23813,0.17494468
42820,0.10658007
80210,0.5230689
149200,0.15366827
114312,0.040714465
44543,0.26808262
12580,0.754954
139484,0.68726873
95482,0.10657494
97097,0.24406992
11092,0.6963896
68837,0.67192173
145271,0.09602522
120918,0.13000856
120528,0.6233506
121698,0.12473985
65653,0.06834361
29107,0.2865144
23489,0.07098043
68334,0.20696509
26080,0.14781073
114890,0.6405972
26526,0.09100046
25839,0.21240635
42134,0.6666474
19044,0.061357178
32244,0.66697997
87759,0.4572669
140439,0.5582304
72279,0.56552815
65315,0.22144164
101193,0.18696497
64504,0.44324267
74561,0.17412761
146983,0.020474402
27093,0.026763357
117055,0.09525994
48688,0.18999289
46883,0.081621535
22024,0.03372645
7860,0.26351765
120578,0.9122183
26982,0.53763586
60472,0.5490806
132608,0.32411513
129052,0.1296667
116414,0.84945285
99382,0.23174517
39043,0.042179283
132752,0.051422477
12043,0.64219224
83356,0.083407626
67250,0.578937
144243,0.3174928
21918,0.19427037
89159,0.09540048
137764,0.12416234
33770,0.93332756
142226,0.16964212
40061,0.30160713
137731,0.16201806
42637,0.85968167
13592,0.24090917
78910,0.3601995
55495,0.08032988
20527,0.18189637
10037,0.8998622
134324,0.15121964
69961,0.18243338
133894,0.12250495
13527,0.9225512
47869,0.89784557
77842,0.08182271
149150,0.09319563
25143,0.8694233
23022,0.44931838
15405,0.34407717
58934,0.030424803
64443,0.1349941
144943,0.15450041
66782,0.052421656
15218,0.11838273
37554,0.090582095
112055,0.1971197
40270,0.16204518
110281,0.16818537
45357,0.18630864
144572,0.15499221
26965,0.5275833
34840,0.22838718
108896,0.84385353
3137,0.09504643
106887,0.97581905
132639,0.033088624
131625,0.19649684
54730,0.106889226
114731,0.29472512
77845,0.13425985
42249,0.2171394
95386,0.18924771
9099,0.18987258
15475,0.06981315
28630,0.47574145
127326,0.07100004
47083,0.2882586
74802,0.14568576
123250,0.61026657
72053,0.07587578
40649,0.057990655
39950,0.96681374
99244,0.4792544
121071,0.11857226
2003,0.23074111
16720,0.0570271
66254,0.053403873
113695,0.54154974
122597,0.68167776
47332,0.08024408
55328,0.06990013
72854,0.15421885
125524,0.24109402
97859,0.048721094
146838,0.09521745
31318,0.3129374
42376,0.056335468
136942,0.0724684
27319,0.08869678
61429,0.4806596
50666,0.046126913
63735,0.14709005
29262,0.25802064
104947,0.12378564
68197,0.71620375
61322,0.060572144
19193,0.05992225
51900,0.039107308
102375,0.4077055
116130,0.31794003
25507,0.045431893
37876,0.11053871
124290,0.35203186
103640,0.21805815
120040,0.1816825
82921,0.27647898
144311,0.5432315
33986,0.21967441
1576,0.10663025
5061,0.048387773
101471,0.09985394
93225,0.08968701
74737,0.10043378
104260,0.7566918
48127,0.05279208
135339,0.039086625
99314,0.3718164
122326,0.73543453
96653,0.028624343
47119,0.2302317
148651,0.095231354
143228,0.547087
15233,0.23730005
111770,0.22508036
60216,0.7676752
77157,0.33955726
133732,0.67783254
69888,0.3589447
13160,0.26545206
28488,0.07513075
113819,0.21339704
133443,0.29803553
120062,0.16448379
85033,0.6767471
77476,0.13521801
92458,0.7943654
26272,0.06359568
41790,0.27551994
43088,0.38368127
26594,0.042463116
97524,0.084613815
39457,0.053633858
54530,0.55213165
32793,0.17400509
82165,0.06336923
119941,0.7322575
138398,0.19979283
142298,0.5191758
65222,0.015440311
7721,0.32370085
3453,0.25218335
63127,0.14460324
96261,0.063868575
59138,0.67086375
149049,0.15354633
28915,0.068504244
72105,0.57553
450,0.19791488
18331,0.45666942
25541,0.15001601
122178,0.2805436
31609,0.2948176
34239,0.11839813
40710,0.3113456
26394,0.8437159
80520,0.2075242
49403,0.08259281
46967,0.1560486
69489,0.049813166
106402,0.080409616
66716,0.25431386
116804,0.07612931
148662,0.17669104
114678,0.13630901
27078,0.23951048
90461,0.18211932
32864,0.11260586
38214,0.06241048
107269,0.1242993
98249,0.18655811
72527,0.8991229
66883,0.10931395
6030,0.042867403
29351,0.17399555
130364,0.6821599
138234,0.032097515
11497,0.10374657
3370,0.035607334
56261,0.07396679
72114,0.268784
79194,0.05216189
21077,0.2285952
26260,0.0912134
61213,0.13051704
55089,0.11883883
76996,0.42132646
28067,0.16586229
120520,0.09527289
72874,0.017154144
48944,0.058450446
51445,0.64079535
10241,0.0782713
94040,0.45541552
5217,0.08678299
64887,0.06988636
94784,0.10854837
149181,0.29273373
90539,0.2891513
44096,0.8860815
40976,0.3306423
15812,0.051356066
120783,0.054482307
83713,0.073151916
96139,0.048140936
79693,0.045119893
57484,0.08415471
7143,0.9245386
118856,0.23161238
70607,0.29953736
124356,0.06544141
146854,0.104356706
135440,0.09982054
12839,0.07583739
43240,0.114451595
70141,0.18394329
39439,0.27095345
98883,0.026464239
140831,0.13810071
26532,0.33966348
50442,0.057222214
56900,0.049502335
2594,0.29543576
86345,0.79398036
44944,0.09973813
3001,0.48903772
34942,0.47116032
6474,0.07189292
74832,0.077768974
82266,0.049915846
35393,0.12838237
102843,0.19770588
25369,0.15484188
21233,0.38710424
107621,0.74842155
112610,0.023510985
871,0.17666659
56284,0.07557641
58911,0.42781314
97392,0.11902441
972,0.21188098
89089,0.882067
34172,0.059993725
105282,0.10183301
33330,0.075655155
68099,0.076668
138412,0.3915068
30519,0.9403977
58765,0.49772233
25987,0.054355793
21463,0.10339399
86388,0.96489686
144945,0.1389563
113782,0.092671074
55275,0.6467211
76746,0.91080374
81812,0.21883328
32979,0.6663456
1088,0.17497785
146977,0.2620035
120705,0.43273702
126872,0.106817044
39786,0.20899267
117386,0.11253433
98563,0.11508947
29089,0.07033144
28744,0.15124007
24757,0.21791156
89325,0.14030303
129385,0.09253302
108151,0.3510842
23386,0.10321558
74470,0.08041461
41108,0.7214718
122159,0.93647784
77146,0.11385875
137921,0.45102304
54676,0.2176079
64605,0.14528191
125460,0.08907728
53396,0.40262437
26429,0.059334505
132655,0.07263628
140762,0.047600992
85047,0.48384184
121327,0.053500228
111922,0.06551197
5153,0.47419208
17971,0.33427823
117754,0.11265911
31138,0.055714004
45651,0.050285604
133220,0.06564048
6686,0.21486284
134795,0.1651266
81030,0.053219397
9622,0.30854127
147971,0.39969444
37039,0.20141178
104906,0.08209408
31618,0.19163433
68877,0.07923989
137652,0.022013208
90610,0.07503647
43632,0.42458606
32428,0.14602976
69640,0.46785295
103003,0.46018928
71376,0.06006033
77608,0.15138774
47582,0.14381638
71771,0.44737917
141483,0.10906156
31357,0.92887807
11545,0.46579105
24220,0.06634167
125465,0.05151273
75569,0.6207461
46921,0.23242642
107460,0.045225482
80321,0.41522294
7220,0.06510565
134962,0.088144794
6931,0.20210934
54731,0.35983163
114107,0.3180648
90554,0.8946612
138587,0.3258828
99322,0.11068372
7025,0.17621416
15533,0.29401013
20981,0.15696812
90336,0.51879454
50721,0.3548258
78302,0.083491534
103588,0.14523448
78228,0.635651
38315,0.8050238
66997,0.09404904
106688,0.55798656
15711,0.19757693
112939,0.72503626
132725,0.26027843
24879,0.18150434
23457,0.5662124
139275,0.058612015
105969,0.10049862
76663,0.4816494
10533,0.84521496
23857,0.28537807
33450,0.3001804
117736,0.04788773
137050,0.14213502
62977,0.14914496
144116,0.5200615
112473,0.08363738
1506,0.12589748
148176,0.34516147
62245,0.61789393
126887,0.16200577
101891,0.28094727
113468,0.03144442
64893,0.071793884
10066,0.23102859
143587,0.61077374
97323,0.20425744
86120,0.03725219
53900,0.039235216
95658,0.33046117
145454,0.49360856
148724,0.09762358
48473,0.8785128
132926,0.32078084
142164,0.07782587
115160,0.9465283
18360,0.100805104
54436,0.8450382
109831,0.051026043
103263,0.7013657
53421,0.51632106
19236,0.59699893
46569,0.15515485
144089,0.7703373
140740,0.24231075
30952,0.04134465
40684,0.36923742
46027,0.026575394
6810,0.23501083
5411,0.48629883
60614,0.6620919
118713,0.032059625
32809,0.046469416
129461,0.8098269
66830,0.6741339
11054,0.084238246
60865,0.31605437
58984,0.2177016
117136,0.0303608
82999,0.27311957
82433,0.05042601
13495,0.039508566
79996,0.53664756
109954,0.050217636
73199,0.09534307
29786,0.089988545
25119,0.14082868
11634,0.6127463
114624,0.052249
72268,0.8174303
65724,0.43483815
40323,0.37670052
63714,0.048695102
108876,0.07499746
135091,0.19272155
63130,0.56283104
145771,0.14928484
108828,0.05461614
15813,0.18310668
62747,0.07637769
26742,0.5803989
10515,0.16547157
76904,0.13272665
54396,0.22805351
108981,0.07489668
127581,0.23684467
102908,0.87140065
103714,0.14467017
88313,0.051503524
124806,0.098163314
130206,0.14231321
41987,0.023523139
143382,0.12261844
86394,0.14694089
59660,0.59571415
86544,0.113425024
5758,0.050246563
84735,0.31556398
57088,0.16211396
46690,0.119118676
125267,0.5415939
12803,0.6051835
81502,0.70497566
143221,0.6111498
94731,0.40314364
36129,0.077206746
103972,0.7415331
116111,0.09218866
129525,0.2216739
4770,0.3957464
82287,0.0752644
5802,0.12100133
117090,0.15916775
126774,0.12529334
148222,0.24696596
132676,0.15423252
29725,0.19353123
42239,0.13388942
78842,0.054555368
127766,0.070409715
143238,0.08722134
11663,0.2414026
130972,0.06836924
107729,0.07794287
79112,0.21880132
46954,0.14529468
109807,0.24163952
104667,0.28202653
8151,0.13521574
112948,0.37609753
94776,0.45135286
58188,0.095962115
88300,0.3411769
44648,0.033531222
121267,0.17225288
5545,0.61918634
145625,0.046568528
139891,0.15048833
59157,0.4810401
19179,0.07364891
135020,0.34772038
52232,0.058950957
11583,0.027246395
84051,0.45734793
97700,0.75905126
79718,0.16932128
71582,0.15722279
41166,0.060549352
60580,0.19831422
97157,0.9697352
52582,0.14473501
120919,0.43930343
126757,0.08194773
24686,0.19764258
22632,0.801863
10440,0.07546883
100790,0.055905215
85098,0.07791595
4922,0.5721976
70094,0.10142812
144615,0.091873206
124186,0.47382504
41727,0.93739814
143198,0.09520688
4267,0.3165045
97293,0.06334644
122051,0.060515888
46278,0.32907072
83704,0.06934865
2691,0.13730782
83167,0.29383945
40721,0.90430224
129371,0.09458919
37878,0.21968846
21401,0.041504923
85818,0.10000773
113781,0.049999222
119177,0.11010872
21684,0.067267574
29224,0.12997727
37271,0.17331007
91024,0.079677664
37662,0.04650217
119930,0.27016574
45534,0.47985724
73270,0.034299836
130571,0.4829252
68223,0.06970407
19659,0.16206056
4438,0.1443688
106982,0.11793392
116841,0.6597352
30656,0.2593777
121944,0.068524346
40162,0.77304316
120179,0.2891915
76115,0.080238044
28811,0.05745479
66773,0.24445206
68269,0.42120215
120187,0.18172444
76288,0.21383257
101038,0.18399258
133015,0.059885208
45242,0.08662067
82940,0.030823568
98141,0.2776603
68044,0.77940637
132011,0.3154473
119514,0.060384147
137624,0.59711534
18791,0.15662315
36863,0.270551
24028,0.3039919
103779,0.06433915
73650,0.044513427
5000,0.28060892
72458,0.08976008
129684,0.9357102
50876,0.8716105
122270,0.11189279
128996,0.6279761
16887,0.34494016
25824,0.23829773
58254,0.22830495
101325,0.31927496
141973,0.10304166
125916,0.29845116
39460,0.49795288
92631,0.15937173
135636,0.30981094
88611,0.2558236
134448,0.07294355
97085,0.3830003
85927,0.051088285
108928,0.28633836
42968,0.037793696
91220,0.39292493
138939,0.0840254
1108,0.031824496
102773,0.09707408
89615,0.17642777
18419,0.027579686
114338,0.25160813
114075,0.7676249
60288,0.24303855
78337,0.41968045
148385,0.26591638
39416,0.12057371
45700,0.13118118
13026,0.9738244
24218,0.094371974
99575,0.83392996
15557,0.018457215
115598,0.13832544
77183,0.18308765
126072,0.5321008
94698,0.21991916
46340,0.22933154
23989,0.045581337
38083,0.18791904
86212,0.4595669
85141,0.1548749
109751,0.10204162
86857,0.18617615
105665,0.13273354
146376,0.11470293
144416,0.106573336
77322,0.26960817
29491,0.36903128
117540,0.08307972
108782,0.04478588
67743,0.30404624
94820,0.1562221
12299,0.18675297
132340,0.19396554
127705,0.79896724
149666,0.37224162
85654,0.2092371
109014,0.2958002
22762,0.87313473
83357,0.7299401
85907,0.0884018
141450,0.14487028
25228,0.20292391
22529,0.09498704
81168,0.08225938
28705,0.35131526
29319,0.13382965
9426,0.03448505
20090,0.40325147
113801,0.23434754
122989,0.044338174
44711,0.6068097
76102,0.13445784
108825,0.10187405
21860,0.114008516
74257,0.34096983
6412,0.067242086
78027,0.059214912
29533,0.13358638
130111,0.092637345
141341,0.27423483
30943,0.56143993
98589,0.54394203
330,0.43795615
55315,0.044617135
87367,0.08892905
112315,0.9594562
420,0.05801658
15713,0.1704477
120324,0.077507444
104043,0.01431658
118189,0.11198745
11788,0.28819335
11719,0.110864505
31156,0.2509497
72460,0.23731321
129313,0.90891105
73833,0.07299331
100053,0.089722864
40388,0.099580616
123480,0.10090369
100042,0.12806915
122261,0.10594668
106850,0.23075972
25681,0.10852921
108387,0.58307666
145080,0.12687412
36864,0.17147796
39095,0.6836782
39366,0.10143258
100333,0.15777996
130956,0.29901785
148426,0.082537256
81926,0.3337161
63930,0.2533874
117092,0.02283748
97886,0.11179814
114490,0.040278357
37417,0.07477065
37595,0.06631372
94105,0.35541788
141137,0.16361777
87622,0.114486136
110084,0.77275133
34975,0.40611488
100322,0.093330294
1646,0.06251415
116633,0.07331389
123866,0.11831842
125733,0.84628105
84827,0.05766325
63507,0.5311616
69764,0.2976145
117021,0.37400523
21276,0.4066338
122473,0.115845285
89267,0.20125608
139241,0.032417763
12230,0.077886
133059,0.5052531
42682,0.45079482
137305,0.44071898
56601,0.15250532
34748,0.6229556
57027,0.93635356
116574,0.08456251
109297,0.19365461
30955,0.0761004
142373,0.38803568
132453,0.33668318
33454,0.09285427
47665,0.024973294
86625,0.21390967
8666,0.23632841
98323,0.046452995
19293,0.18878289
143017,0.0890157
103655,0.6411163
53490,0.14957204
91192,0.58003175
137487,0.06597058
13949,0.13471204
85374,0.3880658
949,0.15841837
92016,0.3515608
120395,0.0903071
69528,0.04052386
119324,0.13347317
93442,0.05631973
35191,0.037950426
89870,0.48479927
103605,0.19477364
144570,0.12330235
145458,0.16636391
12046,0.13386472
70575,0.10948719
36177,0.28604066
111683,0.14541057
107634,0.06265127
142882,0.9727966
40834,0.09052063
13023,0.09396023
68304,0.1516599
83897,0.112012826
22350,0.85541755
111747,0.27333426
118677,0.08278983
91473,0.40664455
72381,0.06457487
8099,0.077465676
12789,0.8055569
118239,0.6105685
76553,0.48324212
12974,0.7911571
113523,0.10024269
48904,0.22723989
149672,0.082048774
25597,0.09046099
113482,0.06793533
68470,0.37488624
50635,0.09662383
6859,0.18532863
74818,0.1472172
102388,0.83405185
33526,0.24749458
114219,0.5420659
90505,0.11741051
84656,0.8474456
35758,0.26159078
22417,0.063562706
93772,0.2999722
93625,0.24366924
99951,0.078002274
72912,0.1153918
80157,0.05708499
45789,0.20801108
50939,0.064842924
129402,0.7528444
27149,0.258314
97657,0.07170389
89137,0.08947981
45604,0.10851115
66356,0.7116108
82924,0.099400766
45263,0.07461465
126285,0.04738624
72974,0.23783179
16819,0.60562444
77245,0.085019074
35987,0.3361668
76668,0.06259787
119521,0.4718696
65227,0.059364684
121610,0.14613603
93035,0.5292933
41553,0.85670745
126730,0.3523031
39019,0.18482539
42665,0.15892756
84346,0.2807281
69067,0.082734585
22622,0.107136466
43458,0.4053182
2459,0.27954456
44557,0.059284013
133288,0.13128673
118077,0.07950057
140000,0.109285906
149060,0.5607308
149042,0.21233435
81497,0.6000081
10951,0.17822239
30820,0.032155376
114614,0.018064324
75607,0.091485135
90735,0.2724101
149445,0.09927018
125592,0.43665186
27119,0.102475055
149475,0.0965134
48571,0.97622514
116415,0.8152966
13208,0.06770902
52322,0.31913742
72182,0.14664282
61899,0.47638887
75206,0.09771666
17815,0.19700068
133898,0.29950356
22565,0.077287175
137566,0.27112976
124033,0.15248117
633,0.11527133
61179,0.21750948
140483,0.2983696
21187,0.76289785
55081,0.25402147
87002,0.7021535
47629,0.17368191
132057,0.90663457
102258,0.57203674
146631,0.045587458
7100,0.7243514
50155,0.07282464
141891,0.17516673
68696,0.048346054
94557,0.3534568
101806,0.9291312
44702,0.025231715
122349,0.18306766
131492,0.19034834
142477,0.35910058
125908,0.9405733
13140,0.5153487
146047,0.7659444
55079,0.03922072
124258,0.48210102
110912,0.3348343
62736,0.10071834
147317,0.40546066
137459,0.45880204
10607,0.11031791
20892,0.11061131
2456,0.17201401
1220,0.21087934
137353,0.38723922
27215,0.09744542
16982,0.8173885
50822,0.1146763
71523,0.026235517
83284,0.14894828
143114,0.113002114
146597,0.23343733
23209,0.1796859
84494,0.2527391
48816,0.21177098
62836,0.04323397
68411,0.07804117
73644,0.27377668
50337,0.08772459
143288,0.6483363
82265,0.1605642
107188,0.5844648
51548,0.8522739
53907,0.37681448
15632,0.2729767
83574,0.105002135
126133,0.18218972
94177,0.7969959
36424,0.5419181
86562,0.85622966
141155,0.05878898
4626,0.30920917
50765,0.08350525
66885,0.44590735
94756,0.050292958
31980,0.33500928
104184,0.15651727
149388,0.049936872
113562,0.07016992
73555,0.10396258
107878,0.3358618
13118,0.07434588
17053,0.85955054
57136,0.31262484
131467,0.0982625
7150,0.43550524
135359,0.33552125
134246,0.65338576
46082,0.24678724
88829,0.16611692
71513,0.26306194
33509,0.1492286
57866,0.18766491
37678,0.08823321
115024,0.2043323
146687,0.0784576
131482,0.14357418
31542,0.80221283
49053,0.4797255
127692,0.10129775
13189,0.052207034
25433,0.29755417
64552,0.20611155
96154,0.1695838
64381,0.11622648
44738,0.07849996
90888,0.101858765
112134,0.13523665
6320,0.109882504
38673,0.1776303
55457,0.3356206
115581,0.13565922
35578,0.5013757
32279,0.31009588
100735,0.09314267
133647,0.3952033
16909,0.095226675
122651,0.06091644
117327,0.21845283
117489,0.16174975
70483,0.056504
89505,0.21747208
149625,0.94558215
130763,0.39254132
10267,0.12783954
56799,0.5109086
57071,0.1064729
80829,0.09507964
108201,0.7192944
60736,0.6221098
95655,0.17163867
87881,0.076353624
67082,0.38428566
69097,0.4379634
13127,0.09428861
109472,0.92871004
30278,0.21893801
47204,0.9607146
41486,0.037003882
75479,0.065734066
67261,0.07986259
69865,0.26928774
94268,0.051573314
98990,0.2753574
111145,0.35607493
124447,0.12997626
80218,0.5507528
135438,0.21703267
99730,0.30988124
123756,0.10772252
19136,0.04296999
86308,0.15086548
118468,0.23513979
86571,0.24145621
79899,0.15173295
43639,0.16583987
119763,0.06411199
66003,0.06641707
108263,0.09698452
138836,0.2446987
106552,0.109151535
68462,0.8400113
31176,0.13328288
38305,0.089915104
114420,0.53740895
37930,0.041709367
121329,0.43653762
17982,0.5693923
85451,0.37775123
147946,0.4649127
58045,0.8059336
72069,0.17583299
13111,0.4864136
115673,0.53576094
138488,0.108350866
52568,0.6574013
18619,0.18233305
112253,0.19026154
92554,0.16127709
130122,0.8681324
27881,0.089597695
121288,0.21372433
101447,0.06872208
87756,0.46400675
42573,0.106077574
46415,0.08298183
33654,0.063802674
82888,0.28215417
15597,0.28357226
11224,0.22603561
72965,0.040057752
78297,0.47741917
73994,0.06917371
4566,0.2816107
78519,0.035291523
129837,0.1175658
40993,0.14124979
28006,0.07680168
107291,0.20847481
33674,0.5975512
62340,0.07538262
38844,0.5920692
56505,0.1937066
147075,0.08678575
40911,0.10899095
30569,0.6217024
45304,0.4092515
127028,0.4440407
19917,0.15176994
105210,0.031940635
2048,0.8937525
76741,0.06046762
46599,0.020564277
131050,0.052188735
91213,0.3377874
126270,0.9741858
3769,0.109361514
57156,0.045963407
44864,0.92885494
71012,0.8418685
110073,0.33047813
108980,0.052570295
36914,0.07395033
113579,0.8537577
129164,0.1711165
48858,0.8053208
105515,0.45001715
97544,0.058003955
74995,0.05629737
100131,0.25618938
48917,0.19562976
116850,0.50141746
25266,0.20640755
1329,0.04856588
142077,0.35990945
143450,0.03520404
92831,0.54881245
28935,0.09494649
2194,0.28877544
21172,0.036327332
40896,0.29554647
127529,0.5099792
62209,0.09742649
47251,0.1481598
147981,0.21386133
116020,0.5023107
62060,0.22702722
10613,0.10941724
40331,0.12897144
25584,0.10428858
123192,0.09898781
124301,0.3892916
68194,0.0807598
53100,0.031358466
86995,0.0460626
118638,0.03988715
130746,0.11113499
125435,0.07007885
28957,0.6197962
119808,0.17181458
77402,0.7266771
28348,0.47963977
51458,0.40015334
140499,0.47675222
135058,0.04310356
20950,0.7438542
78991,0.6695044
94321,0.75792325
5464,0.15967385
35696,0.39353263
117738,0.9540271
39768,0.117409416
106148,0.12941141
3829,0.054895762
141641,0.3516479
101362,0.13610254
71589,0.20471126
30436,0.08457718
141567,0.08340087
78436,0.14273986
81703,0.1453188
81506,0.29248592
12098,0.052513666
137903,0.65969616
21126,0.117695466
110456,0.071352996
95751,0.6854723
70058,0.19738318
123525,0.23662615
115246,0.39992738
27370,0.2458806
108425,0.5447619
22680,0.07100567
125952,0.17640328
73449,0.3684792
97117,0.14041284
102198,0.14653
142162,0.2972684
7576,0.35054833
43696,0.2737604
75543,0.10176436
2065,0.13795197
90913,0.020499505
45460,0.18800233
19720,0.1158288
72367,0.20872025
95734,0.75684494
77148,0.18557985
80378,0.16452399
88034,0.13203515
29048,0.13123383
120922,0.3202948
78888,0.40363675
32243,0.08213502
10421,0.38645318
60707,0.35497236
56574,0.26497576
129167,0.19070208
38846,0.16394371
59535,0.008193291
87856,0.49648803
83112,0.86669326
149009,0.24100214
131235,0.42105544
19734,0.02997458
93027,0.09095814
18682,0.19720767
88827,0.0404476
63986,0.19329365
49949,0.43383974
143742,0.040454227
99875,0.0666938
105784,0.1577659
109172,0.022154199
36770,0.22012708
40418,0.11690423
134660,0.13559832
42957,0.14113441
34927,0.0572266
127431,0.052976113
9087,0.09502441
33852,0.3190032
17083,0.06128865
3789,0.101593204
3118,0.23673072
19412,0.088660695
93404,0.13360362
73897,0.42651498
37187,0.6186372
70235,0.09361079
148051,0.4334072
86563,0.21065709
64853,0.59061253
61752,0.8241952
59987,0.79666793
101497,0.12077491
2013,0.13626415
36749,0.22064406
52412,0.05498961
71840,0.30492216
108631,0.84138817
113086,0.90997577
118864,0.23694637
148608,0.11942111
31396,0.40061352
5220,0.466609
109652,0.079221
124923,0.8102612
32052,0.106985554
122967,0.36040747
89871,0.062412117
67607,0.43653896
28445,0.13538204
60732,0.058517843
53253,0.05635086
143704,0.049218163
97849,0.17800231
143798,0.7610268
98876,0.6540404
96710,0.93243814
40257,0.26603478
30534,0.036087394
120779,0.70992625
35108,0.22040316
106409,0.4610056
2932,0.28295532
79809,0.3354371
68154,0.07426418
90675,0.82849777
80748,0.32864276
1570,0.10182779
84135,0.13660523
82515,0.085926555
133192,0.059637967
37197,0.056850914
130035,0.051930856
129357,0.048695654
17730,0.18454465
56270,0.48605606
97867,0.19439316
144628,0.59291136
71671,0.026765406
105670,0.42120963
65552,0.079714894
37704,0.2250833
17483,0.5019958
90679,0.04480846
89959,0.0952395
2059,0.1749054
87789,0.82687265
53217,0.5683484
124834,0.43741408
77441,0.20288916
74868,0.414584
69126,0.028777095
127917,0.92650187
57,0.39997596
104375,0.65268
56884,0.10561154
143689,0.25983393
142131,0.091504954
86121,0.1883269
143474,0.053077772
75297,0.06630805
88037,0.06508069
50933,0.10177314
17279,0.39993948
102169,0.43231538
114210,0.0667211
108278,0.05268373
143074,0.07035411
16915,0.41946945
120269,0.10880016
124533,0.8446639
116844,0.04770093
108626,0.076445915
131587,0.41662863
54066,0.055736434
127290,0.03871838
36870,0.08534646
107863,0.21195064
135803,0.1509229
58561,0.1428903
114482,0.00844643
127563,0.19748145
11223,0.66558224
28937,0.37030032
8145,0.31104487
78896,0.14462575
69387,0.59010565
119180,0.1231244
9535,0.10429693
212,0.8116339
36554,0.039794248
114765,0.055072013
54793,0.052714914
13306,0.07795739
100643,0.2707891
68087,0.090174295
132795,0.22745022
58473,0.05414597
60409,0.12386173
55805,0.08809396
90882,0.57639503
65016,0.30645385
22442,0.06690288
127815,0.09852351
137180,0.58038616
143179,0.96165895
114,0.037799317
72064,0.2592838
80442,0.107960604
36161,0.030668614
6548,0.043703735
139849,0.15871087
103870,0.21471994
57115,0.72985274
83776,0.39403796
58439,0.6936037
62034,0.36087587
62086,0.828281
120148,0.9502306
106227,0.069558255
47863,0.23837666
34397,0.3369852
32919,0.18329085
53358,0.08176872
83725,0.5554179
112993,0.05871951
112830,0.08117013
135422,0.10838499
134958,0.21849826
110784,0.5665025
102374,0.28076407
57891,0.40047824
10640,0.10437817
13872,0.047291137
64812,0.076054
58116,0.24932311
77674,0.08558691
84791,0.36856905
95678,0.13241658
105635,0.8562338
3120,0.9276306
147028,0.11340324
33191,0.5227168
83492,0.25774446
27659,0.11904965
36349,0.033914458
5224,0.40671375
134012,0.45766258
61380,0.25015244
36631,0.073716976
128939,0.07670369
130609,0.064477
69952,0.090408236
61707,0.5666051
21045,0.37770498
25647,0.22348258
30949,0.050507437
119059,0.15237294
20331,0.10919707
82841,0.08123896
34078,0.052340977
32068,0.7871015
15874,0.11354524
116836,0.25763914
8876,0.8885693
128888,0.017175637
115734,0.56901896
60700,0.08267497
92034,0.088581726
32448,0.24401236
40568,0.104419634
110237,0.6887003
130881,0.5407404
11893,0.15480408
101681,0.04084979
104701,0.76306367
86068,0.23797205
121391,0.13880442
132828,0.385097
128172,0.120392025
124270,0.16281322
99811,0.22088559
46637,0.045710936
82557,0.08222305
18552,0.11119875
62159,0.281006
63643,0.6960456
149007,0.079951316
45915,0.054786
2934,0.92573243
102162,0.11353216
61185,0.6335257
125810,0.09919757
40404,0.09806437
33590,0.187913
68592,0.1614054
82117,0.44362763
109531,0.025656214
1099,0.11294622
125405,0.55422795
1293,0.304297
92329,0.3014451
79042,0.20039292
140393,0.87526464
3112,0.19424498
1960,0.041593187
34771,0.14435183
141514,0.904173
110164,0.16231178
141084,0.36543134
142099,0.22344667
97,0.7124626
9462,0.07554057
15909,0.21471082
98985,0.7208009
33188,0.107222915
122153,0.92632025
134971,0.59963137
90247,0.11267419
127948,0.14072123
56080,0.44952878
123796,0.15352428
27889,0.124873854
35515,0.042807203
79148,0.04557416
55129,0.022177324
66940,0.053803805
135355,0.11716379
10030,0.18739448
148069,0.049370635
19351,0.05215332
7408,0.031168299
85965,0.34143886
20672,0.121360995
61813,0.38057056
19930,0.055110727
1226,0.36254555
30989,0.83863837
74826,0.10152707
114976,0.08417386
39300,0.057970263
12847,0.495149
95536,0.040963605
26662,0.23637944
145376,0.9462299
40206,0.081985265
3665,0.12217973
113844,0.22637333
37511,0.20622401
105693,0.8574797
85209,0.37515482
29448,0.20959681
58707,0.07620197
102622,0.39149427
56013,0.070626535
66512,0.61876774
119191,0.317217
5274,0.18422255
4154,0.07115314
60691,0.36299938
121364,0.038901698
22093,0.104788914
126335,0.43018392
84677,0.103102535
59501,0.32927215
103733,0.049907807
5197,0.20385922
68409,0.8304587
41640,0.1944044
17877,0.08655956
140627,0.088430315
138147,0.06343231
5832,0.0989276
4340,0.096161425
105079,0.25145638
26226,0.34629655
43305,0.23651719
18017,0.72278064
9057,0.3250357
48578,0.2579246
31112,0.9117868
144593,0.34021413
12967,0.09168051
95408,0.20149776
73315,0.29157832
94435,0.06535102
118618,0.29630584
86991,0.3646146
73447,0.5218995
26803,0.23218885
92894,0.076337166
132984,0.14167503
12897,0.03110553
2409,0.15811813
135439,0.14721563
126429,0.5004272
130230,0.4421499
72211,0.0937493
28691,0.13627289
94294,0.4446613
140619,0.7843415
95741,0.10139848
57877,0.3227802
35906,0.06657461
100682,0.10675181
25558,0.27260393
44573,0.30222002
46152,0.7791685
132689,0.44328657
132646,0.043751888
51757,0.593982
123506,0.5206646
137589,0.4242024
73896,0.04067839
125308,0.2685754
6431,0.14132519
52705,0.044702817
130039,0.31569573
2555,0.13246362
121910,0.09266386
129330,0.08126027
78850,0.83786786
2717,0.10230007
96076,0.72159123
63780,0.1697066
2613,0.3182093
48453,0.10945232
59999,0.60571724
141412,0.054841112
1512,0.89935684
110648,0.113785245
10111,0.47068313
134311,0.50548875
62555,0.0751961
130998,0.105637915
17710,0.22666106
84747,0.83654875
133235,0.82779425
18723,0.47208348
31843,0.041933168
133116,0.16537493
11307,0.22635941
120328,0.06610884
113593,0.27445003
129734,0.15829487
91696,0.46203032
103660,0.40659636
88004,0.029361155
26811,0.10716466
121813,0.34736356
83100,0.16994123
43544,0.47840044
23153,0.8648356
5717,0.3962243
129187,0.18453667
123109,0.33107898
122018,0.40394515
33890,0.5088767
73846,0.13020588
66723,0.34111106
133431,0.28409824
8995,0.044389494
104087,0.19586962
58241,0.09521297
62808,0.22475596
39024,0.13026953
126702,0.93552816
39881,0.12609334
15341,0.046775747
76601,0.07119836
118291,0.31863567
115801,0.917308
140375,0.64281523
123954,0.07518986
9680,0.11403587
24799,0.40702587
14267,0.087794796
8674,0.3100258
6200,0.25921226
145050,0.49430704
2899,0.8428702
93125,0.17223457
142306,0.35261008
10918,0.18818928
32640,0.15875839
69340,0.48264614
75809,0.05861499
55640,0.18674758
71701,0.1079384
2289,0.017918453
60367,0.16298737
125264,0.6806162
78518,0.23215385
51529,0.2947433
80601,0.28077003
111446,0.53481996
123504,0.10230219
116466,0.098416604
129736,0.35224536
73792,0.0662223
49086,0.17760737
110230,0.06647435
123330,0.751812
34247,0.9670963
29763,0.115812
91671,0.6197233
22091,0.7122772
21238,0.17424616
65948,0.16546345
107094,0.38148078
27755,0.2852935
1723,0.060824927
105566,0.13221121
116439,0.10725423
113690,0.045300048
141347,0.13140044
125448,0.09562352
109310,0.11601071
143959,0.01833932
143085,0.12152196
28200,0.35778338
120186,0.13584012
103281,0.05451333
89434,0.10297343
14358,0.46828425
28182,0.109012514
66837,0.38108906
48754,0.06653022
85649,0.12133827
131031,0.88808775
142564,0.03767377
16603,0.54299206
79449,0.17017817
19337,0.26929298
58289,0.16505852
67651,0.40605542
35908,0.05987541
58691,0.36527935
111692,0.11359267
9104,0.29079333
60382,0.12201627
7483,0.11457157
47375,0.62849396
119034,0.28459632
112142,0.031337947
60579,0.047614854
122374,0.60078734
82990,0.072317906
120879,0.12420819
112072,0.12862633
116036,0.061408468
57041,0.1194584
7093,0.1270763
6612,0.050426636
44013,0.113911144
28757,0.18929408
25305,0.20253974
134447,0.11366315
1686,0.06989078
47772,0.6020915
92349,0.19181864
17115,0.86112785
74831,0.17817205
127209,0.119345404
58730,0.095693894
130597,0.15491429
32359,0.40825653
21675,0.62465376
125316,0.079065956
112979,0.29796374
3184,0.08835531
89794,0.03388207
70581,0.33176723
137532,0.31066713
132561,0.1191322
87132,0.15942958
30730,0.36978513
92904,0.78781086
89265,0.5188215
21966,0.053330593
94325,0.40991193
101161,0.2851285
138739,0.66608995
69280,0.29156277
53588,0.085426725
126877,0.13144363
92801,0.12591498
51353,0.07088245
124962,0.82642037
47950,0.4261825
102504,0.39564353
54150,0.8659332
2628,0.12106122
51583,0.06958864
75219,0.110673904
3223,0.33660638
81280,0.06557148
84240,0.03672048
6677,0.040338572
28678,0.027534906
38735,0.044692054
100199,0.07417385
141684,0.22281222
41282,0.35927117
69378,0.048038777
111560,0.15846989
53586,0.17292005
65519,0.632956
7040,0.23085698
110617,0.1814314
104413,0.07403857
9599,0.18313748
61818,0.16841863
92149,0.3156467
23154,0.07785443
92678,0.016891545
61857,0.3820981
145112,0.035531837
32414,0.093881376
97709,0.5278761
131707,0.42759785
104066,0.10116317
147379,0.12016584
81745,0.11107156
21743,0.03994898
106517,0.0368355
130181,0.1462632
147343,0.0597972
141944,0.26359245
95221,0.3719471
41423,0.28075385
136581,0.2512917
12139,0.109737866
29841,0.124410175
12515,0.16184437
27152,0.37591213
41081,0.21056373
133721,0.025950693
9787,0.24404825
114612,0.11928058
26957,0.06867297
16065,0.36840564
131827,0.08084709
48775,0.10311083
145528,0.5552459
87677,0.07129265
44650,0.4204436
7230,0.1519773
136658,0.056362066
45882,0.13233477
79994,0.50470763
93180,0.14584315
28329,0.07116212
144728,0.14741802
42907,0.54506284
7778,0.37427935
84223,0.8778687
9952,0.11577346
107660,0.39062276
76989,0.34686452
92480,0.17635585
131152,0.8192544
56640,0.588111
112443,0.100225784
69321,0.07815268
46735,0.12610154
148380,0.46322396
103528,0.07355055
57232,0.12877056
98679,0.040176608
114800,0.054399587
139962,0.92472625
41606,0.9097604
29881,0.09586524
55249,0.1845241
75918,0.036962405
137626,0.22013447
15851,0.077602744
53014,0.16302216
93167,0.0403844
56961,0.102940075
116302,0.12534878
29345,0.04214309
61098,0.08388991
67846,0.23331521
121709,0.44743633
31913,0.07834442
120591,0.7129881
26717,0.076655194
122831,0.032027718
23910,0.14749366
58230,0.03616398
117247,0.09694116
44704,0.115598746
117022,0.095435545
28802,0.08412432
12748,0.38767153
9328,0.08746129
146907,0.55934757
103709,0.13409077
143316,0.030848848
93417,0.11053459
140650,0.9224526
74526,0.84553987
20650,0.08019271
119639,0.5858922
120178,0.021079335
124394,0.06718862
14362,0.8392442
85878,0.08451808
53364,0.4023834
86153,0.041252274
118775,0.04874307
108952,0.11521812
12865,0.20952843
2854,0.1354714
33411,0.43812108
107926,0.06775892
110825,0.23648065
84143,0.117995925
108745,0.27185524
146211,0.5030349
134588,0.25621286
39,0.33158436
106074,0.037012585
113098,0.20276338
72373,0.16117422
43610,0.14580242
140506,0.090692066
88419,0.15924366
38667,0.8596258
100780,0.18942295
107215,0.08212983
70876,0.084992796
55416,0.60005265
84833,0.019659769
2510,0.35395986
35601,0.19375521
149417,0.078675106
3016,0.56963027
108736,0.044365946
134110,0.19363825
113744,0.086286195
79620,0.16295078
116902,0.977468
147894,0.18899319
32363,0.12687428
92998,0.42773172
99620,0.3210808
49559,0.09874657
109254,0.05446889
108052,0.61596364
115532,0.16155353
29286,0.23035496
8350,0.6929894
84973,0.39990795
66758,0.15180655
66400,0.054357402
72083,0.0384213
21586,0.21974857
75947,0.8793732
72106,0.051068164
145365,0.39657283
109610,0.13841045
122037,0.43127164
110103,0.10645793
96734,0.76554656
101496,0.04559082
78544,0.4180441
44956,0.049474344
141697,0.03354483
25344,0.2576128
112551,0.04216134
137490,0.07393014
89369,0.12904927
79896,0.14089566
87836,0.09334444
130545,0.12777404
6416,0.1194642
80438,0.070494264
100859,0.1343713
91033,0.22561453
105937,0.10487673
82417,0.29036537
44297,0.2642934
54144,0.1373605
139341,0.07856657
115402,0.32728505
28835,0.25527966
115261,0.6235694
76229,0.06230564
93590,0.1910569
57198,0.08441233
53434,0.14311293
129683,0.68129534
66931,0.3140103
146306,0.049721718
21017,0.86806315
53584,0.34486422
78237,0.112062864
36117,0.5821725
32677,0.23225302
2429,0.5855381
117841,0.01701205
60935,0.07209906
103273,0.03872984
69324,0.37194967
118687,0.44660282
103614,0.06750392
142741,0.36448312
121492,0.06855047
55543,0.11448497
46597,0.69159615
137057,0.04562979
109235,0.036039047
16786,0.4950357
132935,0.07528885
113409,0.3829185
129232,0.41915804
79186,0.361932
74026,0.19045068
13912,0.19003974
128148,0.42740858
95145,0.31775844
128625,0.94196963
71813,0.6846006
92014,0.11074925
133131,0.3462753
124825,0.18064134
96274,0.3449683
65060,0.13997984
126996,0.34990066
53478,0.10822701
140008,0.24546169
72885,0.71153855
73122,0.7822099
106061,0.9469693
148095,0.07359305
58751,0.64617187
39073,0.20504068
57110,0.035604108
125221,0.21240845
84964,0.15439625
94585,0.029873548
88971,0.10508338
21850,0.26248148
134450,0.6426746
2924,0.63450736
53917,0.50490636
68919,0.025787639
127404,0.94578457
108668,0.025673533
148025,0.09806946
15652,0.9607251
11141,0.49240848
116536,0.30521187
75408,0.28914714
64612,0.2568423
14818,0.04925591
122645,0.069637366
95442,0.04958199
96087,0.07215138
937,0.2563815
36002,0.2466279
111181,0.18913695
18813,0.106108576
80047,0.5245574
57251,0.79909503
148009,0.07785413
882,0.065496504
3984,0.52300984
32024,0.11423245
23483,0.39973813
34445,0.59709823
10432,0.6338203
42921,0.82753354
16635,0.21118309
46558,0.07521183
114797,0.09510649
53118,0.086104505
131057,0.079673626
50011,0.049925096
79918,0.05136329
7743,0.05838761
124913,0.20732921
19413,0.9649029
19798,0.08511585
67779,0.2017439
62942,0.80732095
117339,0.9513741
19127,0.34501225
61443,0.10744232
91321,0.09627836
39150,0.46842346
7964,0.085309766
67684,0.5614723
40172,0.7939338
55128,0.25267178
8166,0.14295334
27683,0.48322108
70577,0.0791238
115411,0.072100565
47768,0.24769385
144526,0.33371127
128011,0.19666615
50747,0.83771145
134766,0.15204754
9893,0.69682145
65825,0.4820191
24653,0.12618461
45014,0.40327102
141485,0.9429817
79234,0.6655406
108146,0.5161674
136408,0.08105531
51663,0.14744072
73175,0.03286884
27945,0.54328114
26573,0.9706178
20627,0.23479402
87523,0.10425005
16739,0.046216425
141511,0.076511405
131007,0.36493704
121402,0.4795506
81543,0.050683036
101709,0.030376947
48097,0.23291549
1525,0.38655433
145850,0.028657986
57000,0.054651175
85115,0.075180314
109907,0.07020206
126332,0.29555506
32325,0.11562254
109823,0.1756042
132305,0.08853727
17603,0.0640495
80395,0.2264992
25684,0.096258864
15033,0.057829726
137236,0.075462505
94545,0.049921613
98070,0.8180147
65535,0.9282435
60634,0.031741034
83423,0.10049074
111734,0.23548408
37613,0.09410745
11622,0.64555913
14623,0.18971185
145003,0.030094191
33017,0.01604921
125581,0.38863423
27545,0.104422264
31981,0.1520293
93592,0.6622868
129578,0.67243916
105066,0.13317384
109504,0.16846651
56251,0.30809334
106720,0.16223828
8554,0.1031232
31664,0.061097324
122442,0.057641916
28283,0.48202822
12147,0.34709343
90663,0.9312236
78080,0.10706715
124941,0.09477003
130310,0.1557181
108057,0.09645799
145015,0.6043768
65688,0.22281271
115298,0.043961227
79655,0.96379614
17358,0.22324306
42744,0.19820881
33310,0.06756881
66799,0.60789704
50963,0.2560266
130615,0.5280123
100739,0.07373254
126073,0.25822017
40933,0.09613905
47523,0.9766211
134647,0.3123337
93984,0.103124164
128811,0.35749564
131525,0.24115749
22011,0.11197114
111944,0.056988366
127751,0.03386611
98406,0.6571033
63905,0.19952042
111447,0.23775373
99312,0.0537177
69455,0.088320345
1769,0.044521935
58496,0.1150604
86988,0.0899113
34411,0.1419204
100769,0.11983838
136478,0.40833953
131656,0.45912617
80570,0.09916506
82357,0.10969108
30783,0.29917344
20975,0.049915496
124629,0.10486587
74963,0.090024665
136755,0.04898913
36776,0.11043238
8509,0.11800506
24221,0.068905815
140775,0.035431143
126825,0.076816335
44921,0.032735333
95744,0.36058334
73181,0.81733495
2421,0.8834912
134843,0.30854365
112998,0.09616345
76581,0.28482187
91538,0.40536433
76641,0.06582429
764,0.13925596
23195,0.04969149
2259,0.06771655
53441,0.058890674
77116,0.0944212
33319,0.46521974
143832,0.57648957
76339,0.5378824
12359,0.31372738
96553,0.111819506
124971,0.048850168
60930,0.37958682
31000,0.062368758
74057,0.315794
80271,0.04767173
65266,0.6223147
60927,0.44435167
46710,0.050214894
94150,0.5964533
53153,0.6052541
56756,0.0370659
83241,0.0566299
64164,0.10897769
119352,0.061428893
108150,0.1896823
78705,0.024992047
2207,0.06859686
126563,0.7377983
44460,0.09225233
111021,0.12049723
92272,0.1003285
85029,0.19181883
146270,0.19770226
50063,0.38418758
17073,0.5416336
119744,0.23609124
124299,0.40485063
132590,0.2189604
51371,0.068504244
115239,0.0942226
64987,0.32392827
108451,0.5342365
116359,0.05351118
102851,0.06531688
128134,0.53241134
125563,0.3628034
16762,0.27766392
83863,0.45552403
112634,0.29240015
2712,0.07561493
61315,0.05133342
61353,0.14504327
19408,0.11353452
98671,0.025725631
15466,0.12863223
75307,0.10939158
55988,0.10819358
79023,0.18663414
62917,0.3288924
77758,0.31789345
47560,0.9673204
40288,0.124154426
69447,0.051840108
57280,0.23054256
17626,0.8218976
79472,0.272029
11912,0.32478207
54475,0.85152626
129303,0.461555
9926,0.12148607
31066,0.6809341
10973,0.077197365
13497,0.106748074
101338,0.25788504
52316,0.14886372
9311,0.11086682
140791,0.4591504
19573,0.5833846
24959,0.13426466
38430,0.38310248
81448,0.06181267
60570,0.05901919
42183,0.23183325
34831,0.13094285
30302,0.28745124
110433,0.11033794
59966,0.21105313
63247,0.9054502
102507,0.48908335
81388,0.043581672
140269,0.23515776
79751,0.4509167
55627,0.083365165
41587,0.099022605
51360,0.060084254
65606,0.11025378
1721,0.07259238
94193,0.10452543
94120,0.35976958
40466,0.24405898
108516,0.035856694
103715,0.050811853
18268,0.60573465
64627,0.4191088
73570,0.04471075
107862,0.028809538
89243,0.16113032
5026,0.095174
54013,0.46049708
143887,0.12850614
75267,0.8415257
66518,0.057721395
137284,0.13492557
81533,0.7720719
57896,0.09845823
146285,0.14357829
146493,0.19542325
41641,0.1211196
8489,0.45659494
19439,0.106379636
23389,0.027208518
120521,0.87151134
122063,0.0139265405
68794,0.47583276
10957,0.68512535
147172,0.04448191
81218,0.076110214
22605,0.09721688
70914,0.13178302
68815,0.1122609
48987,0.4521596
19162,0.09423998
16175,0.07575332
128158,0.090592705
108221,0.5009523
46501,0.050295215
34431,0.23754954
83487,0.22588864
126050,0.090517774
58084,0.15348503
139592,0.94544125
24294,0.16992445
135405,0.16055512
72946,0.24861659
62403,0.084658474
40112,0.34093413
122169,0.09558654
89953,0.4527377
47588,0.2778361
56586,0.047394488
83297,0.26333183
110586,0.5059186
47159,0.06499806
140902,0.6530439
75904,0.056730524
87008,0.9368804
92256,0.11879911
24330,0.06710252
107118,0.084730245
83292,0.73061913
94378,0.5650178
95472,0.06507302
16748,0.20995961
70036,0.14620127
55620,0.08289676
95393,0.13571462
127634,0.08028371
29181,0.101302356
142618,0.03402203
75628,0.2050113
57206,0.36359617
114350,0.10838743
85459,0.5986285
136855,0.10953313
3924,0.114720024
96726,0.8072706
100920,0.25511476
32810,0.9149305
118405,0.14778686
99939,0.046724163
27712,0.03630893
115372,0.08046722
111123,0.12856944
71634,0.16409662
29411,0.24665795
71087,0.833959
31857,0.17857894
13312,0.22841045
20974,0.16936044
94227,0.15416792
59283,0.11643704
17727,0.13328104
37507,0.22776258
102763,0.43515387
146488,0.046505816
118829,0.093347706
30457,0.1057347
39058,0.5792624
107902,0.92970324
92224,0.48452577
126934,0.101875365
34984,0.9092963
42461,0.6429343
85668,0.5919842
36934,0.21358284
22731,0.13304397
100642,0.1740791
46164,0.12956767
19295,0.121811494
37404,0.10035153
20595,0.0914629
45548,0.0649195
108892,0.0764995
67163,0.46060517
130001,0.07841809
43995,0.0955357
58763,0.7149559
12258,0.07959478
70011,0.6867908
73842,0.042312678
138787,0.46443632
33992,0.9038831
146476,0.098971695
73987,0.63394773
143163,0.27365014
131885,0.5734871
74339,0.2019697
91918,0.042439915
70152,0.28949532
114639,0.22768083
88837,0.25470328
93528,0.053803895
75861,0.25822902
98661,0.13145633
24472,0.0868906
9753,0.105021074
132648,0.6482473
57146,0.16199811
115459,0.038885582
81073,0.8628603
149520,0.105404176
20985,0.23034266
76628,0.10154933
147851,0.24980932
104963,0.2991209
83113,0.2578519
9315,0.106667556
14079,0.05194433
71617,0.18166763
32929,0.16378619
124525,0.7214512
83161,0.56412494
22648,0.11829499
88001,0.06218565
78487,0.049447455
44900,0.3424434
130143,0.11810636
64003,0.33118877
127312,0.013087471
120000,0.12978803
104714,0.53944796
15926,0.3301914
77816,0.47642553
121383,0.17185406
23227,0.5700817
5030,0.6551871
117972,0.22289912
61290,0.8733656
57724,0.13009876
136689,0.40325442
147708,0.38920915
147360,0.034438547
109613,0.79896724
16754,0.40275338
30623,0.08408039
72438,0.46429083
86629,0.41104782
92765,0.11178839
54822,0.5101663
108803,0.12429214
131121,0.030861868
69521,0.9768141
8744,0.41409412
62378,0.0411309
14277,0.043037254
95133,0.037745044
17754,0.32057938
87570,0.7301133
71757,0.5034087
52969,0.08843146
57295,0.07173473
28388,0.14471923
19849,0.4887229
46198,0.110205755
73233,0.11854572
34351,0.58432454
124835,0.0967189
97587,0.064404406
35989,0.225962
73702,0.5820111
43495,0.73603594
114447,0.0858343
79669,0.4746409
82678,0.86972797
28956,0.30413115
95908,0.12730202
7327,0.54795176
4556,0.0874064
81377,0.13527356
25765,0.9284089
8993,0.56725734
41264,0.61132884
62089,0.1033118
127093,0.3954778
62708,0.42191753
62260,0.42582792
98357,0.46791264
52254,0.22094844
76104,0.18788855
51691,0.16462645
35258,0.03802255
139600,0.65711254
19632,0.47975415
96240,0.12623599
25102,0.4446529
65350,0.096328676
122933,0.48762167
60441,0.3148813
102157,0.12420035
53977,0.052319553
4146,0.60163385
122163,0.2555372
95350,0.97324026
113242,0.05566376
37651,0.10320235
51348,0.5513134
140297,0.05416453
126039,0.045328926
116197,0.19492334
18505,0.18473183
31221,0.0687337
122541,0.07712512
27323,0.27325416
145041,0.15663321
33580,0.05616818
80549,0.45649183
89876,0.34090936
96320,0.27392918
6007,0.5523163
60895,0.64963084
140753,0.06687489
61319,0.13609344
89239,0.10227355
132997,0.16412303
88405,0.5451198
40562,0.091598965
125720,0.11323545
22374,0.24202205
53846,0.39496076
72320,0.092167586
35812,0.4268689
73713,0.120544836
83490,0.21895206
3229,0.13029644
101692,0.109298326
85728,0.61948377
50340,0.13167585
24326,0.2194129
79143,0.03498277
28465,0.07973489
96765,0.06826394
71163,0.045201253
66817,0.24724612
55995,0.35650852
119863,0.8950705
3615,0.17481923
135002,0.5172482
149704,0.0656284
52680,0.08868119
67831,0.06884741
89240,0.052794334
37472,0.036631424
94338,0.1726114
86686,0.9004328
117875,0.102723606
48825,0.10721201
108998,0.090873644
134343,0.2845702
88575,0.05792523
132129,0.18703067
32369,0.10376904
48054,0.043624725
85827,0.3516552
143194,0.42340806
107811,0.08252215
147147,0.024657795
145568,0.07618453
118350,0.15650527
128443,0.6536498
8749,0.65246093
55456,0.10665481
17391,0.023490997
62723,0.032798678
118353,0.20698012
44858,0.12640278
35444,0.06498433
97275,0.12025597
3300,0.12462763
63439,0.09092507
149358,0.10882526
38242,0.14862354
43288,0.026532076
55818,0.04031484
43134,0.0980983
98724,0.12602827
8223,0.060562808
140367,0.33583185
20249,0.30413678
115939,0.077060655
66374,0.8552136
134445,0.06759121
144501,0.13084748
57919,0.71848613
146169,0.03229888
67800,0.20711279
147411,0.07378965
9972,0.26673314
44270,0.10512902
137760,0.08236962
132555,0.26489526
28453,0.9541601
76157,0.8512376
43046,0.4044848
127684,0.41926798
67011,0.4474866
133290,0.046066035
121194,0.12930985
51973,0.29983354
133071,0.897972
58879,0.16040757
8289,0.10061909
27939,0.4414424
141594,0.06378948
33398,0.060889788
67207,0.037277084
106961,0.5072307
133429,0.02401008
115285,0.83691865
36528,0.639918
23651,0.12600969
26408,0.04988127
96434,0.05851705
95749,0.046328437
67955,0.08508333
4308,0.04563926
105276,0.36806569
57204,0.512159
140571,0.15656966
34156,0.06335785
7200,0.8847442
58463,0.049847882
82765,0.043245945
73396,0.09472314
30799,0.09543505
23397,0.022778688
87509,0.38272837
67833,0.27497956
35671,0.59361106
117949,0.11949666
110255,0.21805829
47725,0.08192597
139604,0.07488373
147930,0.7098418
47487,0.15285839
114963,0.27554795
2950,0.029183574
143756,0.81935465
8711,0.032872934
52057,0.052448973
117380,0.10888884
112075,0.8473471
32679,0.3661416
26413,0.340661
94258,0.10215376
96038,0.31361598
32103,0.08249719
98553,0.39767608
29101,0.10833723
90962,0.65818185
129846,0.5245744
88704,0.26714343
106895,0.054471713
84224,0.13079154
27236,0.077891104
8703,0.03477737
96862,0.08242182
60742,0.04870334
120283,0.5422576
40687,0.08111578
112716,0.46021634
3433,0.14506924
134634,0.2970762
113728,0.26616135
95410,0.47437078
25895,0.051301803
26155,0.039582044
32031,0.3158385
31307,0.2759277
27802,0.072404176
37252,0.41834253
13911,0.046681087
101864,0.18767864
11505,0.39188218
95999,0.024132354
68103,0.14646253
70749,0.04128102
80407,0.12138645
2878,0.83565974
144519,0.07185186
41691,0.38461566
106948,0.21548295
66261,0.12220024
135236,0.10606562
147641,0.05621071
101887,0.91244495
12720,0.53054714
120027,0.10252756
107640,0.536856
29284,0.26087558
75501,0.094917566
31347,0.045803785
139966,0.046681076
57518,0.32376888
52374,0.35204515
63856,0.07168272
90302,0.08726242
9146,0.12846114
93644,0.5251156
20317,0.05454063
147755,0.35691258
113575,0.93351567
84264,0.061783712
136235,0.06343674
33588,0.050562117
138748,0.37259537
76858,0.8268287
56645,0.10495669
59679,0.68818545
9327,0.18209031
7852,0.39857626
102547,0.27988392
1205,0.43807322
74144,0.06035284
102046,0.16700666
110245,0.23725785
50048,0.13751318
38487,0.27640054
53461,0.088496104
34955,0.41215533
145923,0.42288682
115292,0.090434276
146538,0.08277392
138938,0.03936253
98409,0.36509708
89206,0.051625792
70852,0.029740836
133562,0.14706765
121205,0.8309724
17840,0.72949785
32158,0.09458236
22845,0.039444823
98224,0.13816835
122655,0.046391778
93856,0.1892103
71226,0.40435344
120711,0.09086904
54282,0.114413835
130005,0.31231496
148880,0.073224954
127217,0.103238426
9349,0.2532187
133250,0.08995254
22134,0.88396496
50793,0.05318943
33462,0.05312214
80711,0.06968101
121997,0.3704834
76059,0.27035
48103,0.06908583
40108,0.61571497
47233,0.36756045
41201,0.54389703
65742,0.19726379
44523,0.42142093
13302,0.076980606
20415,0.10022475
45787,0.50819224
110037,0.06608813
16350,0.16469677
54273,0.14824739
52645,0.55262816
3785,0.14640768
118292,0.0641826
141433,0.49714735
81493,0.14144225
106097,0.058023028
131768,0.022705147
69057,0.7906916
118122,0.12387478
31929,0.042195026
131538,0.5370225
7954,0.22885798
26135,0.06679269
41047,0.09435621
130905,0.93550885
83322,0.0435335
130014,0.9326416
53651,0.14134362
48342,0.78950715
91649,0.88175166
108410,0.12847544
17645,0.070431896
48225,0.058922112
98622,0.7947852
130854,0.036406144
37896,0.1649666
46352,0.23747675
3395,0.079916984
78002,0.073039524
109293,0.055412296
103407,0.091974124
9677,0.065668605
76830,0.3036842
74896,0.05752008
76649,0.9111855
2422,0.20754535
135496,0.5747224
145620,0.035541438
39544,0.060456764
22851,0.06465171
51325,0.11751221
34154,0.13116197
16430,0.029508632
129715,0.0804151
111279,0.094445355
89754,0.7353139
46565,0.101077355
129124,0.15331945
71326,0.25438774
145896,0.35637358
82995,0.50693184
86049,0.41521186
37644,0.3252128
133352,0.53936094
3213,0.28620797
659,0.0327909
103781,0.09747244
103314,0.36596686
17655,0.09717185
90806,0.1159805
109883,0.049680173
94706,0.4569549
91373,0.10944447
75646,0.07278515
79220,0.07665729
83847,0.06381625
31953,0.11675987
62223,0.6075438
132034,0.10462694
119591,0.05910871
142683,0.54987925
119590,0.11345174
52994,0.39204416
56934,0.39908838
137906,0.22028056
5063,0.68225694
83451,0.7970767
119161,0.08550773
113134,0.16637784
141620,0.036093563
144693,0.089614265
80700,0.026826797
11275,0.40154728
84998,0.4203042
29390,0.19362897
93004,0.24973956
42274,0.7336659
15321,0.44875535
11405,0.61754113
64223,0.8177187
110524,0.23936915
134735,0.060081664
53706,0.08314482
126572,0.19920874
53420,0.045921877
99429,0.07209598
8730,0.08886273
128377,0.25033763
111120,0.55546576
115933,0.8952046
25226,0.07067226
11490,0.24684577
12403,0.3269579
105721,0.9685572
8061,0.5868245
149443,0.04635729
88483,0.28317285
73525,0.48037413
73619,0.44111016
77919,0.1601426
9269,0.09682503
104358,0.15653513
82629,0.75002503
1985,0.059841402
139415,0.07871329
89453,0.1308131
69196,0.160648
140501,0.028720675
10763,0.9406603
136087,0.57550234
42733,0.8087459
35320,0.030923236
17574,0.06304186
93504,0.20067188
60624,0.6051811
87742,0.0771335
66447,0.08522602
75169,0.22346924
131027,0.108017944
42609,0.031642858
18284,0.11693102
45893,0.22009617
37072,0.81671095
141959,0.08037536
93402,0.543887
64239,0.68942606
136274,0.08811231
17693,0.042862847
49785,0.18104953
72237,0.40432802
79116,0.54617363
80713,0.1555161
42483,0.06350544
13573,0.92654854
60521,0.8187567
93721,0.07112067
32364,0.17176667
1236,0.2202749
123581,0.24862166
113055,0.46837023
14219,0.083902605
130348,0.07939359
44534,0.05941432
82952,0.23109154
41217,0.38262424
84460,0.07677276
22732,0.1194633
139614,0.17577107
78132,0.42231196
141025,0.34417218
13951,0.065526105
37958,0.16912664
56745,0.09536863
46262,0.06841101
6363,0.4197923
147741,0.12324345
88051,0.24764483
55969,0.078466594
44323,0.53765213
51345,0.07800932
145190,0.07337769
70816,0.108374685
29380,0.5596418
39652,0.14238684
132138,0.08222393
37198,0.7957928
44281,0.064229675
47289,0.107298546
31637,0.024719816
5571,0.10075061
123398,0.59723717
140396,0.06637152
67405,0.5382235
17296,0.33221424
147693,0.102582835
141851,0.3643765
116248,0.090937965
110293,0.4616228
137168,0.52788085
69679,0.1855277
72700,0.024042346
70850,0.5051847
74693,0.60922563
126437,0.29375005
14931,0.8431538
85887,0.34083992
87875,0.044015337
124264,0.2685131
141293,0.08417446
71608,0.12180551
69549,0.35312745
23860,0.08637264
35303,0.11011188
36638,0.06683523
8944,0.07402867
46154,0.21151578
9902,0.11256011
129384,0.08104973
89714,0.23180085
39145,0.05896529
37547,0.057544164
126792,0.05626315
62237,0.8552332
102053,0.27097514
41216,0.06890092
43520,0.10675558
104891,0.033996724
7067,0.07849977
22992,0.08266069
129276,0.07685366
19489,0.5271289
149027,0.07313512
132313,0.22254813
46943,0.43111366
90653,0.6738493
94351,0.079520285
100567,0.5569198
108517,0.061099198
141360,0.16058892
106113,0.033334512
5095,0.07703547
22996,0.09583075
104870,0.06760666
74608,0.1854
122613,0.026133463
110812,0.115329824
90982,0.054709535
4056,0.038578313
87037,0.5434554
54580,0.1218581
112527,0.5134834
6115,0.4427779
99014,0.051016316
55863,0.05950595
61701,0.11038452
109459,0.29128325
24985,0.36449736
80503,0.33546627
133823,0.08910545
41620,0.050817307
133691,0.19195072
74572,0.08435934
103432,0.3075119
85529,0.85453975
91544,0.32600117
42062,0.11538772
133825,0.0494477
110381,0.7305718
105212,0.09943846
113444,0.4017775
43629,0.12641844
45628,0.62920165
64959,0.036205545
95215,0.19931915
22849,0.087016866
90618,0.065710746
103032,0.20877135
119447,0.19881546
58779,0.7986157
119872,0.08223305
54413,0.26184186
117987,0.49973527
106533,0.8705972
143877,0.20291856
91861,0.20999752
76001,0.37843728
65096,0.21610524
76727,0.49531433
22570,0.25725585
137071,0.17357177
142456,0.10247115
123397,0.055559725
120683,0.18266433
129535,0.060940806
30998,0.28404763
125853,0.10576796
53379,0.34641504
101247,0.07765041
120450,0.13648182
66354,0.091374286
77943,0.13416532
129194,0.19306335
144589,0.07404618
75876,0.49724555
55397,0.51049405
80354,0.11532887
100359,0.111007586
53404,0.6781462
32104,0.16523978
22110,0.06398165
113786,0.10038593
92663,0.1376394
29426,0.21201919
103106,0.80139464
147899,0.10888052
61393,0.0789465
43146,0.043025184
40032,0.6161057
12431,0.08668221
27976,0.0840753
5784,0.15784231
46362,0.07340332
130997,0.32444942
115952,0.43003395
5101,0.026169723
25514,0.89591885
41711,0.12897122
30018,0.12202822
101136,0.2889442
39593,0.17319146
43071,0.26657814
88738,0.5729193
140194,0.08080897
51408,0.15241209
35168,0.02094717
8017,0.06476929
48783,0.054230932
2521,0.062866755
145311,0.09223486
123002,0.4137512
30428,0.90592223
44675,0.20354174
142418,0.1024849
49129,0.076374255
45317,0.60415626
66189,0.1850718
89260,0.33691293
114906,0.053055163
93459,0.050161924
81051,0.44481766
11122,0.08184347
148990,0.06135004
70035,0.53645295
103162,0.6168463
39661,0.063294314
113920,0.07593197
56221,0.092722155
92809,0.13778059
15506,0.70146286
48242,0.7724358
18354,0.14711225
33956,0.46285152
81760,0.14116526
140820,0.102383256
52381,0.53873634
43354,0.3140875
73805,0.045141563
127076,0.31539017
114115,0.06619441
148285,0.076156475
58914,0.3162635
62827,0.009186955
44598,0.27727854
109234,0.25780708
45960,0.041119054
140207,0.0791261
129267,0.07452436
113046,0.11912397
4524,0.12204546
118849,0.12207565
40422,0.15999189
83914,0.16773635
130184,0.12780492
57395,0.04327512
98699,0.38311145
123001,0.080798976
87957,0.07900792
113587,0.048025303
124540,0.19267313
51852,0.5699574
112784,0.24504656
47267,0.1563918
76507,0.4848773
122273,0.15495297
89570,0.07945262
50160,0.05508586
15641,0.043428224
38926,0.52176344
79034,0.14246799
59518,0.24372956
128695,0.02470697
93696,0.082628064
62354,0.43631497
7729,0.3515189
3808,0.21999088
28270,0.038293455
36360,0.06955036
58181,0.05028345
53775,0.19827585
50821,0.17227787
58497,0.27848014
49961,0.12912966
77142,0.0816215
37864,0.025341844
136040,0.46524215
115718,0.45133343
51043,0.8437746
38220,0.12808385
61514,0.056708045
13486,0.7788425
143399,0.6605838
72171,0.092757896
70450,0.34653878
48358,0.22370432
28780,0.514356
126387,0.8361684
142667,0.05610224
87405,0.14405757
84699,0.24871716
69680,0.0893475
133218,0.8639129
49098,0.32703468
77103,0.50988543
58268,0.049452137
38988,0.2079198
38381,0.41823366
37941,0.51020163
98106,0.90363157
117440,0.61349636
108419,0.94568723
148857,0.27493015
148812,0.044014215
43807,0.4349097
57992,0.09949875
126826,0.04367121
136143,0.5145302
56878,0.13375644
129345,0.059578046
115087,0.60057247
127140,0.08583552
75913,0.08088203
71931,0.3133285
26022,0.35825107
138605,0.21679918
33909,0.78479236
11323,0.16509113
103155,0.07276372
10460,0.15458485
149305,0.7119688
68022,0.26600417
131857,0.18208972
38210,0.118117996
95113,0.23147184
34058,0.07075851
131494,0.22572021
73605,0.14914331
126006,0.10116292
4274,0.06576588
108588,0.06474125
51759,0.11119631
19467,0.21882159
116012,0.41272965
1006,0.44385335
47273,0.8679313
63175,0.52230155
35136,0.7983691
137939,0.4780596
79540,0.90279627
146321,0.21146983
21469,0.15606366
73186,0.55075586
96177,0.0611609
62017,0.04258701
80034,0.25206032
124381,0.09059102
110984,0.10049988
130199,0.3337437
68175,0.13379143
112221,0.29069996
35654,0.32012635
13034,0.17196397
9181,0.14719936
87121,0.121599466
62416,0.05791611
547,0.100507796
136675,0.23452567
12355,0.3611629
138970,0.09682665
127792,0.072501056
34356,0.251505
81758,0.081343666
19411,0.10087
64723,0.07390782
56038,0.16852883
24085,0.7727126
83032,0.2474647
98779,0.26850313
71065,0.03159359
35363,0.9240053
53689,0.9386117
80221,0.40759578
46118,0.27075115
114754,0.5218056
32269,0.34996477
45770,0.23871309
74190,0.05334156
29728,0.057820167
90465,0.22786392
43567,0.40956122
85537,0.54133266
40591,0.54854715
41635,0.146694
115643,0.0774171
104768,0.13536052
119039,0.122603126
66345,0.43275896
101954,0.5543347
147328,0.44182286
90036,0.102984466
48356,0.09067144
47813,0.19987635
14209,0.052335575
44480,0.2444892
52744,0.6793003
146621,0.034395885
51538,0.8090643
5945,0.46963936
124191,0.0651506
50224,0.043582153
142165,0.08829664
56650,0.53325653
94870,0.072463736
80727,0.69339263
109042,0.1795564
32598,0.18449558
55792,0.09110204
90985,0.04090798
131542,0.5386208
17809,0.16882126
113948,0.01675587
147931,0.12365117
36976,0.15370321
106400,0.06434684
28758,0.096759
105062,0.6004091
104788,0.37556568
139885,0.45844278
3906,0.07488686
140361,0.09522269
28000,0.07271073
3843,0.055190794
75559,0.73088115
106463,0.12565885
49598,0.22393526
9234,0.093879424
7661,0.046931047
111237,0.08037447
117269,0.10820563
139894,0.4342424
93737,0.18585648
89680,0.13506229
44896,0.022997921
99949,0.14934908
58506,0.20037247
106975,0.1475749
141528,0.07658748
48670,0.29577354
146609,0.10964173
25098,0.20746553
2106,0.7981304
68350,0.19733687
88770,0.54234976
147789,0.10805069
101128,0.9734933
117621,0.1808106
54540,0.7367164
52943,0.044228815
82705,0.04600836
138999,0.045351468
104646,0.42782003
19455,0.10742419
108175,0.12927975
65782,0.11698812
95537,0.03635414
19134,0.024771065
147689,0.112784475
74392,0.38605702
120049,0.1961968
148728,0.52073175
118788,0.058466326
45781,0.59187746
17165,0.07963773
109326,0.013985966
15071,0.7794732
137420,0.4050362
114009,0.31118482
59955,0.5707754
4695,0.06136797
89884,0.13913831
5221,0.5220092
31261,0.6387432
43924,0.36825347
55038,0.06628494
91554,0.036836438
38390,0.76202345
9721,0.0551992
76775,0.082372524
141119,0.26851475
63868,0.5930517
37141,0.03140254
53450,0.0778407
61619,0.029944709
136811,0.12973966
16715,0.060435697
49501,0.53473586
101473,0.21039543
94958,0.24454892
62157,0.1386173
110734,0.067582354
84328,0.14224266
145124,0.97360975
83267,0.06444306
58456,0.28195998
110163,0.087533325
129655,0.02391966
106280,0.04513435
115986,0.92298174
95143,0.46955186
77382,0.80476356
50572,0.03995562
34795,0.068073705
113549,0.05499437
53098,0.3967228
33172,0.13101254
52663,0.047232278
67539,0.1797727
124933,0.0973654
51854,0.7422384
72725,0.77761436
119459,0.021145668
8537,0.25694966
111486,0.053934302
73684,0.073368385
18076,0.041169167
100922,0.04329057
135153,0.10314088
65274,0.102525085
50153,0.08540954
34608,0.06130499
39386,0.06484254
107849,0.33423007
83342,0.16838542
104058,0.058799047
142127,0.12655869
98816,0.54656833
48052,0.08155775
30715,0.30401105
147905,0.26396286
71057,0.48980442
44314,0.20975664
125943,0.1022339
91278,0.09681336
80080,0.07356921
54950,0.056274004
119245,0.060085695
136417,0.74986243
137193,0.21349448
82698,0.29875666
14677,0.09885841
87927,0.02880839
82660,0.3363039
112477,0.45042863
93650,0.942905
104117,0.5558296
83908,0.40165538
55231,0.4054828
109606,0.06340566
126323,0.34716967
135548,0.5458731
84026,0.19983524
89711,0.04486062
72814,0.036850445
135976,0.5996736
69327,0.032183263
8776,0.088669494
41550,0.4122803
116027,0.27250397
101386,0.77316105
59163,0.33874062
95115,0.11927423
133876,0.1378547
132158,0.28167036
134848,0.020091314
148274,0.09991431
101927,0.10872089
67037,0.06182598
21008,0.036390264
40984,0.08501936
73341,0.051838186
5025,0.40380904
136218,0.11296451
68502,0.093654685
50858,0.09075856
27059,0.039779466
105767,0.69584155
95958,0.25753462
75945,0.08169238
12799,0.032920055
39038,0.4287597
149706,0.13595846
30145,0.13276023
80356,0.75682336
33552,0.13266194
78269,0.16460676
100572,0.21874769
97616,0.11311035
101696,0.23785888
95518,0.062214803
127986,0.4245241
26461,0.16989252
59745,0.060524818
38585,0.18690999
98471,0.10180917
27979,0.061950535
68321,0.034893956
54768,0.6888211
100610,0.056329094
64967,0.33400586
51554,0.08326145
105927,0.08357794
36883,0.39335263
36615,0.3080262
78665,0.15629163
35419,0.21991983
1944,0.27443072
47790,0.07126268
4886,0.97400576
125279,0.13583997
100440,0.08197301
129587,0.04083643
95438,0.043712426
92464,0.17496544
14614,0.32750797
143346,0.04845582
64841,0.00800536
88117,0.04401581
148851,0.14072467
46175,0.7824235
141238,0.42587915
16784,0.23944028
55540,0.09931579
23869,0.065083675
128080,0.12420419
69460,0.04668478
140615,0.354777
110351,0.08851132
90474,0.0398836
82663,0.13288963
108325,0.6233613
73769,0.05197651
139856,0.07223423
121317,0.19171293
113028,0.4273268
118619,0.44439897
130020,0.27420712
49540,0.23228082
30047,0.26800585
45301,0.31337407
128808,0.13733648
17019,0.11262397
85967,0.050072737
2433,0.09540068
5448,0.31484568
128604,0.030750243
110551,0.22541589
96815,0.10265443
91264,0.10766142
51662,0.16344394
142231,0.22775774
58118,0.79998374
98360,0.4721145
4495,0.36624488
106057,0.15432565
36286,0.17248932
106922,0.25399476
2973,0.29379988
101056,0.4382422
138478,0.10694127
114954,0.07534631
101366,0.53847885
83494,0.13986509
38132,0.042949915
119117,0.3406771
80831,0.0449943
114087,0.47946027
78858,0.24600457
89115,0.076227665
102064,0.16832532
82112,0.819024
100420,0.15665261
35466,0.08727141
121798,0.72595817
101769,0.27528694
79943,0.5823771
78548,0.10284916
65236,0.11340876
81133,0.15122308
62548,0.04297402
125240,0.16329333
75350,0.061013512
47843,0.11948304
143236,0.2395401
108506,0.09319888
23398,0.06533362
141003,0.17199707
71559,0.1929046
145419,0.033586357
121223,0.12832457
45964,0.38406485
12672,0.044353087
84091,0.06355274
5750,0.64799315
112955,0.11590384
142893,0.71282035
14375,0.46677727
22026,0.6510563
80795,0.051292382
3383,0.49325764
79745,0.09690987
67533,0.088185385
67422,0.13948967
126885,0.95177066
41848,0.065425344
70077,0.17034633
93702,0.23272459
75310,0.060768485
120204,0.14351936
134326,0.30136195
113945,0.1241213
97215,0.21119155
121202,0.34225062
11113,0.059089527
740,0.9199881
23804,0.37494826
104494,0.255899
66663,0.040594857
17715,0.5496455
105864,0.74887574
105237,0.07790511
1094,0.37257183
22855,0.40321627
122283,0.25341687
13349,0.26712245
18113,0.08554223
143026,0.1480484
27784,0.16375141
72306,0.23876274
103735,0.30713192
32699,0.16203871
133519,0.40388516
18934,0.061079558
57799,0.06301597
61143,0.118774936
145952,0.15170692
6516,0.4360305
14918,0.4636098
17911,0.18238601
66024,0.10417986
25591,0.19542468
106901,0.09114271
72408,0.0799687
91631,0.4959898
88872,0.3503099
33631,0.105607085
95947,0.0831351
46858,0.08555579
11342,0.1272644
131785,0.23157929
89309,0.12734373
98291,0.4371666
95914,0.119393304
14563,0.36588842
83050,0.039859783
148361,0.07935931
65750,0.40297717
70695,0.09148862
116035,0.35642585
7427,0.648873
48298,0.09463845
76430,0.36895734
71902,0.061120823
44322,0.20091805
26899,0.034952495
47302,0.5524739
49130,0.14261869
130258,0.17321588
11876,0.19787098
116718,0.1017955
102420,0.028642304
26553,0.06369434
84541,0.1377527
84769,0.46186325
3807,0.06279118
57951,0.2032294
129968,0.29667783
46167,0.39875677
133450,0.21594241
82582,0.04113124
61617,0.06076809
47406,0.1502159
92688,0.2975281
54917,0.15577503
135138,0.5147965
145277,0.17180227
50751,0.18680176
128234,0.048786245
70313,0.103649445
15046,0.49850205
138182,0.32273552
67755,0.13653472
8871,0.13302316
41261,0.097431235
31186,0.9651943
74870,0.18022615
137601,0.04826697
8178,0.14777188
98560,0.31704992
18324,0.018672273
75159,0.11958535
56022,0.06297735
13773,0.13291287
60526,0.1649244
82782,0.10340827
114585,0.36145386
22915,0.3157132
57719,0.08804133
133554,0.22413062
30984,0.079905294
76200,0.22812954
90606,0.36645827
16875,0.29281715
114641,0.8854528
84820,0.35804665
29560,0.39350435
105157,0.7281628
86881,0.0984574
110761,0.11233589
80519,0.087974295
97089,0.4319213
91132,0.2598924
137662,0.098272875
36812,0.2080782
22627,0.1462115
39737,0.08932116
30993,0.0647501
108581,0.20423798
875,0.17868832
95943,0.10259798
111230,0.049450986
67384,0.704553
140310,0.08173716
122626,0.09758511
113828,0.10714194
104118,0.119546436
58679,0.3062618
57889,0.36047834
66589,0.30384076
93012,0.3510938
115287,0.2841322
100354,0.19566563
131740,0.0789253
56359,0.04291269
128203,0.49931204
96923,0.063415065
131731,0.39728174
14292,0.24284144
120133,0.09744773
36102,0.15270425
1323,0.11715755
14722,0.34100592
42453,0.36747617
110135,0.42248777
64474,0.03676797
15914,0.15194371
73061,0.16721664
68980,0.18095285
51575,0.08202277
69607,0.13456327
103307,0.10137711
104704,0.23767915
64408,0.48921376
51633,0.6112625
97594,0.3050174
130150,0.62052166
75376,0.60898656
55605,0.045101553
58229,0.16604483
149303,0.054618094
6373,0.22763005
120451,0.08506635
15482,0.9832134
72641,0.12760916
85386,0.19993858
128611,0.89067143
102508,0.5172809
64819,0.2916797
53884,0.14546347
100408,0.05347837
87794,0.11447086
107312,0.041850585
149008,0.33385456
108559,0.10460489
73295,0.25496075
48138,0.4970736
33897,0.18431075
97542,0.035128705
16115,0.09131359
4901,0.17182745
105388,0.040530797
136120,0.547271
71019,0.9824197
128711,0.20405027
20703,0.5069004
7644,0.110280305
1876,0.18470173
29537,0.05556493
123422,0.15964727
105191,0.19597143
8905,0.18517372
75442,0.23182823
141174,0.29304478
135612,0.7519551
1540,0.068327986
46172,0.089117564
43797,0.054077704
6301,0.8297803
123516,0.056915224
40076,0.08662886
93288,0.044039894
143721,0.036084764
10680,0.12347344
47171,0.21501972
108557,0.12717396
56041,0.54066867
138495,0.15352233
53564,0.063775554
80191,0.07720335
30190,0.35952213
96879,0.059731666
141995,0.24061482
118990,0.08522675
7777,0.62341976
27504,0.033466365
16331,0.42170143
39343,0.16073398
139623,0.20426536
51234,0.15899438
132594,0.51304334
144860,0.16466655
22681,0.1824049
49588,0.10806448
31383,0.3119454
55648,0.13067763
91157,0.09051601
16744,0.2301513
125526,0.040681887
52613,0.11449508
59927,0.07340391
100482,0.6097146
112640,0.799902
126114,0.71054333
36986,0.47476992
81938,0.5481408
93407,0.08324519
28113,0.10143394
68213,0.40806052
126137,0.645637
78107,0.036981985
50347,0.83790725
45713,0.07535309
60665,0.39848265
149925,0.4469217
74208,0.5154939
122468,0.16485506
131388,0.020216666
97703,0.089749426
106712,0.112792894
44190,0.36865294
116781,0.31787148
40195,0.39077932
68633,0.37630165
141322,0.15134272
133229,0.14143272
29566,0.033914488
133126,0.31645706
34978,0.8745412
93848,0.48536792
100,0.03254845
63843,0.15352258
49078,0.33670008
75409,0.2759319
102084,0.025874097
26900,0.101412155
91835,0.14540382
138862,0.023460232
50409,0.059393287
127027,0.51907575
77290,0.5788419
61492,0.22184259
49409,0.06375284
125574,0.5055407
87118,0.30030373
113611,0.052790266
57452,0.54571706
19258,0.40288305
109739,0.06270541
60349,0.26222363
54458,0.15808259
14141,0.18609959
36473,0.9225212
61099,0.039126523
4559,0.14228529
127727,0.058436263
56559,0.31724644
119187,0.6235638
56885,0.22747913
95950,0.05659794
141348,0.030637048
30401,0.3417553
107006,0.051304623
119455,0.08384743
123419,0.07105175
63320,0.053419348
28145,0.051341187
50130,0.08767696
86112,0.038588855
32451,0.087550715
27613,0.1760335
130250,0.048332956
21509,0.11286472
94975,0.5061705
110904,0.7467041
110972,0.08791251
101568,0.17532858
29989,0.50287783
18543,0.08297316
72538,0.16665703
71257,0.15802865
47168,0.3020182
75908,0.07893868
102671,0.19991396
122984,0.07618021
43775,0.8324687
1585,0.11661222
15988,0.07447812
38258,0.33197042
17744,0.23291205
41667,0.047805477
107034,0.25041914
59776,0.5591303
64982,0.17487252
141243,0.8640181
79106,0.86047816
82748,0.10095777
25054,0.14689542
95244,0.120699495
63492,0.24765615
555,0.4967221
63663,0.110244825
98967,0.38391474
8607,0.4261308
19331,0.09453355
85831,0.8903433
21888,0.13609326
147033,0.068063945
118246,0.21837363
52617,0.035742644
1393,0.072666034
39873,0.18404652
8804,0.520544
122086,0.27071953
17548,0.12333085
120836,0.621282
8878,0.108870685
135219,0.69711363
75852,0.03091697
121182,0.47931626
125991,0.34567797
86865,0.08386855
89553,0.24600211
76823,0.5620298
68139,0.119697504
80164,0.16155319
36848,0.043406133
73429,0.36015964
56920,0.04743125
93542,0.90530884
10169,0.47330168
132618,0.3896712
37777,0.13475484
15636,0.30972987
73259,0.4996959
20427,0.12815711
96465,0.55184954
137822,0.032892056
130859,0.07157431
100202,0.6936105
57496,0.18093094
21823,0.12389723
56342,0.4436182
96224,0.054567866
145470,0.70877147
137824,0.547228
28696,0.5966111
34273,0.8238458
108768,0.12613024
17138,0.74170965
89464,0.41505793
13416,0.22126465
69727,0.15978876
72719,0.35369268
10930,0.0828384
122020,0.06015326
144926,0.6440202
54546,0.4295093
471,0.29884934
105848,0.5634524
120799,0.20869309
76130,0.09683047
118243,0.2546524
8777,0.12613083
92650,0.043813612
18431,0.55312264
29663,0.069290645
90736,0.16727881
116089,0.26869684
52247,0.105537534
128853,0.054244325
115265,0.19092211
56279,0.12701471
136570,0.9051595
62256,0.2330442
102355,0.074500404
126445,0.1554222
36820,0.3677909
88758,0.14140846
111374,0.11853851
129041,0.7675686
97384,0.6918332
111544,0.082074165
115002,0.07933487
39066,0.16831447
112300,0.068762705
47819,0.26561219
136678,0.24986659
84636,0.45239457
95911,0.8719646
5305,0.121284075
80560,0.455712
63877,0.053865682
57765,0.07229726
69643,0.10278422
141059,0.5991884
72174,0.15438668
19587,0.19314353
78942,0.14520785
132301,0.1403209
103244,0.10831162
123517,0.054539155
90812,0.36452952
20495,0.14922863
133684,0.49042434
72818,0.3833897
35369,0.47354943
4890,0.06862621
39726,0.15915504
141197,0.12763812
25564,0.13819033
137908,0.05736777
56393,0.051617727
126341,0.11273086
105116,0.39304188
32993,0.05067143
14620,0.23070633
62490,0.07225919
36046,0.12810579
121472,0.12918591
117945,0.4164076
144367,0.463689
99654,0.58319294
81170,0.031167872
59297,0.07550112
73962,0.090626284
6641,0.05351558
99445,0.2578106
78890,0.11562776
122870,0.025665702
53982,0.512431
79842,0.9283003
79546,0.06951495
111586,0.35116667
74097,0.24560456
56144,0.40411744
141012,0.17863661
50923,0.91887987
81035,0.03731146
87868,0.06335347
128027,0.31345573
26179,0.08876965
51474,0.0447622
37499,0.057000805
100798,0.04731412
89842,0.06853963
480,0.6321811
72000,0.055952616
135151,0.17913888
6428,0.086194985
17127,0.06508455
57498,0.83476347
55584,0.6266788
135022,0.19624355
84614,0.09481108
130306,0.1460639
72653,0.70179707
18616,0.13200925
112984,0.08015698
129193,0.030808857
81172,0.2927502
147467,0.10311256
5605,0.16345496
33152,0.2133359
82014,0.9665459
92001,0.122767486
146494,0.4395689
110487,0.028443083
116965,0.043843716
43719,0.15397882
13520,0.13743553
45917,0.18138684
3261,0.048325114
19549,0.5124195
114408,0.24538173
35717,0.40959057
110693,0.023477783
56766,0.07554034
129076,0.58223945
52607,0.83436483
148085,0.15015179
64300,0.9089768
116074,0.14633156
11963,0.56567925
73853,0.18851927
104247,0.13849103
65506,0.23309873
5722,0.153587
117871,0.15652302
102324,0.8467238
117512,0.33445922
5177,0.16792923
1807,0.622155
95828,0.42845792
7201,0.14313048
125449,0.041612566
28718,0.03339385
44788,0.5331949
122068,0.21551871
63767,0.099218234
31947,0.88553935
40375,0.5116119
80383,0.17250775
27233,0.083014145
78918,0.053115316
149741,0.14994578
5828,0.55745995
103682,0.10190237
36915,0.046079982
133573,0.10342533
63499,0.6721572
39001,0.35306484
114172,0.5284289
52557,0.03314294
75514,0.05845133
3532,0.068323575
89224,0.83470863
66405,0.097177066
70084,0.104358196
44269,0.0716387
5100,0.53637177
9070,0.07869649
92562,0.16823252
79630,0.04978342
87059,0.2329106
118816,0.21473777
119668,0.40225816
78776,0.53293884
79189,0.36385024
64220,0.1438089
133773,0.055311274
20287,0.8406689
28917,0.15703882
132077,0.17208432
93521,0.15510567
25519,0.5317678
88265,0.13242352
105492,0.44211692
120662,0.10693666
98152,0.29762638
47319,0.12135928
69819,0.8301397
38217,0.056518976
52323,0.18426576
21024,0.9598726
9440,0.32043055
2784,0.08514231
12320,0.08385668
109070,0.17080416
83600,0.16813941
50777,0.16867234
13129,0.21222986
29864,0.049959973
59455,0.08474423
136510,0.10589622
74366,0.23779148
121143,0.09013992
62343,0.09959691
70555,0.17000861
8969,0.12402086
148,0.36818606
8693,0.23841901
51879,0.229065
32474,0.12289459
146481,0.03949747
35675,0.7549507
29708,0.09682912
66769,0.4483792
141541,0.96380854
16627,0.061072435
135703,0.06824112
87635,0.16915931
66894,0.10467456
39236,0.12981884
33847,0.09506954
42855,0.0688741
68445,0.4658014
89723,0.21505317
95808,0.6002296
118553,0.07946992
31636,0.3809856
19482,0.08358044
6199,0.04506224
125087,0.039964154
105298,0.028893609
126457,0.6324323
85305,0.9447491
135123,0.03557488
27565,0.13472709
88078,0.1263045
96608,0.6725546
137269,0.27234185
47820,0.07642744
147234,0.37400153
92116,0.07548829
114971,0.03155126
66478,0.28490087
97892,0.05017816
127566,0.08216929
80368,0.38223886
7885,0.14158814
83,0.12096805
100161,0.69565755
74406,0.08579244
127401,0.1616723
136728,0.13472113
48583,0.34290951
98692,0.5997766
20497,0.03287527
21151,0.58413726
111635,0.21452397
68218,0.108181864
144644,0.3909504
13585,0.88376427
74309,0.0627083
60313,0.4980112
8189,0.27263862
41599,0.7604291
31068,0.19139038
3332,0.1205648
109945,0.091075584
26645,0.10601133
144591,0.07841665
139486,0.36337653
136702,0.18438566
63526,0.07277387
139055,0.6472771
112216,0.2537799
21391,0.054114807
101722,0.035031103
53442,0.07388767
114634,0.69236666
33003,0.87170523
105376,0.060247447
94603,0.21227397
17537,0.06417945
67789,0.16267098
69417,0.24173275
116512,0.33524147
87611,0.25758988
96629,0.104670994
127031,0.38751912
58641,0.3348258
33934,0.055135265
29624,0.17241809
111755,0.25893024
37413,0.7794988
130808,0.087725416
52849,0.23511453
149279,0.15148629
109222,0.02836261
103911,0.5716764
50766,0.024201175
6440,0.10406223
89617,0.04764935
143918,0.41479212
80609,0.754794
70549,0.46777326
12254,0.038183782
105251,0.05808412
76966,0.10377867
116394,0.14103347
82145,0.11458051
37427,0.15999068
92751,0.73325115
77304,0.11418799
81726,0.04075723
143766,0.43035546
6503,0.049560994
122545,0.16162972
89949,0.07860664
42735,0.06907899
135429,0.14698888
127104,0.11501909
4485,0.098317124
23770,0.0955507
72740,0.19161823
31807,0.08878385
9594,0.21952158
68344,0.20106725
28613,0.21696235
15947,0.5017742
63706,0.10340644
101514,0.26424167
7718,0.24750407
33271,0.19021681
43453,0.15768266
139659,0.17858975
6107,0.51745915
3971,0.20978338
62865,0.07612926
27208,0.13291092
129062,0.3539761
23817,0.13840528
15842,0.36002636
29848,0.1582938
119911,0.6175764
36477,0.18004963
54376,0.21293482
11908,0.17112872
148252,0.14165181
126439,0.35127145
103118,0.07915906
94225,0.4617502
16510,0.5934141
54218,0.17621401
3246,0.2564019
49606,0.10812364
127577,0.47513247
90655,0.12606458
75177,0.036516096
147948,0.38581765
118846,0.6118549
45355,0.09466054
99348,0.025036564
142383,0.27694276
33768,0.49648815
110186,0.09662635
32240,0.18533294
45363,0.041180715
137775,0.065668
57298,0.30481735
101725,0.17812766
25869,0.8090471
91600,0.037280034
141359,0.03171405
116407,0.43709335
37991,0.11824992
127139,0.3808962
64095,0.81289536
78064,0.13180996
9545,0.10062531
91405,0.2576732
25610,0.21112746
24694,0.5481788
142720,0.40588772
141926,0.8096964
141475,0.14378782
122838,0.4225815
51178,0.36403483
18537,0.46421993
78256,0.06571354
78646,0.32157066
131686,0.15212002
103473,0.12564382
145601,0.14947423
88915,0.13844654
115359,0.7041603
6777,0.4272958
11127,0.34138346
100226,0.14580396
105013,0.13871285
147159,0.029058948
87647,0.096385576
110532,0.27864307
141402,0.8161468
49160,0.014653455
134876,0.050658733
96258,0.48326167
115236,0.8084025
107935,0.14239302
90072,0.036345147
126916,0.089738786
86278,0.07101274
56126,0.937711
147706,0.9402806
124917,0.0751527
78491,0.05694826
83011,0.05134264
18288,0.667708
41322,0.12156147
62383,0.16667897
107127,0.39966
15043,0.06269131
46179,0.17722231
42788,0.8311378
88642,0.5474374
124819,0.44626635
52163,0.11772861
103417,0.8360309
85639,0.0972007
52865,0.18986797
148733,0.040922668
38610,0.13341525
84788,0.052089542
65786,0.24658409
68676,0.075475834
99800,0.4306288
55190,0.047122635
10615,0.45187867
62152,0.049467772
133082,0.48250923
102772,0.091655456
56168,0.5733624
25728,0.6216439
32754,0.15549584
52868,0.42313164
2559,0.058385257
69380,0.23552582
29499,0.13977847
129764,0.28723985
116132,0.23430233
113888,0.62601465
92304,0.15949309
30633,0.5531615
122784,0.16398436
28495,0.055639304
131418,0.10127069
106754,0.13601483
32056,0.036214206
49464,0.24101894
68052,0.4095823
120974,0.16541347
55858,0.022507243
102890,0.11777227
6029,0.12892722
105133,0.040960096
133875,0.38876092
105957,0.39153364
147647,0.07572975
147261,0.32661933
95718,0.039044224
49750,0.5396282
131499,0.6280577
116535,0.71381
55053,0.53508776
83718,0.07958179
84722,0.10544019
17695,0.053708434
139730,0.07864786
47237,0.14840417
65459,0.045217413
45872,0.1731567
22532,0.09562608
115518,0.06519879
98455,0.08404495
26088,0.02340086
45762,0.44272897
139129,0.034240365
5614,0.79648757
28632,0.6503159
92525,0.07386521
33722,0.71489197
126942,0.032160193
46305,0.7683933
43597,0.06068305
24201,0.45006266
7830,0.07361866
64139,0.6152519
43998,0.7682462
129061,0.35750088
47983,0.73096156
21010,0.022201162
67430,0.072755754
146739,0.26156116
58999,0.07515353
146880,0.90362895
113988,0.51960784
114346,0.08539763
88372,0.31576094
95461,0.5940038
107504,0.040818244
49182,0.08044226
30343,0.04511258
126200,0.060357124
95582,0.07155132
43648,0.15262836
32725,0.11760296
6720,0.2757713
13997,0.6959633
16254,0.24951228
75042,0.09899204
121844,0.15702629
149192,0.15910089
18635,0.093295075
93574,0.08690955
7906,0.3295174
127913,0.117241755
14427,0.08493317
40021,0.92842126
56070,0.27841666
135491,0.08753434
62453,0.47028294
48938,0.59826946
134189,0.08984565
122994,0.09080954
11517,0.19367933
75725,0.21361898
20298,0.10239723
105997,0.45554096
134537,0.26356414
123634,0.089498654
21580,0.12480535
104145,0.036317907
64940,0.7076338
75205,0.14843787
68848,0.15716904
10812,0.0727079
148660,0.087086305
39240,0.2313189
112624,0.094420806
128933,0.8442357
18257,0.12851952
128908,0.13194
77006,0.2907088
59756,0.04634853
102996,0.042450488
65823,0.05635007
112697,0.11796878
41596,0.10971402
105015,0.70474726
57458,0.07979896
78218,0.04963407
19919,0.044558086
115431,0.035477765
139336,0.3616672
60033,0.34282413
106782,0.22536194
67979,0.038708135
66701,0.066194266
58826,0.12689418
130395,0.49751747
127033,0.904789
43643,0.06511476
119436,0.048678283
12264,0.10840271
30381,0.04212003
113001,0.90345204
11972,0.35389337
149257,0.108045794
136826,0.1457251
92350,0.14768268
34980,0.04810719
103144,0.16422516
148913,0.07198986
32274,0.3201721
115283,0.3967365
39711,0.20328663
48773,0.05507905
136307,0.08029748
73639,0.30108976
6088,0.8532489
4648,0.06270132
93866,0.1109611
13274,0.042265862
88709,0.31127438
44727,0.680607
146278,0.049282912
42368,0.9073486
72998,0.07739991
59169,0.13049836
68420,0.3967661
14463,0.04629267
124218,0.3422632
119079,0.36347786
106215,0.86599994
135639,0.2317661
106213,0.9524117
12679,0.23576295
34928,0.114468865
9702,0.14139277
96755,0.11206123
72742,0.4803882
25213,0.35787368
145842,0.5975711
66505,0.09808513
30988,0.4391409
50592,0.3433362
143297,0.16816211
12114,0.117329344
108933,0.71707374
64813,0.063076355
13432,0.2039194
30166,0.1692356
26376,0.047582164
149614,0.026080433
28762,0.86132646
117413,0.0899896
129365,0.28562775
73258,0.15638275
141832,0.62289464
2870,0.3376711
138211,0.76725453
98271,0.77596015
85589,0.327918
57042,0.05047238
134960,0.48851058
62922,0.06659794
72558,0.08736419
29823,0.3031137
89038,0.1965071
82854,0.07994176
64947,0.8121847
132192,0.14900859
52442,0.35542667
141745,0.1829854
41672,0.07870702
102291,0.020646933
110217,0.18640777
102143,0.27914572
75417,0.5379147
117318,0.881693
120477,0.12791705
47876,0.40910348
81205,0.13129628
22309,0.026205847
145688,0.047006104
4746,0.107922554
28591,0.18103753
53842,0.03464873
6488,0.07428149
36607,0.033148672
49945,0.29047954
54498,0.24826077
110842,0.0746802
80464,0.33449385
116528,0.61720204
5872,0.7532324
135729,0.1178331
104396,0.8164668
55052,0.10683961
97644,0.7954985
21641,0.11520512
132860,0.08064876
113881,0.101578176
103752,0.8178909
147904,0.1038759
111936,0.07749928
21341,0.50707793
50038,0.11100514
120086,0.19685912
61589,0.2307252
78883,0.32009098
146746,0.0823198
39756,0.065630876
24552,0.11286099
55669,0.39959082
91871,0.79161435
146824,0.14105788
111492,0.03274197
116236,0.14610103
78506,0.86390114
46045,0.36045778
49159,0.41814777
76308,0.089556396
29943,0.7412314
106332,0.2272492
149980,0.14199385
5021,0.10453108
128371,0.14444071
121431,0.8721942
41285,0.11948341
121357,0.681483
34422,0.2214642
70821,0.075929426
101331,0.06388922
25481,0.18285541
12582,0.058066063
79987,0.54535615
134629,0.12653795
44318,0.053850345
18797,0.07627175
21490,0.027853312
87102,0.14964736
7099,0.18405348
123610,0.18813719
26938,0.1840824
126990,0.083181456
149674,0.16149935
93580,0.35064173
104169,0.6713545
21760,0.06042072
125210,0.37659383
139451,0.07944589
15026,0.18380688
18482,0.08031919
133877,0.08379838
83046,0.10422826
103361,0.27421263
135775,0.4914871
143290,0.06182675
31630,0.1408674
107821,0.3615592
39424,0.09780488
36144,0.48070037
140332,0.17350738
141365,0.15315372
90986,0.07797916
37059,0.08241484
109457,0.48775467
31325,0.33917162
111400,0.64747494
81718,0.19256799
71967,0.07686492
83030,0.0745706
117874,0.19284493
65812,0.12991107
65314,0.0977515
81460,0.44449815
137120,0.84433115
53988,0.12909126
1747,0.108811416
60790,0.042420007
107715,0.06280953
141825,0.057215393
20522,0.04441534
131414,0.15237887
116960,0.122186124
86446,0.55680734
96671,0.08573658
43440,0.33017182
42345,0.30399537
97231,0.90479326
82785,0.3224716
126754,0.43923435
57240,0.25777695
119663,0.43594676
79391,0.03896157
82953,0.39780417
128725,0.045944143
55188,0.05402212
12930,0.29819274
114886,0.11443486
43835,0.2774573
55647,0.5454571
10624,0.033023264
14716,0.76140904
39287,0.29665336
88,0.3450335
9581,0.09525722
56845,0.05035589
87741,0.58100677
23323,0.3020595
57694,0.82347393
116134,0.20550005
140581,0.090586066
89968,0.050843716
94735,0.12825467
59949,0.13710362
31897,0.045787327
12652,0.18782803
132589,0.17132182
67441,0.360897
131994,0.19703098
87224,0.23654974
12188,0.1961333
50564,0.5146007
23572,0.0050979364
136445,0.21745174
35479,0.053963482
58725,0.54055923
119955,0.06784323
95644,0.889759
66993,0.5979091
145485,0.12523209
44808,0.08014911
52472,0.05568127
8857,0.056515377
45607,0.8023576
22032,0.3997595
11489,0.37324664
28575,0.8984088
73693,0.23247708
23181,0.226802
58524,0.4089303
112734,0.112658575
68694,0.16020334
134861,0.05955175
144359,0.036615517
48996,0.21554948
106555,0.048452225
137292,0.2528024
133305,0.9016734
143115,0.35469148
121308,0.052363083
139995,0.03447016
54470,0.30856898
89256,0.87190205
27489,0.4047095
106282,0.06461388
123318,0.16460942
75537,0.25577873
6871,0.11985065
48920,0.6283029
80458,0.8481874
576,0.6598966
124324,0.183394
101041,0.12590596
146657,0.16749962
43313,0.119237065
119912,0.04602721
14525,0.45983782
41007,0.08873857
134415,0.091134556
114150,0.048638575
136041,0.11716868
106891,0.08929082
65336,0.10882515
42909,0.8086411
42261,0.0759592
132902,0.06460053
134042,0.04396858
103180,0.6667719
86645,0.12990116
37276,0.021629138
88097,0.12359747
57408,0.41527343
137480,0.07304783
105782,0.07624577
105037,0.059871558
88768,0.15726213
133335,0.139997
149118,0.650924
133459,0.09179192
37212,0.22411978
20521,0.130074
146942,0.084016174
126052,0.10204313
27844,0.2620878
54119,0.19275643
109626,0.94449097
134319,0.15574928
19174,0.2418486
94203,0.05612487
109762,0.13053498
22296,0.055151075
141245,0.78539354
116770,0.15966494
96901,0.53033906
71661,0.04528617
131002,0.084561974
94430,0.059565578
1014,0.057716127
9117,0.13384452
45389,0.24682476
78882,0.0848655
101050,0.4548882
104713,0.5921354
131502,0.012751916
137352,0.3366312
141593,0.19837828
93484,0.40172812
113042,0.2687815
79816,0.24354145
86487,0.04484297
359,0.42100394
48233,0.08340199
44356,0.21230698
45466,0.032178745
125884,0.24669771
102095,0.06613184
795,0.10266979
102045,0.634933
144350,0.646029
74877,0.050265774
59256,0.11949663
15345,0.16279554
1836,0.71024793
20445,0.112435564
84602,0.17089343
8148,0.10798694
70976,0.8067729
63505,0.062818535
110265,0.0843626
112946,0.5984524
102102,0.063154645
64231,0.27759296
121936,0.44342998
70686,0.05520727
88938,0.4104524
9719,0.69958586
69781,0.12632059
72282,0.06769614
79810,0.42720503
46867,0.07274151
119211,0.09864661
90797,0.119021624
6084,0.108879305
48210,0.24496998
137946,0.62780535
52404,0.10945209
21969,0.63359237
15583,0.055351228
113820,0.082721435
59365,0.03132786
131546,0.31809086
58498,0.29323977
32186,0.0466815
24463,0.04046263
111422,0.27248868
101830,0.6810457
1075,0.30961463
84900,0.8316932
77592,0.04458536
12280,0.056153394
29298,0.52909184
80901,0.15843643
97914,0.08864734
136575,0.05462328
91450,0.68334013
130106,0.423099
61704,0.5619035
133258,0.108319044
101303,0.03773466
142538,0.3054581
23414,0.16761157
17759,0.11292753
70471,0.099780135
20591,0.10156767
2533,0.39323837
79933,0.20711929
146826,0.33204558
109655,0.5670254
105287,0.12697737
127970,0.22344528
50000,0.018724682
86417,0.44383028
115678,0.0815705
141373,0.5396368
6980,0.44639924
120297,0.30911937
17683,0.31582662
84237,0.011864168
22545,0.3339073
88079,0.91844344
62534,0.06068713
149230,0.5346913
80522,0.9273495
129887,0.75763696
47414,0.54472554
33871,0.7340853
143192,0.06008031
122355,0.18907909
29170,0.40522346
132842,0.8071281
39195,0.3351795
15613,0.7480441
71430,0.2590952
88541,0.08340533
83259,0.16115184
137713,0.066324085
21124,0.036339752
89657,0.50182146
139550,0.40437663
77753,0.043050893
40878,0.3400508
114276,0.11442804
137405,0.033132873
66938,0.08629559
31431,0.2587453
100576,0.3475667
68663,0.12908085
103787,0.23031959
2972,0.11475263
47100,0.071526654
24002,0.8168875
135958,0.3674008
25762,0.10861509
57665,0.43193012
29554,0.06676247
48508,0.096357964
135401,0.15545242
119133,0.08039011
134997,0.9435255
109584,0.10290514
73022,0.102940515
63056,0.09636868
142113,0.21019718
99061,0.33960623
64000,0.051805668
91114,0.13100614
4578,0.030769981
106025,0.20192789
114216,0.077552766
61244,0.14793369
101003,0.2934835
104902,0.06017679
103564,0.33536538
98213,0.36027622
114111,0.621979
76888,0.33056727
121792,0.27284244
56275,0.51426923
33726,0.6883063
44528,0.36988518
98603,0.07147249
75383,0.13163446
110001,0.43750572
42145,0.38227952
82453,0.33655336
44761,0.60766405
106158,0.91830766
5178,0.09898728
14214,0.7523554
60362,0.09819557
81705,0.03460779
116360,0.4521646
82569,0.111789204
97172,0.13292411
48868,0.13848819
47001,0.14137931
87413,0.5324332
38823,0.40885824
10043,0.3155188
21139,0.071774885
33460,0.21451971
23594,0.181957
5640,0.18112591
29912,0.31359252
11069,0.0424611
146971,0.053879257
83334,0.07223947
138616,0.17255704
59441,0.28591588
64411,0.6211773
33898,0.44267312
60659,0.2536967
104150,0.08584191
90924,0.2754811
87886,0.62443954
120016,0.06272701
30055,0.07893131
40949,0.115261085
60097,0.2253466
53210,0.06354964
21958,0.6287275
108394,0.53885835
115511,0.059335995
22352,0.70045865
95968,0.1030055
119104,0.31855226
88854,0.8653614
117802,0.1264013
8452,0.2952303
83576,0.67608696
1958,0.42610362
45142,0.13587144
131668,0.08950438
107310,0.32417342
81883,0.41342178
120223,0.073828116
2947,0.120777205
139621,0.1433484
45485,0.6947774
76024,0.39621833
10879,0.22618143
67248,0.7749877
71317,0.25234735
61176,0.9046237
26093,0.075241454
104847,0.42537045
10727,0.11611126
134305,0.32676426
11447,0.36705887
74389,0.527431
34689,0.33401072
134533,0.8657011
64066,0.4335467
70594,0.6808215
103901,0.078162745
103031,0.034350764
81090,0.11054061
59118,0.46067342
87642,0.8456902
116211,0.7461032
104263,0.017936788
79387,0.8304296
142049,0.039263535
26664,0.21570224
133615,0.18947326
77701,0.88868785
109859,0.9077316
22132,0.06612293
61856,0.13433382
48076,0.063330315
91975,0.05239179
78673,0.10449689
56980,0.9130596
47400,0.1509955
21635,0.11663786
107873,0.66440713
30725,0.26015303
47569,0.10167774
84087,0.47981355
109130,0.15999956
45934,0.1686127
77362,0.13701865
119577,0.099595726
134787,0.046651304
138857,0.748596
8149,0.1341554
53644,0.917736
118848,0.07856915
12902,0.24680391
51709,0.6289386
30872,0.14635845
56107,0.07006336
122414,0.16555363
144009,0.11170999
15622,0.038146045
30479,0.9223746
84172,0.18791255
127411,0.42077175
109573,0.040448062
33614,0.601878
9769,0.78851366
32638,0.07535208
132239,0.11843435
117414,0.076929644
19084,0.3040003
111938,0.7029515
133230,0.47201526
73248,0.0737055
50873,0.3172292
98924,0.077508025
1028,0.28716734
7700,0.09998204
77346,0.053755555
68005,0.054462343
83579,0.0669642
94358,0.50576925
119542,0.085583575
22748,0.4078946
46557,0.03435475
84774,0.18064654
125213,0.46788472
16755,0.4244988
44732,0.11585114
61563,0.14364503
105043,0.95398146
133458,0.07839481
8239,0.08252785
109758,0.20503859
31537,0.35890102
118764,0.26573357
38757,0.15053846
27920,0.259778
8708,0.04369349
103434,0.045312338
125051,0.13205579
89956,0.65579367
26268,0.16766505
31079,0.6075796
27832,0.5681973
62518,0.09341502
47151,0.050158206
18441,0.073659725
97720,0.35045624
21051,0.14152327
64291,0.20596515
9038,0.057496134
142480,0.091345824
2961,0.26393315
4253,0.40655166
69150,0.05109034
4750,0.84086096
50462,0.11054221
76640,0.6455344
80969,0.22094212
16378,0.0711779
139616,0.034410015
119923,0.12995319
102387,0.53679895
142353,0.10080314
90419,0.12780295
72696,0.3848384
61762,0.10486035
52185,0.11076557
87729,0.2333905
121611,0.32658964
79884,0.7924211
74520,0.17401113
128350,0.16365789
38471,0.022792704
28099,0.35933936
31327,0.019173214
93522,0.11548616
31514,0.075239435
128985,0.067910835
66129,0.08085836
120426,0.2889442
86895,0.037415195
35268,0.11576182
31549,0.2694591
91706,0.07121244
90642,0.2266911
117782,0.62449616
139743,0.35059652
65832,0.5452583
46704,0.10680602
34473,0.111530006
60594,0.1471913
43008,0.12011883
1121,0.067244664
82695,0.23141973
114195,0.080435015
139726,0.7747664
75288,0.16475959
60120,0.24739935
131153,0.08600042
32560,0.716509
11906,0.08534153
102759,0.087019384
102792,0.9441305
117223,0.23852642
66063,0.18144484
43895,0.038589142
44778,0.1186883
38301,0.24895573
30488,0.081446595
139178,0.03156254
58395,0.93148786
11616,0.11012191
65557,0.49775988
95772,0.5591951
60544,0.23940012
117171,0.053487252
9061,0.062960885
101397,0.07295571
103716,0.041108564
24544,0.5709902
109673,0.044818714
90878,0.1101297
126624,0.32935295
147733,0.05288925
58841,0.13004223
22549,0.32185405
38817,0.063938856
100579,0.88270235
35903,0.10845314
21762,0.0764094
116891,0.26235223
125472,0.018867198
18629,0.040112227
90670,0.1198206
68941,0.45669407
24001,0.15862256
81788,0.04752573
103467,0.08624143
72583,0.3997861
17833,0.22167628
49674,0.034297477
139649,0.06640311
31456,0.59618825
85321,0.042726837
37957,0.2806082
443,0.3901813
113475,0.08484545
52519,0.5504092
50670,0.4968503
6489,0.06376286
36808,0.05971674
92596,0.3035097
122152,0.13299052
109181,0.42212594
56165,0.041010708
12245,0.056013174
41633,0.042482536
52096,0.07661132
53945,0.48034552
49714,0.57960427
101604,0.1758384
28122,0.13881235
149943,0.0928006
100938,0.051690992
29026,0.39822945
131840,0.3673881
38118,0.13061291
58660,0.3698478
114484,0.06534773
69475,0.77859426
93378,0.47679126
106704,0.055040084
24721,0.17576264
143103,0.93233216
37176,0.061259784
98854,0.3170936
8788,0.06390057
107349,0.18600033
77158,0.059032332
42011,0.09747283
149867,0.06288939
143359,0.37090734
139468,0.78688633
103625,0.2134739
81248,0.1326521
88451,0.044314623
23346,0.40604466
65508,0.56565887
107021,0.44128606
87533,0.3470259
87600,0.4311728
105233,0.08706163
39360,0.069475204
106753,0.33038554
149768,0.10317167
29773,0.06276763
82316,0.26070768
83814,0.12319825
133690,0.080798484
26445,0.11647558
123935,0.11551061
77276,0.15273152
18376,0.1391551
96847,0.27679738
70175,0.05229405
122944,0.3888688
96918,0.29877758
115335,0.09250698
56347,0.13550103
15147,0.037851006
139512,0.07637919
7437,0.1776076
7588,0.18820453
87239,0.024129374
69955,0.3815233
22578,0.083278775
65509,0.09410989
141967,0.2811834
39207,0.14086905
17013,0.106086284
13199,0.068442196
94194,0.093602866
34026,0.3615682
3315,0.7130073
50694,0.6298445
35238,0.1435607
110115,0.22808672
44922,0.20686775
5592,0.6116982
75067,0.39597595
99464,0.09125845
28116,0.21370956
16777,0.05530658
52074,0.1073451
42071,0.4013763
105577,0.11478272
146646,0.060121965
30709,0.73334867
46028,0.2694943
55183,0.7358196
65657,0.23466034
142960,0.08119595
92974,0.08368252
115206,0.23741616
14658,0.12314347
39096,0.11394274
28750,0.0890992
32410,0.093915515
29326,0.9609479
86706,0.15804625
109932,0.22769044
95016,0.07702281
147154,0.082888536
42429,0.13864054
125655,0.099656686
49853,0.6464713
32471,0.76150364
125983,0.5010722
24392,0.495365
142701,0.04462248
100062,0.03297619
113654,0.072656095
48544,0.84088504
89818,0.17774504
42554,0.03623141
16210,0.03994932
69701,0.7810066
74046,0.08691072
56813,0.049408
47735,0.028398836
66757,0.64504075
53577,0.023793079
18719,0.4418575
89087,0.17848805
2811,0.11034566
56606,0.90561885
69750,0.32408896
103229,0.15806627
29433,0.20579635
49763,0.11426072
68007,0.12980302
55218,0.109465644
57676,0.18111081
75641,0.922733
82177,0.36573985
72312,0.09203766
78053,0.23660177
36182,0.19352992
130959,0.16000287
119741,0.09374298
54078,0.45356947
23844,0.14801213
6962,0.7985265
31109,0.125835
42280,0.11312588
147243,0.06981138
32231,0.08392954
76349,0.6847583
71636,0.102947205
68047,0.69322854
105144,0.8442817
62473,0.071893156
80819,0.08315109
106078,0.52883947
86099,0.09011417
6594,0.24933983
99865,0.13580027
9342,0.95498323
45325,0.3095526
72493,0.5850593
105525,0.105966784
80697,0.50931567
121422,0.15520847
128717,0.27838534
144475,0.8722874
111664,0.7414982
79794,0.20915183
4891,0.9086685
96542,0.05289546
148821,0.1561658
33441,0.10846612
9347,0.067656
42757,0.4811643
24244,0.06212828
50357,0.4837819
14249,0.08614076
134642,0.049542826
18722,0.21117198
47805,0.122023895
21794,0.12119432
32800,0.7743198
53392,0.40847653
118251,0.19213355
51207,0.30460212
42420,0.038540494
91920,0.07348867
115590,0.651432
63739,0.2528028
88680,0.12578978
27918,0.6836114
30958,0.3113607
41840,0.47152093
102071,0.07406837
6220,0.228533
62869,0.16956629
104661,0.056877803
9653,0.28881297
2709,0.040994857
14275,0.2132971
95756,0.33461756
40233,0.054080267
34962,0.6136125
137783,0.44149545
56639,0.27584928
98385,0.34281996
82708,0.15466857
50652,0.20765172
80021,0.6405626
60269,0.14308918
94620,0.054706037
118526,0.11146377
108404,0.14444764
41315,0.33907214
44825,0.16507411
69485,0.13694774
15433,0.08276908
98920,0.11902214
19459,0.028984655
138726,0.7845735
132213,0.07150936
117840,0.214228
100786,0.059076548
107024,0.144073
62822,0.6131063
28680,0.07172671
17556,0.1906369
131225,0.034516692
143051,0.121367514
10693,0.061337493
34529,0.1331504
69381,0.07935621
132501,0.29741368
4147,0.06734736
149337,0.94474316
65757,0.053137887
123103,0.053608842
136480,0.13927712
129320,0.24149442
141117,0.84596545
18897,0.10565704
37118,0.85262305
95394,0.067256354
75909,0.48653218
147686,0.39588585
65362,0.07419283
96120,0.43141323
34480,0.2085084
148480,0.10297136
48660,0.10618735
60187,0.8010192
28832,0.09070186
18120,0.059680153
117396,0.038847186
42170,0.36888477
29933,0.062170353
55771,0.5075354
102767,0.05436534
148536,0.031320408
96995,0.22394311
17532,0.13795392
88841,0.65790665
89398,0.90630937
17530,0.47326052
81776,0.04381481
119534,0.27671194
83359,0.83222896
69613,0.47674465
71150,0.060835034
69751,0.08255614
89722,0.3644621
71434,0.40610945
26340,0.46137318
125007,0.75712645
147256,0.07859297
32197,0.25455865
25837,0.16103399
71428,0.12535399
87096,0.67883927
148023,0.7778933
33472,0.12215347
28877,0.19331957
115466,0.5015021
12579,0.43112737
27052,0.24157448
100194,0.7349519
7967,0.30774042
14537,0.051160686
10724,0.06823199
64675,0.026985114
109892,0.11609697
77538,0.12022676
29180,0.26984245
80790,0.058439177
121555,0.31252304
52405,0.026473012
52191,0.5112019
68378,0.14197145
120340,0.20941117
75715,0.18305886
19709,0.24230696
62878,0.22583747
114818,0.2613161
76707,0.04758849
35244,0.9387965
81260,0.10723495
51091,0.5196948
136357,0.68673176
130882,0.28706494
79746,0.088119805
76177,0.56846136
83904,0.39327493
133184,0.059814952
5447,0.16936533
149573,0.09064642
62063,0.097312145
23429,0.4096808
10138,0.13622883
43477,0.045760058
68530,0.17297746
87086,0.041964184
25526,0.12360665
91379,0.10485292
139691,0.1051554
116475,0.25344676
124643,0.7477718
136017,0.16218019
12529,0.7161163
10605,0.39934
78915,0.5809643
37733,0.48469284
16228,0.13554664
63314,0.3562539
93486,0.24119301
93048,0.11072462
74,0.33007598
9849,0.15263061
37928,0.7022305
100783,0.18379006
9029,0.7596037
113110,0.045910355
19462,0.1407707
126716,0.03157929
8632,0.023324158
148105,0.4847465
59406,0.20854984
41963,0.9001714
86490,0.1026952
101825,0.082424186
119109,0.2422056
114743,0.8532615
91314,0.15559907
130625,0.3020244
93817,0.17677736
79944,0.20802867
29324,0.067033544
29049,0.030100908
16697,0.09775564
118747,0.9892931
27796,0.40857968
80674,0.4020319
86941,0.20965855
146033,0.7215451
69672,0.20368165
16136,0.32862562
114405,0.045037806
129144,0.08141947
129659,0.10943834
48312,0.10362762
134119,0.13809814
47297,0.20387048
87109,0.0783182
118760,0.16057996
95674,0.29467878
1428,0.21744178
67361,0.6716683
105291,0.3642904
42005,0.5180122
30839,0.7424995
70072,0.052452452
66697,0.05177036
57121,0.0931207
92355,0.052737087
21225,0.95070064
47482,0.17953455
104896,0.83763516
51624,0.9081947
70747,0.05368679
143827,0.08532718
6785,0.06467349
116201,0.0722183
44079,0.01906427
117662,0.7576514
90215,0.042631898
124982,0.5622273
138779,0.05587428
94717,0.06192638
61120,0.21456894
138044,0.17701761
45388,0.095270954
100139,0.10083019
122222,0.5262266
134460,0.3920778
65821,0.24962533
27581,0.34815073
20329,0.8666313
96820,0.4649694
145291,0.2653801
83068,0.074479945
34444,0.8588713
60319,0.5951703
37719,0.81990975
55233,0.072051845
93009,0.1287789
75925,0.23360726
79474,0.29950035
24210,0.46402156
82436,0.04820585
131380,0.0142087275
9948,0.0618093
141734,0.16293375
72020,0.03987205
97611,0.23606935
123258,0.6871282
36249,0.09442283
85421,0.86872053
92542,0.07984559
116575,0.11893398
62607,0.37347883
77567,0.09157356
61904,0.8554647
77848,0.10771788
104451,0.43167913
120114,0.49648437
136699,0.08660598
131275,0.66473675
146378,0.018831072
110937,0.086905986
47198,0.6720377
116578,0.08323296
113699,0.37909114
77527,0.8638529
149739,0.07945884
125125,0.14997348
8658,0.21505153
128607,0.117211476
81929,0.12641722
48411,0.06500921
79593,0.144357
135011,0.31895965
43174,0.27222165
120663,0.15608366
145089,0.16299917
104473,0.23376879
137017,0.21162525
9931,0.29336286
37548,0.5481092
16822,0.07191101
68461,0.11462573
27575,0.18450016
131922,0.21956524
61781,0.107932046
35347,0.09255003
77016,0.31192327
97763,0.10373726
87447,0.21597522
144011,0.15633757
23445,0.09981263
78317,0.055718806
30233,0.044339355
58690,0.5186154
141183,0.2514336
64931,0.93935454
141997,0.3316996
131342,0.06744806
127196,0.07138728
8322,0.19026199
106039,0.6068686
145998,0.14758553
108311,0.6389276
110802,0.69321406
36415,0.5116445
31942,0.36366057
119366,0.8651574
84009,0.13888553
75107,0.04649253
64869,0.19519496
134069,0.06331704
85196,0.08281941
14070,0.9090488
88996,0.101501785
7086,0.29772383
22280,0.43761107
103821,0.07317581
32214,0.5139027
3917,0.5470228
141972,0.9341096
1310,0.18446724
121509,0.16992699
45120,0.19514026
23604,0.076978214
45816,0.6460736
99344,0.050352175
50184,0.09365477
68449,0.12106398
118910,0.120743036
137150,0.46028867
80984,0.31795713
47056,0.06338825
88800,0.31346157
93320,0.27244604
7985,0.03586451
76733,0.8046709
98625,0.38670048
8769,0.14825605
22817,0.15380907
9455,0.8047252
121712,0.1057362
128258,0.056754116
35332,0.1315793
71551,0.049409118
127155,0.48752677
20170,0.5124878
70503,0.33067414
100032,0.22291678
71232,0.3194894
148438,0.37009007
38411,0.0509374
8928,0.12871262
69287,0.22767775
106946,0.05855984
89213,0.10033134
63979,0.22082867
131372,0.25924638
110661,0.035289492
91590,0.5337011
2069,0.086225346
36414,0.26480648
111043,0.12372616
138666,0.47936964
32730,0.18170328
66465,0.107503474
49308,0.24809125
124344,0.77232426
62908,0.6734525
33774,0.050423693
7706,0.073704176
75125,0.57605565
80412,0.12627263
4277,0.066165455
68784,0.27659205
71686,0.9304395
101470,0.11188423
72089,0.03258262
71,0.115365736
145189,0.07820277
124779,0.18922104
14380,0.15957078
56376,0.8176863
89368,0.5683121
20905,0.78820926
40193,0.37574735
148445,0.41044405
129157,0.035617456
93113,0.20419237
38369,0.11396535
16343,0.10676463
3222,0.16999525
145816,0.09938774
41102,0.068573266
149371,0.55210924
136053,0.040255837
120385,0.056553543
39511,0.12777017
88252,0.17542268
57969,0.2215066
111244,0.106218904
101913,0.27989796
53541,0.033534057
147639,0.8537066
73125,0.16955738
58026,0.90028
111079,0.2561083
46625,0.56109756
71013,0.3392068
64827,0.036361933
35747,0.04167159
118973,0.3323902
136254,0.24388179
8591,0.25681663
60095,0.22530146
41401,0.1079891
142839,0.0912003
74618,0.1303313
58885,0.042358857
74747,0.03139703
146140,0.047536626
123701,0.10525216
100005,0.26537204
44772,0.24493785
29638,0.09061056
39921,0.06084306
90017,0.6029069
16714,0.16652279
30368,0.26323578
28096,0.08082142
106495,0.03791698
33354,0.034365058
109672,0.055325914
79955,0.1472585
146182,0.054864176
74215,0.10148968
13540,0.38550198
57062,0.09917665
19464,0.32261086
34716,0.77268326
41651,0.3130971
41204,0.08045166
140251,0.118816875
143774,0.6568393
33759,0.72433037
24331,0.119198464
38268,0.120263785
139243,0.14833704
25408,0.021901544
111105,0.17900047
125338,0.042623367
71415,0.05150509
74297,0.06152783
42476,0.45641607
124831,0.1476262
137645,0.22265725
6146,0.23383725
111827,0.42984706
112867,0.078677565
71494,0.5973981
19588,0.81473833
56942,0.10768238
29405,0.25694835
102777,0.028962681
14484,0.14293964
28275,0.7858101
45044,0.45168602
60505,0.29998854
140282,0.4111787
128563,0.09757234
136556,0.18528901
138067,0.37788013
44068,0.5953065
96388,0.26325104
138700,0.40238902
107586,0.15960315
10154,0.9772769
105561,0.07378391
110442,0.093715504
64981,0.4562956
86650,0.45186988
112223,0.13295403
86154,0.8815274
57831,0.90950656
3853,0.5402823
57853,0.11305303
68853,0.15947151
36518,0.22505705
27798,0.12933137
129569,0.056095548
21360,0.32635435
30463,0.77790064
72357,0.72651935
106206,0.14696859
76560,0.46724337
38982,0.32931292
58430,0.07820398
123683,0.041711893
147951,0.05424638
102295,0.03619664
100128,0.25837684
102488,0.37158734
84893,0.12155402
29900,0.30464497
117109,0.21478996
148570,0.22612481
29842,0.05185358
15359,0.6522199
138450,0.17674267
130480,0.045007873
32432,0.64467514
77468,0.23993891
98392,0.20285583
106438,0.061597444
66546,0.15735438
2951,0.10166517
34476,0.11905087
70787,0.13938022
42832,0.38464934
139602,0.6677333
14516,0.74508023
46797,0.1618479
50991,0.6515873
121027,0.24635796
39190,0.23957093
31255,0.788316
98284,0.22814675
30000,0.07983482
30060,0.06836538
56837,0.24147333
3471,0.23636812
120732,0.39923114
59390,0.114666045
10048,0.6238785
141892,0.0409784
60356,0.34594104
142288,0.35064563
16323,0.21175347
130978,0.049784623
69043,0.22501805
115725,0.20154831
44121,0.59999657
76057,0.07747173
11109,0.7984601
4193,0.22853649
27424,0.25809187
100845,0.46853137
123821,0.07054383
123135,0.03050251
69352,0.1182317
123384,0.60626984
31651,0.31353065
97291,0.061822265
110365,0.10469238
3000,0.25127277
106298,0.86955565
90613,0.1123994
114387,0.1725666
62327,0.44454715
56317,0.07611425
107368,0.55698544
131951,0.56664926
129742,0.115753345
30036,0.24354224
19483,0.456406
113334,0.070213065
86179,0.051635493
35010,0.07106267
60093,0.095296785
19731,0.0885259
81407,0.12209882
25307,0.362415
31452,0.10365203
97510,0.18425632
12353,0.11267584
24869,0.05839273
34680,0.08655989
57606,0.15396066
17577,0.4678906
3634,0.25403282
11701,0.22605905
42799,0.1478358
89897,0.123161666
127579,0.042866766
11004,0.20946272
122268,0.079933904
118250,0.69204324
29237,0.07036451
13418,0.4824384
38974,0.045569338
144659,0.35446432
145216,0.5843336
32594,0.45393386
124008,0.078966595
123806,0.6564095
80320,0.033732288
75576,0.4154365
22641,0.85179764
64059,0.46693766
35109,0.06531221
50658,0.15428536
88935,0.8970297
84570,0.824768
85502,0.08329025
5958,0.051228214
87879,0.19642155
82428,0.32174328
71395,0.1738752
120009,0.117572024
132530,0.3432365
144285,0.15608166
18001,0.53968096
55537,0.28783605
54659,0.29622206
77391,0.14049432
41704,0.20185275
81935,0.12978262
99330,0.050375313
27421,0.047021434
12979,0.20538424
85202,0.05943226
34667,0.07062496
100423,0.0666735
142052,0.16875231
137228,0.55314225
21272,0.12582037
23077,0.89210665
138389,0.06832551
28159,0.37020388
71272,0.58858633
44880,0.39918092
52220,0.07698514
7763,0.09441857
13901,0.13298187
96195,0.12944545
37638,0.03806438
63413,0.074418485
118138,0.09021273
131826,0.43251368
106524,0.21689218
85419,0.037540913
24734,0.05009094
70507,0.52855706
92198,0.9437715
51569,0.039894573
121802,0.28460667
28985,0.43403646
104397,0.23499584
84652,0.11755176
36989,0.09323761
95839,0.03293851
56362,0.053120483
131140,0.172166
73569,0.29032943
24194,0.32912526
33073,0.17646702
135423,0.035244748
65033,0.1540677
48569,0.83937776
89271,0.082030565
135321,0.23708977
147658,0.25975123
7579,0.3651465
46285,0.046090454
107582,0.11519833
131232,0.06353742
81471,0.59861153
65462,0.032389052
134592,0.105619766
132150,0.14798671
124424,0.052262746
28561,0.84945023
87140,0.32912377
33504,0.09730379
37125,0.7579832
64834,0.10609476
60142,0.4136811
124793,0.61347824
6314,0.34699562
126156,0.06821212
57623,0.39989108
50781,0.27363363
115877,0.8986496
111581,0.19012496
143960,0.04544181
116695,0.16515703
88735,0.7273419
49823,0.116250314
91690,0.14066714
18995,0.09116134
9521,0.0732069
55535,0.9154715
117584,0.80307835
7994,0.081225745
114512,0.09201537
6429,0.7372743
4417,0.17999844
76986,0.28399166
95515,0.20798172
112035,0.4502898
111905,0.20015661
4574,0.23518458
147627,0.27503678
41545,0.3333417
122811,0.0975837
131080,0.3829745
94034,0.031654842
127249,0.3983252
121818,0.26651874
82241,0.6988253
23381,0.48683122
124458,0.22496562
88315,0.050587256
18136,0.09939408
96948,0.8264226
105125,0.17860985
20087,0.1053429
131501,0.05859492
91923,0.10300151
136465,0.047847997
146177,0.85757565
122752,0.8820312
88143,0.15152042
104785,0.20468634
18425,0.5098056
120298,0.062485974
149256,0.105813265
22675,0.8688358
63042,0.1747069
47268,0.1742866
145669,0.35773903
134797,0.5420715
100200,0.87309366
136366,0.12865576
86873,0.0793118
74990,0.5172544
148583,0.34497494
136189,0.94368505
87465,0.33497146
142753,0.97921664
114110,0.5853018
131924,0.036700025
71496,0.06954463
142953,0.1908709
64396,0.19731927
12719,0.03602828
119322,0.120664366
132531,0.057194047
57696,0.10066204
111030,0.58544165
111407,0.70646304
33845,0.05215639
7969,0.07228755
48685,0.050641917
17438,0.0876984
147858,0.13957252
98962,0.07219179
52859,0.09196497
7548,0.079746924
134247,0.059658777
49288,0.043695435
40736,0.8942523
84426,0.05014574
81511,0.105961904
749,0.14116149
35514,0.36206228
125954,0.28982055
9314,0.14387663
135293,0.100295834
7958,0.072709106
37103,0.10076791
105122,0.6966517
92301,0.17897515
127648,0.10006844
120160,0.08312031
88152,0.52166134
88071,0.26343188
124829,0.05792997
148629,0.28086516
13972,0.03387093
125879,0.3415397
63952,0.066280454
102736,0.3660726
135318,0.80042523
148890,0.543784
23707,0.36410725
87719,0.17880878
11651,0.1106499
69502,0.14066799
6770,0.44251883
7164,0.16203943
25885,0.21606731
12825,0.08325436
135867,0.33856356
42943,0.10790498
98974,0.41501537
96751,0.42529726
81960,0.039524984
40137,0.048945483
139358,0.13821355
105150,0.22356853
140910,0.58169645
121382,0.10665871
60596,0.579453
119562,0.83313924
92174,0.65510625
31151,0.17729129
65583,0.05015178
88606,0.22777423
97800,0.13814515
87310,0.48777357
1149,0.43702465
64308,0.08467398
63707,0.05219466
37974,0.30662954
17144,0.045559004
7422,0.30406958
144054,0.5642082
132605,0.07957971
106368,0.36873198
113031,0.3039813
125009,0.3208453
42708,0.36013404
124614,0.27225026
74787,0.10951037
43400,0.062499814
96272,0.021278193
3366,0.091818854
30455,0.7372771
21199,0.5778136
4306,0.6475861
72014,0.13023071
30113,0.17002437
144922,0.43049234
21986,0.0761573
58638,0.9021797
113797,0.020141141
59192,0.05981281
47989,0.04497062
86215,0.37607113
78170,0.060723707
130845,0.09437479
962,0.047203872
131558,0.10695552
97393,0.19397299
110968,0.3394242
116838,0.21054623
26281,0.444125
106515,0.23271555
91232,0.09625134
23338,0.05396308
81167,0.17755218
66378,0.08029067
92948,0.03437957
98578,0.22949016
26251,0.42399758
132983,0.6849797
131834,0.08254764
3866,0.45000887
102868,0.19121079
51030,0.09768665
69355,0.29763255
28598,0.025501572
132552,0.05136193
17871,0.105854236
106080,0.09003418
74658,0.20217395
109962,0.7487348
131549,0.12416228
36253,0.117032245
23458,0.11732073
58022,0.15905894
69142,0.94409066
124411,0.4402597
76259,0.120114
114004,0.12437335
93495,0.26769587
48415,0.9152092
73873,0.32119724
144330,0.22367851
77854,0.25907508
1710,0.027606921
112875,0.08843625
142682,0.1449938
87506,0.09425579
106506,0.062222097
45657,0.060807757
110672,0.09124074
75767,0.15148182
147297,0.095648
30669,0.13044327
108915,0.9093415
31222,0.14261487
73583,0.16608375
94125,0.10213568
14067,0.13902952
85308,0.2534554
39139,0.056363855
115080,0.4425004
137006,0.093600444
68026,0.3054861
77805,0.6244309
89470,0.6958312
138566,0.02214718
29485,0.01792473
70246,0.08569532
69223,0.18641031
64314,0.05159012
31864,0.09754161
76273,0.048495956
38235,0.20329514
26768,0.8800775
41426,0.078215055
74455,0.3652501
121201,0.47153062
23849,0.06064343
91143,0.14694335
88376,0.11611255
101845,0.42670208
19244,0.8579324
112732,0.06751061
135582,0.07108294
43576,0.2684728
24737,0.6752882
105198,0.119612835
116242,0.06832591
64510,0.045418743
149175,0.28139058
126054,0.096326955
71745,0.9123916
38147,0.11137198
73409,0.04640588
10038,0.19819395
104808,0.11828331
3679,0.04009378
65711,0.27174038
58418,0.05553104
101968,0.10003624
239,0.56539434
88723,0.057533342
124789,0.77676976
88511,0.8671374
125717,0.41558582
113807,0.19966127
109514,0.23533817
19984,0.09516187
61872,0.029023908
106544,0.06842282
90214,0.08598271
129400,0.052571088
29208,0.6571261
59067,0.055702414
88412,0.20207171
38799,0.030965395
128233,0.61740756
58004,0.34167725
26176,0.14941452
54100,0.080296084
145875,0.6648007
87601,0.10163406
10715,0.32247233
126745,0.024108464
114240,0.43015546
10017,0.1428204
21501,0.10180457
5929,0.27345988
134152,0.46066123
40732,0.3777767
96114,0.34895897
41902,0.07504486
115821,0.13892786
72314,0.08542294
146428,0.14456
132333,0.6770907
116222,0.045918692
93864,0.83715093
60290,0.23804088
9390,0.28282708
60293,0.9454905
95794,0.702564
61431,0.2147137
113358,0.5302508
51746,0.21903886
24976,0.03196133
13555,0.053274274
18760,0.011866661
48347,0.19962303
131508,0.19012056
84873,0.10086571
93030,0.03007663
35809,0.27218118
12049,0.14843555
61312,0.15882583
30069,0.09357991
467,0.1250214
51737,0.29699093
121715,0.3125441
21500,0.13527046
26988,0.3879191
132012,0.2505836
63141,0.44934028
104416,0.11993532
44214,0.06568009
91396,0.34959456
19157,0.31635633
93621,0.070726335
122874,0.05640517
147145,0.18152824
124361,0.2159373
28343,0.11908326
146818,0.76867193
125998,0.6575557
57967,0.093474016
79551,0.1721127
130065,0.20843714
51435,0.92306226
146318,0.0641129
40290,0.06917491
126584,0.06745486
5946,0.020798324
83573,0.09727063
91995,0.12030194
145598,0.4686382
122535,0.5733619
74635,0.18073569
137870,0.092581764
97851,0.33619854
106216,0.11034894
30010,0.29887998
12824,0.22849351
128766,0.21546364
16980,0.7074627
146340,0.06619792
37288,0.20280518
57434,0.49305055
129650,0.82024944
116713,0.19352011
1493,0.12043767
18133,0.86582285
100703,0.20294017
104429,0.78704095
27218,0.74580526
98740,0.060385946
76726,0.20344013
59856,0.035873726
48589,0.10811697
94647,0.056111846
9183,0.48312178
26206,0.1828471
23826,0.06723911
59330,0.3938168
114270,0.34966573
36787,0.07021047
110401,0.81212324
42759,0.045481145
87492,0.7713229
58528,0.32348824
130635,0.81394136
85424,0.22009203
43340,0.22334741
81209,0.32396218
59269,0.122827426
32069,0.21927477
9792,0.5789383
131746,0.18502288
54084,0.44069472
104839,0.6238142
4363,0.40745637
148370,0.92639506
111837,0.8762117
130834,0.05934577
68056,0.090368755
9683,0.15038484
46148,0.054440577
94473,0.22054116
104532,0.18659109
79099,0.06823557
101261,0.65531456
76582,0.39613014
7682,0.19581918
98296,0.38086265
93354,0.040659823
72328,0.23972185
128605,0.20533906
45360,0.088684656
143673,0.046084665
28753,0.15486182
72044,0.086379535
43191,0.11079851
67988,0.11721693
74566,0.49729896
82813,0.17227921
138936,0.07223287
73524,0.7020857
65380,0.4714038
46489,0.0969549
128945,0.09788529
76706,0.08092292
127105,0.114253215
37819,0.036457695
59430,0.06189143
41194,0.18039548
112229,0.54944944
55111,0.05335809
45723,0.741331
39754,0.05703352
84390,0.034072183
129506,0.92854065
96818,0.029922422
115010,0.10732223
116714,0.039737806
28649,0.30128935
124446,0.048158657
77872,0.038044848
13837,0.63063943
7689,0.13247344
7621,0.4191252
46321,0.054471906
34615,0.11218807
139534,0.40061244
109263,0.13383037
20816,0.6632022
29872,0.5446357
12810,0.2468484
2279,0.7708383
140023,0.7208866
17062,0.069603294
120306,0.06894652
60678,0.060881305
127872,0.089344576
43982,0.03729148
7667,0.057358097
39399,0.21112299
14906,0.93928343
84778,0.11002731
75971,0.08698346
142748,0.33035997
32007,0.6729168
87626,0.17186654
120396,0.5619529
28111,0.08568389
53797,0.81422573
89837,0.30177954
67398,0.17381907
40161,0.11770271
6388,0.170044
102825,0.06906013
93769,0.84479886
101475,0.22377183
24424,0.5151325
80268,0.053581733
100457,0.15243424
80862,0.1385388
17303,0.2721459
112661,0.021787085
139247,0.2137621
43246,0.18743534
66621,0.08261798
66865,0.08669202
48077,0.034503978
79173,0.043799512
18132,0.30207163
42684,0.036527373
55817,0.073256314
16264,0.09721321
126615,0.092970654
7495,0.607283
85217,0.5794298
39821,0.05192109
82532,0.13311547
99407,0.1085759
36059,0.044315863
113151,0.42646953
21462,0.02906763
50990,0.10944935
80256,0.39131883
59272,0.2776995
112292,0.058334626
98850,0.17998315
83278,0.056637913
13941,0.68487895
43796,0.075115554
10216,0.04211061
3239,0.53609604
75264,0.13009554
24495,0.08044005
136458,0.19661194
98338,0.6131358
126908,0.3312737
68492,0.3080495
74187,0.56855196
57182,0.09445225
72872,0.12645164
40352,0.114990644
118481,0.08539978
21711,0.018850435
101857,0.13637665
132931,0.6553957
124818,0.09267092
106710,0.1252116
120947,0.082762025
16081,0.57734096
133944,0.8552989
112656,0.13692765
102254,0.22244677
144518,0.7895274
106646,0.0824457
102310,0.3135503
98500,0.05539936
90737,0.223989
14965,0.08956571
114941,0.47395134
56543,0.0736063
6734,0.6966599
111600,0.51352704
34212,0.13210605
60183,0.051277198
5191,0.16621502
13942,0.06707044
60801,0.15250787
42862,0.9565017
72671,0.8756904
104224,0.055308532
66341,0.11773987
97024,0.815393
6073,0.06491528
66636,0.31409982
60018,0.17524463
59101,0.09895838
98901,0.112720534
136818,0.061598327
103147,0.06956562
100162,0.41693243
146184,0.06626918
48418,0.044894744
43548,0.104143925
19205,0.10122537
102404,0.24880578
98885,0.16954327
123812,0.88617146
27462,0.3933667
137439,0.10572685
139231,0.066529065
36115,0.21091577
30400,0.17590815
106853,0.49341747
98932,0.10280757
8326,0.021360189
13936,0.05691792
137916,0.31313643
10148,0.14358632
104257,0.2234657
109759,0.5856637
14354,0.0384704
138727,0.054637823
35782,0.044355415
126179,0.070876785
116255,0.27311012
4113,0.19248454
136657,0.034340445
25743,0.9471797
33262,0.053986292
142144,0.07802659
58433,0.310959
132385,0.9259851
24485,0.13425088
4979,0.6422825
93100,0.048658226
60078,0.062640496
60712,0.46293417
77890,0.059362408
59788,0.034996342
95364,0.56001985
101980,0.13279717
107798,0.28860623
21350,0.079470895
505,0.0841196
31713,0.057114035
51036,0.35562176
19777,0.19704016
34584,0.044304334
68631,0.38668483
560,0.10380806
25758,0.60910064
53720,0.9760528
135787,0.04675258
130971,0.11554428
80542,0.068049975
40313,0.17595768
108930,0.13395907
106051,0.15440215
27391,0.20595168
74694,0.041077655
88561,0.069244
30615,0.5579178
120542,0.17620702
66806,0.046825323
107534,0.32533988
112257,0.75858873
78409,0.09769375
5755,0.6209199
22118,0.27462834
51872,0.11705488
35611,0.19543476
35300,0.046611164
48602,0.06564452
127613,0.5720483
100233,0.053437218
89768,0.43020162
5054,0.11566678
63608,0.18682401
15424,0.5835722
47229,0.122221544
118170,0.16908118
125280,0.2405584
63015,0.04750249
107442,0.75701296
89943,0.035791717
69956,0.32888067
91068,0.13273111
83108,0.10699727
90997,0.10927467
15775,0.7599685
55770,0.841062
66582,0.115288764
120268,0.13280196
124497,0.0819797
95703,0.09067046
82446,0.066341996
52120,0.33146507
122240,0.18313788
79952,0.37345842
17211,0.035586007
59315,0.022343073
68613,0.2600748
141277,0.25587654
94533,0.13493206
14053,0.18887678
119477,0.17346899
29392,0.075655535
34033,0.96756315
122074,0.44363856
99774,0.40157324
22208,0.40092388
9281,0.037438
44633,0.913948
83994,0.20871721
114306,0.31440815
13084,0.13109477
54349,0.34796432
19421,0.5151375
118596,0.07214278
12356,0.09251317
98889,0.13406591
49318,0.16346458
2965,0.33433998
85782,0.09202268
46439,0.03858323
122880,0.9476147
145686,0.09689271
82070,0.15107487
29213,0.45319948
51097,0.21324424
43342,0.13889313
121779,0.061368596
29036,0.07249873
139622,0.34248978
58785,0.071079604
89391,0.0878644
143672,0.08763869
137600,0.086743265
836,0.12764286
55927,0.089823216
30327,0.11470056
51015,0.15020409
147263,0.07955832
41859,0.08005574
40446,0.34210068
81688,0.06455743
133932,0.047539085
106273,0.51324636
29244,0.10210091
45823,0.10832199
102696,0.22401908
132111,0.5670254
82328,0.5163427
142379,0.47299483
118190,0.88217175
60699,0.29374945
134236,0.13639423
96673,0.17972031
103404,0.15372121
52201,0.043852933
58009,0.09100588
13483,0.3693763
79779,0.12936644
57907,0.14674738
142196,0.13553898
11309,0.89416087
46105,0.1948392
104792,0.05461961
50555,0.07736983
52225,0.09710308
111919,0.28357288
140618,0.67559433
92245,0.814242
56197,0.47513247
82857,0.065842226
86187,0.6691052
105800,0.062110122
85486,0.29705337
70900,0.388079
1630,0.62740976
102177,0.106950775
61912,0.08815029
6710,0.043514643
108430,0.216552
52605,0.0721276
65204,0.27568045
33880,0.13886163
111974,0.09837444
104799,0.057750005
137296,0.041005075
100683,0.13015017
124957,0.07715459
90841,0.04720754
95913,0.40710047
50648,0.33601964
91226,0.53005445
15871,0.26976657
78750,0.047967076
69098,0.10098009
82974,0.15349847
62007,0.39239365
67315,0.045363244
145744,0.40179253
79617,0.1206401
134243,0.08347467
37084,0.103559546
81889,0.06572496
85097,0.24714647
129794,0.41868174
136271,0.13347639
121077,0.6029109
86042,0.020320334
53600,0.33646166
123233,0.42915922
95179,0.11697007
68284,0.57707566
118922,0.39465654
58805,0.040782444
115657,0.09524069
94558,0.34328857
120193,0.47308448
125302,0.47898117
39609,0.076310106
69207,0.5797399
118932,0.24482022
32012,0.095664605
72881,0.41478753
60490,0.0357023
47346,0.09161987
127324,0.386553
84653,0.07316861
133313,0.56480795
35597,0.20199966
146259,0.5009626
71005,0.09771862
25448,0.39757413
142746,0.5618402
83091,0.11678265
78759,0.39109743
72797,0.049917035
112521,0.08617739
108176,0.9067454
23764,0.3181588
143298,0.069256425
87353,0.02810107
14789,0.8756904
13110,0.10224366
105713,0.18389219
29892,0.045977052
140692,0.40204713
110260,0.2951459
33632,0.15443794
53761,0.04187361
49459,0.66173077
106240,0.061454717
147009,0.28460547
91993,0.11397017
9884,0.07361763
145323,0.2671524
46438,0.39209408
41068,0.1374423
136148,0.061225053
65299,0.11545779
91002,0.11141267
131824,0.07591849
4395,0.375769
35042,0.8337477
79936,0.28300238
144736,0.08585909
40155,0.40060535
68620,0.61028475
28805,0.1330508
34405,0.73063266
145518,0.07754001
66706,0.63587445
44607,0.8656388
115461,0.5475329
113499,0.40596068
47535,0.76338935
67040,0.5037205
148487,0.37667283
56260,0.78978014
6072,0.89854074
57118,0.04599912
85859,0.2070726
147581,0.22384883
13610,0.16665152
16071,0.3625777
24007,0.0973531
26701,0.14936626
134835,0.08931507
9609,0.8970085
149143,0.5714859
105092,0.111814246
127874,0.07518113
86140,0.06274778
99427,0.34600016
74300,0.09915492
41793,0.3496199
56068,0.75408924
56429,0.10277208
8055,0.041554965
29021,0.045832533
13332,0.10610514
28635,0.70160365
6348,0.4209158
62413,0.50948894
9650,0.78806394
145980,0.40786904
1441,0.94398284
57195,0.07338195
117876,0.116953045
138607,0.09129062
7074,0.5604248
118723,0.014740692
82684,0.15164807
88173,0.46001574
19231,0.5328944
28518,0.15606038
46846,0.07204883
120156,0.77501607
96639,0.17272241
7572,0.60291076
92972,0.31785378
66306,0.076631404
24385,0.03891519
72875,0.13256748
29666,0.7005462
97635,0.07769234
51648,0.17308109
40198,0.054636873
24612,0.2948381
61045,0.064231075
135923,0.15577787
9909,0.11530253
112549,0.8416222
89516,0.8185236
149103,0.35315815
100094,0.14989403
12927,0.5727361
65614,0.35086328
132343,0.5023141
98243,0.64398414
134419,0.80144036
42305,0.1345282
103986,0.1885117
38621,0.08288903
73152,0.06474769
101940,0.12402748
25601,0.017745955
22467,0.44211492
48401,0.9261398
15946,0.18485172
3795,0.0860524
43361,0.19953649
94551,0.32916093
57076,0.09822425
96416,0.3561707
139610,0.102656804
10278,0.86166495
37976,0.99316204
67892,0.5777702
30336,0.22953309
56828,0.06556413
143990,0.2692907
140998,0.70933664
22702,0.20745021
63145,0.6361027
124246,0.01746881
101697,0.12125954
122476,0.6222869
19120,0.15241249
111964,0.106576055
19158,0.37518504
100705,0.11054877
53235,0.08449266
38307,0.06210139
79907,0.10733665
52030,0.07795716
23007,0.6691582
49345,0.31990597
36567,0.24102397
142889,0.054190323
40756,0.10451085
119304,0.5268797
97083,0.09582445
16988,0.06894405
6166,0.113907404
75772,0.3227285
7235,0.29724795
7687,0.08509247
62437,0.19574457
148972,0.8260624
90088,0.26194367
36134,0.16481878
116869,0.6567724
91265,0.14881699
109144,0.72212654
64782,0.030268747
39514,0.06081683
132924,0.56713504
147916,0.8050496
30818,0.08838898
128061,0.03759716
85355,0.6066647
145413,0.49792758
83940,0.27105734
58185,0.10093791
143739,0.12591848
16273,0.08648477
10924,0.16051796
110867,0.474655
72938,0.060165107
55876,0.24018233
26698,0.06938809
22580,0.10306758
12111,0.3597536
71687,0.023981588
15720,0.09759752
36843,0.88644403
64384,0.6075963
101162,0.040472522
3936,0.11646194
108203,0.05799029
92058,0.54189277
138823,0.11183009
124004,0.053368583
72440,0.09008621
51772,0.12442587
22972,0.45696968
126447,0.15484573
97017,0.078968845
90415,0.448461
111838,0.12446736
122904,0.039146174
102794,0.83817124
108474,0.3445104
143883,0.27865693
76491,0.03656699
91255,0.35798195
147459,0.11228735
137506,0.47361428
99199,0.39160228
44023,0.09558767
80466,0.11918074
147348,0.12804998
111835,0.21161786
36688,0.15870337
23102,0.058705162
117940,0.13630208
8339,0.18323845
12929,0.82578874
29473,0.70712334
52856,0.101110615
51135,0.114227496
66241,0.09621938
20910,0.4456322
16239,0.052482784
1317,0.1133272
123243,0.23407397
50109,0.12520842
24837,0.111543946
44428,0.17463487
83701,0.24809417
60960,0.16914745
80025,0.030407334
6629,0.5391018
83525,0.081214
114638,0.31747586
130586,0.18503872
141177,0.3592153
113865,0.09666785
103601,0.45863518
100554,0.9061628
131962,0.25745398
130007,0.09378661
24822,0.80974686
131309,0.22126053
118857,0.19193792
10206,0.11417719
92351,0.055712737
89620,0.11161404
128253,0.040944446
143516,0.34828115
90443,0.08618769
139976,0.6063282
26110,0.60084647
54720,0.13361695
11279,0.21899351
25454,0.710551
31508,0.11137606
123746,0.08561575
69177,0.036022205
123392,0.08843658
106937,0.2544281
17132,0.088445015
13764,0.2555617
12823,0.34128588
54292,0.46029052
107776,0.06715353
77600,0.24093996
64211,0.29894003
31101,0.08989758
140061,0.21558836
10863,0.044751
94400,0.04284273
85074,0.101552196
149632,0.064475514
5399,0.71096057
71851,0.050124407
11202,0.12871854
134582,0.17709199
36919,0.4100878
116144,0.07923758
143489,0.88445127
7166,0.18132235
9236,0.89887184
36924,0.79920083
42135,0.04187872
39665,0.027289538
19540,0.036081888
3418,0.10479442
8252,0.6331212
15539,0.061105926
132845,0.15157408
99384,0.50226015
72694,0.7100608
133742,0.057152003
149718,0.5016329
114635,0.6795656
60983,0.3672658
79131,0.83293843
1866,0.29921007
56363,0.05336633
74343,0.27790323
97101,0.9755186
108321,0.5011392
61937,0.22997692
71286,0.049685273
99331,0.2119737
149557,0.060808834
57970,0.33835435
137531,0.22959365
86273,0.145269
80060,0.16235971
138357,0.07557568
15,0.02036862
1395,0.09098924
78777,0.16609004
71435,0.28108892
118693,0.057966027
2356,0.587619
100491,0.15708071
37513,0.16324344
58023,0.039318595
2545,0.19277954
76210,0.07672102
6013,0.866109
69921,0.08464481
77754,0.08133433
144614,0.06537461
51432,0.06869506
35910,0.17855039
86701,0.4743729
105112,0.5983772
15241,0.07247164
103656,0.3890153
41124,0.08044614
14201,0.06819302
22183,0.23259872
147323,0.15425028
25017,0.061913136
45417,0.07729444
88383,0.48979446
27278,0.05793157
114105,0.08545111
139809,0.037644673
9538,0.31169555
76476,0.33955616
44173,0.12001411
100340,0.015052876
48759,0.3738012
132617,0.06676401
122444,0.52400255
72224,0.18040435
68665,0.071915254
71525,0.18135493
12344,0.12706463
104315,0.46548328
56865,0.41610926
107679,0.048345417
148313,0.08031769
77041,0.04842706
108645,0.07801452
7613,0.13252959
133809,0.02408836
90404,0.75931436
4768,0.38801515
47341,0.17029405
17450,0.18242148
131753,0.0404349
56992,0.14009693
124727,0.25246722
76085,0.096175015
57834,0.21200326
115084,0.082243256
97508,0.93575245
127158,0.060026966
84861,0.31270903
48949,0.66532815
92843,0.5688685
87680,0.7656528
118847,0.14941016
51391,0.06628428
80704,0.86886334
143348,0.70517427
121047,0.22193226
13539,0.11359442
32480,0.39845553
138032,0.271655
115437,0.1773597
100363,0.23639268
83344,0.31834674
141329,0.13586417
113612,0.38222674
113621,0.07009753
97208,0.8226289
49899,0.32821223
55141,0.12265059
113600,0.44442868
116957,0.07178557
87412,0.3054336
18747,0.36004362
76016,0.060548525
19912,0.21081203
124266,0.0711747
83027,0.10777896
6368,0.13635166
107221,0.7555882
99618,0.87666297
93731,0.93911415
95139,0.2503107
105139,0.24365956
72110,0.33042663
98290,0.847669
96050,0.935107
132545,0.37851387
133528,0.836296
128980,0.67836535
48494,0.39663148
129421,0.05630821
79552,0.39566588
114013,0.7974927
49419,0.067526706
94202,0.8744535
127047,0.13576789
110258,0.10311453
43702,0.5714083
91451,0.29382378
526,0.08194997
114391,0.7662779
39409,0.23703945
90105,0.8726874
115788,0.03178893
101937,0.26783693
13765,0.21761176
78627,0.22031555
11073,0.119589165
17887,0.1637872
97349,0.13587366
99771,0.6715189
119209,0.045200415
112543,0.04875689
94299,0.55064285
88497,0.045571756
37568,0.08113324
84352,0.40389308
139502,0.30419707
79832,0.0465344
142203,0.079375505
1387,0.2942968
149959,0.10401333
110080,0.04101247
139577,0.055130742
61786,0.1840777
84561,0.61912584
80653,0.5479329
70684,0.1697268
105343,0.39844018
19810,0.30355975
76243,0.12238565
23928,0.40362594
35426,0.1133946
102755,0.30914935
74361,0.39883268
4176,0.5183179
17375,0.30956945
133657,0.10223974
42357,0.06522505
146892,0.034015857
69088,0.39067584
138804,0.9008297
74954,0.118194625
111941,0.1606063
51307,0.08565452
2975,0.117109165
41869,0.13735484
142421,0.06796023
45698,0.29534096
125583,0.0940381
15447,0.9252835
73334,0.27612665
106479,0.057533007
84397,0.13991429
128156,0.093086444
106897,0.14641312
51723,0.2509311
142707,0.0999511
62479,0.11407017
20101,0.47072703
110772,0.14659911
68424,0.79743296
132463,0.81671095
3519,0.266927
13916,0.1660029
53146,0.40231875
13543,0.15160201
109477,0.3549176
128246,0.6075516
111799,0.0818937
19516,0.2808907
42893,0.14664367
40085,0.76700765
10676,0.25014612
27064,0.3128669
43852,0.18362139
138901,0.56560713
64062,0.10539077
43850,0.18851858
97325,0.05245192
146226,0.10991516
100553,0.75498444
135277,0.084187865
96257,0.6498945
42967,0.15915255
113832,0.07982137
68343,0.5321732
14849,0.6963531
31226,0.08690383
121531,0.18811557
95627,0.23144665
83583,0.5092578
54777,0.15314515
43598,0.053361364
48525,0.11443773
54888,0.07409805
9652,0.16957569
117471,0.07378089
5799,0.08244206
104352,0.18478818
141261,0.12409106
35090,0.43072075
105279,0.84091586
50724,0.10808082
14114,0.023942085
103908,0.5518773
83447,0.029522317
114494,0.2651726
44533,0.05232886
78911,0.15157872
77475,0.61212397
69204,0.09536419
76068,0.07698792
44613,0.10391552
79306,0.05200208
102757,0.042833757
94191,0.33593595
97187,0.38604882
128710,0.27964425
27443,0.29096314
85159,0.47691128
33970,0.08292666
53455,0.054892633
64513,0.5730603
84745,0.21620739
39594,0.07313026
97516,0.51422083
14235,0.043351162
14795,0.39530838
16412,0.10641131
97353,0.7194861
2497,0.8318856
15053,0.06325743
119302,0.36702478
26262,0.20903334
51126,0.16082595
123215,0.23918884
30672,0.2839479
100375,0.28488916
119516,0.53340846
36310,0.07023287
33217,0.09757196
140962,0.034326747
147151,0.27929914
49957,0.048162993
25770,0.3106751
123046,0.053395484
149585,0.3122712
21572,0.14023861
93939,0.09565101
87569,0.034199875
73465,0.48730174
86542,0.149373
115882,0.49545395
28588,0.15173009
106800,0.027748313
15296,0.034654073
83062,0.3518335
247,0.2794134
48951,0.06284861
112988,0.35665262
109720,0.46433705
143747,0.10393655
98134,0.045533188
78626,0.13020535
70410,0.3536551
23622,0.122909
102866,0.6213341
86863,0.28257823
115008,0.89824736
122185,0.06782197
147192,0.0363404
55349,0.3945405
10454,0.9744013
26327,0.041608498
6180,0.4202101
74539,0.24401389
101793,0.043765247
128367,0.530591
96245,0.028697293
88714,0.11910161
59325,0.3459943
17427,0.11891885
61345,0.2617784
90060,0.21121678
26232,0.0797894
39715,0.28913528
99139,0.5561278
128755,0.112023786
88881,0.277393
103186,0.7681245
125758,0.45772514
71819,0.11181013
149699,0.06563953
135516,0.15481946
16713,0.031977974
62037,0.89717215
14004,0.5058674
141664,0.4349163
129950,0.28037715
131732,0.04050416
59161,0.055902664
76038,0.099552214
33211,0.16789438
118516,0.97101474
64146,0.07308168
55085,0.055103276
36996,0.4361373
51051,0.28224075
23474,0.02921972
106874,0.24403422
25038,0.11784433
86144,0.41400585
46159,0.081544735
96084,0.09365308
58477,0.8411542
75716,0.1986065
127450,0.5215298
27329,0.03411728
60059,0.14372963
80110,0.104103245
116212,0.45904416
43689,0.13507621
141885,0.13249914
95692,0.12811057
97298,0.2650402
58512,0.18503948
4245,0.6213968
120029,0.6128268
115094,0.38410833
146768,0.7054697
82338,0.8893514
115721,0.029706422
99083,0.095807165
38446,0.23519397
126343,0.44205925
34389,0.17316522
83106,0.7286257
47494,0.7004873
31448,0.72781324
26213,0.03035034
17583,0.09243591
69792,0.031040613
127588,0.6277188
6724,0.5414055
2579,0.06429163
102886,0.10768359
101838,0.6827021
15736,0.32527223
80127,0.26591986
135986,0.16579264
6963,0.049991336
63726,0.18780865
72960,0.574226
42506,0.45054406
116791,0.33337867
85749,0.06734434
60017,0.7331537
30597,0.19843215
67514,0.04931025
9094,0.16263856
102323,0.038249794
97801,0.1235738
134807,0.37983122
80692,0.11944379
98216,0.0978062
92582,0.12604891
32378,0.027726384
59492,0.7907447
142382,0.35722187
148436,0.3174986
35781,0.58590376
138359,0.086288266
24431,0.11974941
134630,0.049229633
109522,0.109826505
114793,0.1747881
135754,0.57138586
10970,0.3029174
69087,0.07336582
116448,0.06258366
54963,0.15662435
117720,0.14439143
40370,0.111750245
42041,0.18569149
149095,0.5990673
37882,0.18129797
113225,0.0915796
14233,0.9215883
100665,0.63400114
143145,0.04505918
29350,0.063039266
4713,0.1364926
9080,0.10705909
53595,0.40184826
28604,0.77831984
5419,0.06193069
14641,0.14522298
6164,0.05303455
99374,0.06884354
144217,0.16734457
63530,0.052412216
149832,0.07897124
21237,0.48222902
83421,0.19623633
45067,0.099899724
109141,0.22101235
97168,0.238285
87040,0.041259747
71484,0.21743678
33754,0.22203663
88102,0.5705961
127438,0.2959207
129782,0.16666006
116915,0.1382829
49727,0.8379158
114766,0.050491326
68781,0.0858439
63873,0.45661354
98986,0.14856936
27578,0.31823727
71277,0.22160226
138772,0.026595607
41779,0.42273092
1301,0.36061814
132187,0.21890387
49529,0.05186108
114272,0.10473863
11124,0.083046205
136314,0.062272746
49218,0.86966014
59034,0.07549784
18066,0.058476705
74443,0.04957544
45432,0.07269776
51745,0.42605507
121017,0.9293908
107531,0.042018227
144167,0.17111978
30647,0.28636
59960,0.09033799
30263,0.24006201
113471,0.36634228
18155,0.63420105
136127,0.047274813
109956,0.12941395
85523,0.09376121
26196,0.11400657
105622,0.09393731
23806,0.28852242
74130,0.05055207
22653,0.10829805
143199,0.031430654
46691,0.8209249
105808,0.15690127
4719,0.051903445
29562,0.1458931
143961,0.11836646
85489,0.40264377
60720,0.05062876
148970,0.060493965
111931,0.4385357
23164,0.20089145
123465,0.15748069
85747,0.13891564
144349,0.071931206
103164,0.17003727
121243,0.06216578
102101,0.859946
61623,0.24752522
38160,0.08522407
93132,0.57914567
60262,0.20195064
40398,0.05939951
75792,0.49399686
9154,0.054686192
96860,0.27549082
115041,0.23710187
29572,0.06394306
147853,0.101325065
47636,0.21896383
46594,0.44289863
45792,0.87892425
20367,0.33424
111763,0.039068375
1720,0.110189505
2960,0.016193775
55162,0.82145864
8961,0.5440287
131604,0.10582577
56517,0.54994595
6924,0.01099812
47348,0.47032914
120614,0.088354215
57976,0.3156295
53279,0.13089906
46233,0.09632282
47513,0.09778781
82488,0.0997686
53622,0.13005178
130498,0.06128713
130838,0.8943652
37755,0.0645377
5080,0.09699369
114120,0.123716675
112094,0.27504715
32011,0.20229916
13125,0.04346641
5184,0.093880214
2281,0.8291139
16057,0.57369244
65754,0.07156076
14149,0.15426445
24692,0.19468348
129117,0.054472964
120699,0.45403317
138190,0.12117665
106029,0.17475572
106924,0.059829015
39847,0.10952192
484,0.051436797
134549,0.19750562
74523,0.2304123
29421,0.5868245
107337,0.12863602
9879,0.10657644
64187,0.11760531
102263,0.063970014
140621,0.95604
40763,0.16758959
126496,0.29298872
74445,0.6227635
136825,0.09475087
69341,0.23640147
84647,0.08494887
92095,0.60532594
52551,0.13413568
69935,0.12371892
87358,0.3139061
120825,0.09362632
119728,0.09252376
54484,0.0403374
119720,0.091477945
81161,0.05387396
98701,0.05350588
69709,0.20008121
61148,0.13944611
77196,0.08977112
13035,0.29236558
64818,0.2235519
70541,0.2202011
58120,0.8011182
8851,0.05110005
125072,0.3603685
139452,0.029421067
1326,0.41334453
84435,0.2862951
81618,0.16279088
96044,0.088086724
93435,0.57736474
3893,0.45031962
8123,0.8174256
79468,0.3104796
47097,0.05487125
101982,0.0956434
15397,0.21411186
68499,0.079839885
49196,0.54076153
87122,0.2937778
138493,0.17437384
21249,0.083066866
15765,0.13240682
126119,0.35756177
109214,0.023047611
38213,0.52476066
120512,0.12342301
119299,0.1561835
94833,0.065915056
16049,0.2300137
73482,0.1151331
18834,0.034319367
93157,0.2566997
9559,0.08657434
67321,0.7437709
44850,0.09678196
108643,0.19923057
122121,0.4963825
110974,0.83638185
5492,0.4355105
75796,0.29198548
106096,0.04204489
38505,0.88858676
148862,0.47188005
75006,0.028939819
50844,0.15015985
12020,0.051964015
122345,0.19929996
39945,0.1837176
31782,0.64985955
72091,0.70545536
63825,0.34423983
132357,0.14044763
9049,0.1920435
39937,0.33765215
107134,0.5790918
91283,0.051867515
79738,0.5089995
138414,0.27567703
125697,0.037239198
24119,0.041039076
40488,0.18012233
92983,0.22111893
61464,0.34636766
122996,0.14417197
94858,0.17211536
124679,0.06869809
139152,0.08583475
22813,0.09062854
80147,0.078820914
79193,0.8199063
14543,0.06290514
118930,0.099780954
85966,0.14993158
143872,0.07834908
100557,0.8948532
80972,0.8434885
98859,0.6103776
66457,0.15108427
82973,0.28360203
111055,0.05228098
20165,0.11607263
84715,0.259828
35643,0.10434454
55957,0.4712464
33963,0.2103235
95838,0.30215713
43297,0.098373376
10538,0.83393806
62348,0.51984686
117433,0.58697414
46875,0.13443743
143095,0.13223207
120712,0.9037679
4138,0.114268355
34845,0.05025653
53166,0.07934652
66729,0.16398653
3524,0.6417531
56744,0.02039769
37673,0.18281981
69815,0.10821191
34039,0.17900304
131646,0.13215382
23952,0.17078048
82013,0.1395447
92764,0.21148615
85779,0.0809669
80375,0.38406244
10387,0.11726897
67162,0.14676504
59003,0.3054226
37241,0.5538653
101139,0.90067977
104737,0.08008077
85804,0.6610803
66629,0.11892063
43645,0.028960066
32829,0.052374158
86702,0.764738
68158,0.072370194
113035,0.15416591
13031,0.8953408
90532,0.1064168
30939,0.7836721
69216,0.87863374
141219,0.05306435
5467,0.0848538
67379,0.055389374
63719,0.27904564
147252,0.1987691
139051,0.46950513
118078,0.13756609
95862,0.15355791
59151,0.4506664
1830,0.24812077
93603,0.15784131
52558,0.052369863
81312,0.8912393
140796,0.12460417
99372,0.054538157
88469,0.52707064
37442,0.46915144
1458,0.2810948
39865,0.836866
18032,0.4445575
2245,0.07166275
96260,0.050982207
5912,0.20954385
138651,0.105187036
70651,0.17523263
137869,0.3991597
116006,0.03614099
108537,0.026368741
72396,0.13939418
84430,0.10306392
2097,0.32859266
72859,0.14625114
69244,0.0750602
18157,0.10961878
47750,0.15030758
133121,0.82963157
94291,0.19134618
9223,0.060917467
65542,0.25346825
44290,0.5051209
36089,0.86382365
87956,0.41018033
134105,0.18088044
27985,0.032782536
127700,0.044413213
67003,0.37921157
6426,0.2655383
105370,0.059912622
97402,0.26950756
94755,0.6974461
104095,0.8244124
81732,0.05091385
146435,0.054604433
76967,0.117607854
136042,0.3928442
11999,0.5448492
82789,0.2352056
96252,0.067616254
10712,0.33485606
813,0.12338499
85876,0.18550621
80725,0.35915235
106262,0.1110806
44975,0.45887372
91940,0.19547054
139843,0.043126058
11460,0.0459545
4102,0.045531817
101333,0.7895132
109471,0.6467604
66312,0.20695087
96877,0.090784654
93472,0.06676921
25486,0.21675582
38478,0.07589016
10076,0.052977767
79260,0.37349954
36979,0.12652762
74408,0.34521815
114975,0.045457967
61351,0.75865006
119683,0.11510503
128486,0.716776
134124,0.040214203
87254,0.66113126
89428,0.25916758
93983,0.017942576
55824,0.060723137
93049,0.326446
2827,0.048677612
23613,0.18696995
10785,0.11492268
33238,0.48097435
39069,0.91773134
94092,0.06237021
21131,0.77275145
76392,0.51378596
84110,0.5662437
49863,0.52550906
23870,0.20686556
115215,0.30199322
7395,0.049336944
116567,0.12889814
54301,0.06379036
147667,0.26362756
6760,0.07581066
1731,0.9440437
11785,0.231635
106649,0.21067652
94085,0.1275537
25447,0.06702869
117161,0.122689456
129210,0.11736306
148249,0.031115916
31180,0.053124964
106738,0.19958793
148634,0.85953605
36358,0.58415675
17506,0.21446657
25484,0.074201755
91155,0.13504544
96068,0.07560773
135473,0.1336494
137008,0.27575007
9101,0.041333746
112950,0.18268111
22003,0.10768559
1054,0.0700757
116390,0.030119767
141424,0.09878662
54993,0.21895963
8556,0.051577058
140946,0.0580262
135972,0.03956983
37992,0.025072735
71961,0.3006783
3922,0.32616994
81713,0.7722635
78728,0.29282916
60336,0.028320879
103153,0.025790684
62876,0.11690926
74853,0.17969993
141844,0.8053732
49125,0.11437814
47103,0.052676685
113050,0.4749478
122728,0.29659158
109224,0.073188975
83371,0.4034763
116846,0.18905728
73359,0.076296255
117611,0.07122894
36450,0.03566383
15445,0.32364202
84884,0.12667067
61205,0.3954371
60210,0.042068645
46269,0.054497674
118101,0.32294056
39983,0.080228485
82724,0.047867842
11407,0.1240233
80973,0.15249845
63474,0.11330178
122311,0.6698102
12513,0.14767744
65250,0.38001898
35822,0.7117096
148280,0.26485783
106146,0.042628303
13325,0.33272624
130276,0.044549003
32463,0.27538362
34091,0.15441951
21731,0.18736255
116690,0.63236654
133756,0.3663344
63796,0.7941984
28130,0.2630399
39426,0.4824999
123571,0.89585435
5541,0.5753357
61381,0.33025894
51615,0.04485727
77483,0.38269737
106625,0.16132013
136356,0.20424543
60558,0.6405735
136061,0.075423844
110238,0.0559831
94129,0.76062864
140884,0.4320697
39007,0.570699
135301,0.047447238
22159,0.08178608
23703,0.04046616
112504,0.73224247
7241,0.08049439
141125,0.20705736
24779,0.1239562
32134,0.14350335
66662,0.03684657
19761,0.061475627
70520,0.05030107
69266,0.25739625
112282,0.0811759
3730,0.05566221
96148,0.27611068
73586,0.09656173
29404,0.12871498
19513,0.50332546
74093,0.036456347
56335,0.3900538
17855,0.09673937
111420,0.5033656
134462,0.10914456
23047,0.23400697
135472,0.08655569
49360,0.10587054
59336,0.6326638
53839,0.3845793
5216,0.13908891
58642,0.043553885
99141,0.32329193
142276,0.109478615
113321,0.27370304
147324,0.18290913
68300,0.3707611
51486,0.36935967
109635,0.7467739
61880,0.9577204
55083,0.20637389
48541,0.07214935
116266,0.06643635
143636,0.61575884
86846,0.51230675
137834,0.61748105
85393,0.101075865
45284,0.12449217
126070,0.42693976
78952,0.07679862
43590,0.5465565
67521,0.94815016
51555,0.04574481
67006,0.093051545
66880,0.08275411
119326,0.13022572
85018,0.28828403
93847,0.05879852
129025,0.1816869
95124,0.10755326
7850,0.30283988
59312,0.37050998
60122,0.032917272
115320,0.12523116
45581,0.07849413
52713,0.3567813
146354,0.048302982
21044,0.32328087
77134,0.6495353
62315,0.9770154
147887,0.94056195
55453,0.36050755
112952,0.5444335
96829,0.2952064
59143,0.55024946
115838,0.92388326
92081,0.11885753
126078,0.8783068
92711,0.11301614
28815,0.5519344
147281,0.27241644
96772,0.41778287
147474,0.121988766
7992,0.9002968
120955,0.22917064
40797,0.15664433
109278,0.5154645
23715,0.36124521
48659,0.08066208
78751,0.8492897
39708,0.052561127
46507,0.116307855
53843,0.09243389
24450,0.0988194
104475,0.10706497
109513,0.11971857
69941,0.07307764
149391,0.053493
140117,0.10774292
140611,0.9314074
19072,0.27667463
113530,0.15130329
81998,0.8795312
75800,0.13204946
124626,0.033652678
143210,0.1682255
7293,0.27282888
135427,0.07147945
54331,0.12258633
134494,0.17218627
85375,0.5352697
120862,0.19987568
28566,0.1376568
57663,0.32394618
83143,0.5268674
107452,0.046614926
99498,0.40119943
20113,0.11216996
130849,0.32426608
83194,0.1564594
141070,0.16420524
13567,0.57055795
56655,0.43151018
99336,0.14787431
18058,0.6253533
7527,0.22019883
2756,0.4087
41555,0.7344379
127897,0.9145087
43281,0.45785406
123926,0.2567274
115681,0.09655603
56062,0.19528411
11381,0.0858097
144215,0.10107564
20215,0.046833247
74560,0.039370853
116527,0.09640555
101234,0.0419859
75450,0.2504963
97429,0.07334912
116017,0.8753062
127062,0.2328413
77818,0.12951258
10960,0.121122986
119854,0.108932614
56628,0.35571027
2096,0.067896284
44206,0.123804726
110619,0.8142227
115409,0.117701784
93174,0.36908132
24168,0.10517943
70080,0.39441034
72805,0.44448397
69864,0.39825767
138294,0.16204165
128208,0.6343569
129386,0.053561058
82667,0.2621107
63251,0.51310414
14271,0.042186942
103291,0.41121176
91852,0.10956118
8514,0.68024516
136687,0.8973219
83785,0.062414747
91356,0.4580962
82711,0.035894208
77762,0.19582471
11637,0.87320584
22749,0.20367248
13852,0.2069165
89860,0.048787504
106221,0.04955261
138502,0.3983685
17875,0.09773392
30840,0.45781347
117739,0.14071523
145904,0.028096383
53267,0.36002633
66513,0.3732926
140158,0.24907267
11518,0.11243811
85898,0.28877205
35682,0.074511275
34068,0.026951073
22670,0.12549543
107572,0.17406867
107678,0.931322
103556,0.28160676
545,0.26462126
145641,0.69475865
41533,0.20141192
143464,0.35926923
95801,0.3620277
146445,0.24727187
5233,0.15158749
121039,0.04825735
5437,0.32505995
28367,0.174418
62881,0.16881879
24908,0.14561595
19893,0.09828857
123128,0.8387417
127319,0.50232023
22234,0.14750023
102119,0.053918924
3951,0.078815036
99421,0.40798753
80125,0.08214859
18523,0.08024585
6907,0.07122987
27397,0.20418234
7403,0.18505992
34481,0.16204634
5513,0.31701607
16190,0.05597045
37393,0.34970424
122608,0.4699553
12408,0.08156583
137155,0.17289118
7570,0.049606126
775,0.13464327
49003,0.123858266
109085,0.030985149
125283,0.20649934
119998,0.25906998
518,0.28785998
83936,0.64205116
62538,0.94021934
5147,0.08613237
141816,0.29206178
141419,0.16130915
117917,0.6474114
96658,0.3144735
107856,0.4047502
133848,0.2641054
19204,0.07504501
49415,0.06732322
113415,0.5413614
84697,0.099346735
149552,0.28410235
122449,0.48491812
114438,0.17340997
14436,0.47384143
139783,0.08448975
19797,0.029153656
114243,0.03672203
106364,0.11741444
93892,0.77219754
53179,0.7684971
72087,0.078143306
34060,0.50425786
96298,0.042061303
138840,0.31383777
92296,0.23490079
20254,0.13938625
83948,0.490167
66496,0.43147936
121561,0.033684995
75140,0.20759483
71877,0.14532807
52037,0.21771052
44277,0.47620645
45308,0.6744101
44592,0.39713037
14447,0.21988206
25045,0.08454619
38002,0.12182828
41710,0.09551846
148317,0.70433575
9461,0.5284443
87625,0.35526785
120136,0.071599774
84852,0.10279151
140781,0.15591316
105130,0.12279391
20412,0.3178271
68844,0.09457972
63106,0.07576641
38968,0.42525598
61174,0.59568423
68348,0.11018258
8319,0.11087026
143830,0.5020897
128380,0.08357671
121389,0.21198593
8126,0.12988558
11445,0.21109767
108244,0.11363411
138628,0.13798657
80048,0.3751667
49707,0.6666097
129314,0.04507254
81444,0.6080129
105338,0.7374577
72553,0.046894003
35925,0.351889
79343,0.61365145
116931,0.04189979
142571,0.38702703
85181,0.107485615
138474,0.65049917
122641,0.067715466
29277,0.085691445
10816,0.3475869
65923,0.038463157
116728,0.07769391
132981,0.12460654
144059,0.37872142
37988,0.15364875
6468,0.4760679
87516,0.3572586
16235,0.12773938
118355,0.049062036
18187,0.025124991
2635,0.57455575
111980,0.12778711
24453,0.031481724
147680,0.049146075
89047,0.1338809
8812,0.49745244
35333,0.054446675
130160,0.15131661
115906,0.072953194
127417,0.30951154
23898,0.5001365
119972,0.08386522
111518,0.1677186
53173,0.049563587
139921,0.1605108
42181,0.03103892
99877,0.2986273
34337,0.064325176
82269,0.7687099
148209,0.13454784
146560,0.40273464
106834,0.16246574
82590,0.6758735
121861,0.012344982
30898,0.2668823
111134,0.075154856
41594,0.474219
85641,0.3641848
73989,0.12403426
140114,0.087008275
3694,0.13056676
120824,0.32613263
51270,0.5960109
72272,0.060766596
103105,0.06617774
71492,0.90623206
1752,0.078427106
19972,0.10671443
128504,0.51548046
111982,0.6928372
60214,0.34461692
75583,0.082530394
1029,0.13696447
28117,0.8058426
103785,0.09105789
136165,0.017580036
136817,0.63284945
74786,0.91659135
25390,0.5962445
118290,0.07711699
20346,0.5303881
21902,0.084223256
136149,0.24511294
16782,0.094377965
145524,0.10985602
82861,0.5110866
97628,0.041630905
120336,0.051494185
49584,0.11984371
27198,0.15181045
81310,0.14602056
131802,0.6067824
124758,0.14044839
68666,0.33866197
61569,0.15682605
30283,0.1708681
143025,0.042348944
128679,0.18033652
57629,0.26677912
91433,0.49532944
127676,0.049278222
98972,0.25426498
45671,0.39488807
70590,0.53275776
102762,0.14362927
38657,0.53978294
85205,0.10151362
23275,0.119700454
100452,0.29507264
108006,0.49346024
120042,0.8008347
5476,0.18597329
13057,0.52754277
42068,0.7630157
43112,0.054358676
23650,0.090290904
119313,0.097971834
59098,0.16085187
104657,0.49017352
129704,0.041304756
113117,0.36366487
49538,0.43118104
125709,0.806037
39961,0.056077372
86731,0.041332804
81347,0.4429833
73278,0.24045992
30860,0.034042172
88896,0.078409344
102296,0.05505148
87082,0.034067944
88866,0.13601671
77976,0.5101796
137063,0.7321334
64526,0.79614747
75337,0.06199184
10795,0.054476827
121697,0.15964912
128328,0.29187614
103326,0.07200938
84787,0.46178964
43672,0.8491801
128883,0.04810103
22022,0.43526044
138413,0.32098892
114959,0.061170276
133272,0.32570463
28335,0.089103244
79050,0.01853486
127764,0.22296633
117556,0.35064384
71644,0.09222863
125859,0.35993057
123106,0.29187194
18798,0.083618216
21227,0.08935582
10962,0.0782406
78229,0.061212428
147241,0.30322367
145100,0.020058138
32959,0.2701423
50842,0.23913483
77734,0.05024337
141185,0.27973315
92092,0.09511343
80505,0.104466945
127275,0.05275634
38995,0.11379537
66130,0.064953744
24754,0.22509876
56618,0.04669104
22191,0.250879
32568,0.46212995
78417,0.27960065
127861,0.34221774
112489,0.62208825
6237,0.25187826
71384,0.029755672
93584,0.0533914
32897,0.4631784
107920,0.6300535
80617,0.2087533
54824,0.121521056
83618,0.780757
62460,0.08291177
47098,0.23132248
33539,0.04519715
121000,0.09608683
72264,0.1825793
110481,0.5064561
70409,0.2291132
112929,0.041831914
2177,0.5480485
67982,0.1197086
37754,0.09138389
21117,0.10525047
141945,0.040877476
21267,0.17011738
138853,0.099039875
127695,0.06601687
36174,0.073167875
92984,0.072712496
34376,0.07526668
123972,0.051479887
32872,0.38559875
142220,0.10565862
40925,0.0852777
101896,0.059675526
16738,0.35429907
65192,0.050802175
78920,0.11750096
4818,0.098865986
136881,0.34192222
138368,0.082370915
81361,0.092650585
13262,0.39226076
125862,0.1793105
120675,0.9502545
6349,0.048074346
95786,0.15138876
31729,0.9361615
4721,0.038068414
5321,0.91278625
135352,0.89981115
15353,0.1384308
38663,0.90709406
93213,0.2787064
57067,0.0344381
108193,0.039871212
130745,0.3354108
66305,0.109040186
66228,0.09285471
149431,0.13474703
30199,0.8194697
17168,0.3497595
81466,0.4175772
147676,0.13180035
89906,0.17779881
50819,0.29866943
107781,0.78398377
107589,0.31052294
85992,0.5028177
37909,0.40006444
113332,0.20743951
97764,0.12876946
97818,0.15806858
2679,0.91532576
109766,0.0751035
30394,0.14440869
138207,0.31390235
24388,0.5390944
116486,0.24864122
64390,0.43226317
53630,0.118414044
66316,0.16224317
29372,0.06505544
137005,0.105743766
63684,0.052844442
2041,0.036323834
6638,0.06787114
24526,0.08786789
139711,0.05545771
514,0.9222881
19488,0.5588991
4501,0.24037054
30332,0.64475787
95284,0.113535
80724,0.21336728
145698,0.3548997
124251,0.15168588
104662,0.0931855
106765,0.55042815
148427,0.06119137
34085,0.09085117
62501,0.15803592
96933,0.28257677
49095,0.07476163
19198,0.16842258
18610,0.12094124
38811,0.05262216
33719,0.054331854
112368,0.36664143
144113,0.19451346
124522,0.7175184
118401,0.9282079
58044,0.036944635
134134,0.51900905
30126,0.1050016
51827,0.196413
51335,0.72226256
65100,0.036067154
26632,0.10591525
118617,0.95758975
117503,0.10384934
107635,0.60966575
85237,0.21414173
74081,0.56887376
94463,0.08382579
23151,0.1090767
18440,0.1583709
20819,0.092144504
109288,0.18592215
71675,0.06661734
64166,0.11810238
77307,0.20408598
83449,0.4300087
36340,0.065565094
77526,0.047797367
28959,0.08562455
102593,0.25261888
136492,0.1262979
108536,0.8258658
49855,0.16250275
36411,0.06566691
87390,0.45993724
44412,0.09907976
26087,0.20462817
109230,0.6185593
145244,0.065419324
146547,0.67863333
17367,0.079692945
116948,0.85174894
3698,0.12736051
25786,0.20301789
80572,0.20141156
49832,0.51629466
79774,0.44100434
123518,0.2614717
9360,0.013430415
76786,0.9211671
1198,0.4479697
54991,0.1843124
110738,0.7839504
80281,0.052155126
19485,0.52921116
142349,0.45537132
51572,0.7880086
64273,0.07556174
68111,0.15840825
16541,0.42427742
77292,0.12089564
70999,0.6997947
9591,0.30861312
90832,0.09113033
3409,0.79640657
109542,0.11021129
139715,0.030130144
139167,0.047720984
86913,0.24494034
112503,0.13764907
59894,0.3352532
56607,0.096317925
37880,0.2048268
2733,0.15408452
95944,0.060129102
28608,0.18782018
22214,0.0935586
138573,0.9002533
124171,0.28848597
53628,0.323866
8164,0.044521242
20977,0.15458712
2073,0.17984948
178,0.080392204
117508,0.9337585
92523,0.27748898
40403,0.5073234
35773,0.2088468
91862,0.073521435
32878,0.5231006
89654,0.10882013
117439,0.49448416
48351,0.21340744
5890,0.08247046
128238,0.099420145
62911,0.12783122
92327,0.11625661
12440,0.6309077
36339,0.53904265
44375,0.83891517
46682,0.028111713
18853,0.057085387
107435,0.051197004
116178,0.04294381
63667,0.080721
78740,0.16780637
66397,0.10717796
3609,0.45636052
114131,0.44508857
60889,0.16602005
72060,0.7509304
28682,0.066081226
45397,0.050972585
53435,0.16367655
58931,0.21939628
110598,0.22252914
133086,0.2019623
84448,0.43599463
8722,0.51691365
1245,0.3964082
4187,0.48285943
4845,0.10176978
106303,0.2777441
1150,0.3081048
100044,0.6150936
17195,0.9411112
111899,0.07269088
124238,0.052414406
143091,0.070955984
45217,0.09517644
67489,0.32112327
55793,0.09160694
142177,0.03127077
24519,0.100428745
34498,0.4131396
67573,0.09225814
114201,0.6419993
37648,0.09463978
31076,0.19832923
25559,0.2045382
149690,0.27348512
40229,0.91868186
50887,0.13729213
137119,0.37372106
145550,0.87003106
2215,0.74114656
77743,0.11822489
9074,0.69319224
103906,0.08329678
79997,0.06926536
137533,0.12117546
89886,0.44845715
54170,0.5285037
102299,0.30805698
46150,0.055224694
57345,0.11942545
54229,0.039777223
115884,0.15056472
50495,0.039172377
109344,0.05382838
135801,0.67238885
122774,0.16707972
28267,0.2495562
57720,0.4757123
31546,0.049259428
86810,0.34939033
104219,0.2984052
63835,0.24370073
141037,0.21515042
2172,0.14443421
98276,0.11651023
12876,0.6276968
78007,0.2589167
71909,0.30406266
4269,0.082357146
23734,0.08694488
117275,0.14480002
135373,0.060998965
92309,0.413457
60491,0.3673037
48697,0.052705977
81324,0.055132538
72618,0.7842625
86340,0.8212413
108259,0.6336881
54622,0.13745499
72789,0.6398753
146516,0.089284375
59921,0.6381379
15916,0.70123774
24198,0.30540708
127753,0.11575836
61189,0.3891823
123486,0.93719673
22884,0.48429555
118621,0.032189615
122635,0.77065223
112281,0.2768751
41960,0.05471398
76522,0.2645009
47049,0.9198991
6467,0.14541835
105771,0.9318632
30062,0.17101924
42906,0.18070728
116936,0.5430003
35777,0.47988287
84766,0.05760907
116524,0.18496902
29425,0.2539936
104649,0.03458715
37467,0.081088774
97677,0.34327632
69569,0.15646309
149480,0.13925236
139970,0.09899888
137588,0.54419756
46003,0.083470374
37140,0.8713382
98994,0.581737
7290,0.076094724
55784,0.31907544
71643,0.17456943
98686,0.08528911
76178,0.10416995
43605,0.18988474
33908,0.25818065
62246,0.08903804
2993,0.71531236
81940,0.26814783
83393,0.6893272
71666,0.0436492
118818,0.08041177
83925,0.29327986
138013,0.7588552
122932,0.09469618
136540,0.19726758
66952,0.10156321
124783,0.07960694
61457,0.1706803
87139,0.3152148
18842,0.09317093
48273,0.092052765
124162,0.3850796
27542,0.33142403
40853,0.05512812
55745,0.031116595
16427,0.0672482
51944,0.9166279
17333,0.202564
110325,0.42975473
3975,0.6622114
36198,0.04616335
138640,0.28195247
84398,0.11845417
19701,0.09289475
74448,0.33554915
68623,0.0999312
92589,0.10852577
19429,0.26646426
4686,0.51090866
148011,0.048662383
60383,0.1563789
6873,0.20977004
12539,0.097323604
20659,0.4462746
58580,0.0960785
116401,0.90064126
34729,0.045768443
37937,0.16906847
110538,0.073718145
52513,0.23978369
89534,0.07059755
3045,0.6621674
39132,0.09403441
48082,0.32351846
139813,0.040817384
108671,0.45762458
116543,0.47937357
8427,0.45630157
114423,0.38669637
67596,0.48544917
91653,0.040755406
66308,0.41323844
89493,0.017716032
106771,0.06561044
85889,0.1755125
4206,0.13925189
88238,0.07090338
36375,0.09398484
83510,0.31314796
14996,0.073112436
54460,0.2889622
43823,0.21201678
52886,0.22939335
85737,0.04035001
129957,0.0554092
75670,0.1713497
89669,0.17029476
71331,0.56798923
30374,0.6299031
141141,0.39697388
134323,0.09718355
139488,0.34906235
125253,0.09990607
125950,0.115156785
28273,0.22280012
46206,0.10550738
89182,0.042556364
135141,0.5168233
86530,0.47354698
122154,0.15172708
85740,0.052018363
26624,0.20918961
9500,0.21664625
41036,0.87792856
102364,0.06757435
59209,0.116046734
4588,0.036974676
2963,0.14845718
46007,0.07613719
21138,0.13731588
126500,0.3286518
85985,0.13797992
69978,0.048883088
34954,0.27142853
46293,0.21952811
84675,0.41914028
58675,0.27466372
62798,0.12247376
88517,0.9332404
94131,0.5631418
110123,0.040899713
61091,0.07823773
58913,0.04537012
118196,0.11814228
99415,0.15992106
115488,0.19802639
31002,0.5263878
1861,0.4719801
95420,0.8813797
64416,0.57879406
105483,0.05290344
1379,0.07135105
7837,0.8644381
137340,0.09284997
32009,0.284524
121741,0.11626272
94212,0.12592052
69585,0.50929826
28736,0.315865
22064,0.020398133
65319,0.5383269
120177,0.872882
50835,0.94227034
39080,0.10547553
137001,0.3753095
133349,0.039601535
37826,0.46791264
19514,0.035450555
21662,0.034378517
118368,0.079917386
52468,0.13965033
107316,0.11988931
58452,0.14736156
106167,0.09917332
108001,0.09702704
35803,0.7938646
60898,0.48881522
106510,0.13707055
6559,0.05882637
67205,0.47236046
4166,0.03683224
142803,0.60917974
111861,0.84719497
71312,0.7246227
19741,0.920683
57608,0.72273105
73461,0.21118467
18774,0.09195317
69827,0.5198103
149519,0.51654565
3440,0.27779305
77655,0.03833866
34730,0.062025636
13490,0.7444895
76257,0.79968625
80594,0.04037807
128107,0.08530476
29895,0.21299362
21470,0.10245692
124473,0.08048768
147537,0.14720505
61525,0.045930434
101364,0.49795312
61138,0.22946395
120898,0.08601065
48932,0.046469156
109860,0.06532477
116729,0.32598943
68369,0.042401303
68869,0.13367033
33789,0.42087317
83791,0.434208
9785,0.03339748
122459,0.050244175
66618,0.92886144
55254,0.040730346
93781,0.20363732
52066,0.042565595
63940,0.15360798
48921,0.13334875
25413,0.12160403
16512,0.32114536
77870,0.7339485
109238,0.16650818
86923,0.028009752
52760,0.09514888
104793,0.11855013
99380,0.49460077
72448,0.071626864
47195,0.070090204
99012,0.0914308
119484,0.052972488
24608,0.115149856
72896,0.34693155
37479,0.05612942
98780,0.9348008
115077,0.21938942
82124,0.109732695
28184,0.15472955
87878,0.20800965
104775,0.08996481
28004,0.22036028
143758,0.35696322
47492,0.2032521
64857,0.08856923
102106,0.14540453
131509,0.07523298
76686,0.3267395
73496,0.05474907
52271,0.6502539
98507,0.042383987
10163,0.09330542
100598,0.056723557
65502,0.10495496
140144,0.18707278
11832,0.07854456
35309,0.089407526
89155,0.72678214
111862,0.1449937
32080,0.3112684
10813,0.34384835
108420,0.20206498
70461,0.06372814
39992,0.07368725
73924,0.4128939
144540,0.23574458
75551,0.6884277
138813,0.2959582
24069,0.6193389
103767,0.26217142
98796,0.12250577
62112,0.04440218
108243,0.66199356
70117,0.10050969
75452,0.023794938
33507,0.15377441
49452,0.15409769
35970,0.4148649
118933,0.066921294
144453,0.31693083
56991,0.05415631
79948,0.13616416
62679,0.26479253
76237,0.35881063
147314,0.06369378
103919,0.21063372
127627,0.33791605
91635,0.13928427
103529,0.26704243
29075,0.20323348
4530,0.10716104
128712,0.1621611
85448,0.21075
143089,0.23600662
27609,0.4198012
147976,0.0991759
123261,0.7021164
85207,0.23087953
125050,0.3067819
125875,0.051221434
29811,0.17502974
39177,0.60622036
2617,0.09968983
47156,0.07981032
105474,0.10213853
48648,0.1704913
90536,0.09647763
47116,0.184316
97566,0.9114389
17269,0.27023798
144185,0.113656744
41861,0.083507404
6790,0.2174204
136196,0.18682292
3658,0.074383564
131054,0.71027195
43811,0.08750544
119135,0.23087874
106878,0.22393948
124113,0.089084744
96584,0.06390061
100021,0.39340502
103339,0.22673325
139165,0.35881305
78919,0.6712129
66331,0.053286906
69818,0.5402402
21268,0.25576276
78462,0.06176104
61824,0.043006893
107708,0.8891936
148791,0.06453166
109347,0.23626374
135419,0.65378064
1364,0.10576097
39499,0.07713872
83481,0.22596432
113224,0.38842034
113497,0.15186603
105549,0.0565527
71960,0.22524315
86660,0.040497877
113961,0.06993615
100436,0.12763655
22490,0.28165224
37332,0.60983336
25823,0.43102568
132447,0.24441266
25528,0.10098405
71359,0.12691526
130298,0.09815661
34354,0.25528988
66037,0.40776914
99432,0.34399894
13720,0.04125003
76759,0.1169524
66148,0.44338995
103093,0.6148198
3374,0.11100801
51592,0.03840084
4014,0.607182
24599,0.039252304
18891,0.8186684
79578,0.25500426
79510,0.16130242
50491,0.15285355
19436,0.15404314
19530,0.10481038
45842,0.2557274
73780,0.10751181
142423,0.076907836
27853,0.33735466
79563,0.71713513
111199,0.25431007
53456,0.27024308
22783,0.71742415
130788,0.5130549
36524,0.23691225
43053,0.3247588
90266,0.7574402
6196,0.09829014
41044,0.080718465
122949,0.069965996
86904,0.10228093
46447,0.20400058
118837,0.051315706
12366,0.05642859
19428,0.1883373
65071,0.11032445
81794,0.14336728
49016,0.5323528
130967,0.9212936
102835,0.0528522
24419,0.46863502
107483,0.34572792
141324,0.06336034
54834,0.111917116
111893,0.82536304
102415,0.10336383
101399,0.0954282
52650,0.049060855
133361,0.10307736
26297,0.54686606
149068,0.057261456
132577,0.09661391
108921,0.161033
142347,0.12778647
88446,0.29036468
47450,0.037702274
64153,0.20530187
71587,0.646023
54645,0.24802165
91397,0.2325571
100951,0.21273114
130068,0.0954741
22998,0.5032399
140857,0.22088431
69638,0.050112974
121254,0.7897435
7705,0.15510875
145655,0.27913037
131137,0.11077583
117918,0.5430089
57043,0.64268374
29880,0.08713902
112925,0.32385477
20537,0.11803346
11962,0.91672224
89656,0.09097409
120926,0.04810659
65270,0.41059738
43723,0.7443989
134188,0.8748394
56904,0.028331975
107311,0.8967965
64889,0.04918147
107002,0.058832362
1905,0.045355648
127975,0.13873896
113775,0.12433403
49616,0.43927103
2864,0.12734164
107391,0.06856814
33524,0.05375291
144730,0.03638988
84681,0.10912031
142605,0.07943776
87815,0.08743336
123386,0.11652138
74659,0.40712082
140957,0.049063414
19159,0.45123118
98279,0.10333947
449,0.8830437
41762,0.281091
54597,0.07715176
67298,0.07366913
15084,0.2491818
105473,0.11998168
92541,0.48834324
116669,0.20868446
48655,0.34325844
14333,0.14013447
147877,0.09476293
76694,0.11437659
58565,0.045220252
110222,0.30983078
35443,0.204356
17071,0.056954563
81613,0.16264673
100720,0.09065078
143487,0.7915271
80116,0.4255071
71739,0.039101835
137612,0.30803892
60825,0.173494
120375,0.12641522
71981,0.30164647
102471,0.4920251
18564,0.15299433
87750,0.15903004
13434,0.1409947
88178,0.06424606
11406,0.09382881
144720,0.063210756
14077,0.075972684
22891,0.04684946
15486,0.29940745
145030,0.027163127
83396,0.16603984
20587,0.23617311
20079,0.07574398
48970,0.07270271
119343,0.67226464
58125,0.0792551
148942,0.93005335
41752,0.07960596
133910,0.22071195
91385,0.07895492
118715,0.02116476
148964,0.10625014
141085,0.18285891
102771,0.04538963
70606,0.037753392
83554,0.0796545
58409,0.06465957
58757,0.04997139
141941,0.12084395
81802,0.05456835
81454,0.122636795
50825,0.4072555
58624,0.07749151
29299,0.083729886
114869,0.07327493
106124,0.5900668
40100,0.06422733
5300,0.08639818
90348,0.86632246
46087,0.15850325
61133,0.21738027
91675,0.13518904
127799,0.36848056
143640,0.43416792
113970,0.3088454
115554,0.07743501
2318,0.5323925
84899,0.28270403
120087,0.45028433
48420,0.3948408
119159,0.058023028
21034,0.10185281
104689,0.07340937
138206,0.0489047
117120,0.8536521
125059,0.09033356
55082,0.31931403
140414,0.09938794
35568,0.40742397
117721,0.13751552
134461,0.18536937
116175,0.13532016
55996,0.49244317
58405,0.3691469
45794,0.41695055
5427,0.05823877
77763,0.2386032
9643,0.111656584
17930,0.23165259
85729,0.4825876
38839,0.33433452
58404,0.048740756
124182,0.69105625
115732,0.13301826
7693,0.07558304
95812,0.4105908
114414,0.30132088
60351,0.280924
86408,0.23266804
92580,0.19892392
124739,0.067791134
113464,0.060224224
89966,0.10797707
145648,0.27231672
137656,0.075565815
129632,0.054214172
35491,0.6312079
60265,0.11459261
94083,0.97579896
104244,0.38923907
11652,0.27925724
89815,0.22098331
135579,0.45863527
112025,0.33323795
108383,0.6234673
79282,0.17162392
121821,0.49221167
127418,0.56044084
127826,0.16420841
66896,0.13294384
27792,0.12843017
122723,0.13310531
133097,0.810935
85400,0.19604658
99533,0.13538244
149059,0.10642689
348,0.13547198
4397,0.11859321
19382,0.3823837
16077,0.19787352
42507,0.0970119
29040,0.14170158
102745,0.4033518
113551,0.63496965
14013,0.33367744
31201,0.23943114
91325,0.32150897
123808,0.039588027
20702,0.6812611
96616,0.07014746
35386,0.066074766
52740,0.89781797
125565,0.11964443
120381,0.129956
21676,0.3857283
37561,0.50476265
132048,0.78982997
123551,0.25752038
102952,0.23295337
79150,0.25867873
107073,0.06146953
27248,0.0681939
103828,0.04762452
83336,0.053526107
21709,0.25486737
10354,0.049772307
51511,0.117162116
68601,0.05197049
103270,0.0698787
74219,0.42054856
5569,0.12521555
109491,0.2239434
19544,0.066368066
61112,0.105778284
97011,0.082781985
52302,0.07780525
32743,0.06994032
6284,0.07164479
143033,0.082516514
63543,0.05476508
143300,0.7943038
27365,0.87102973
25551,0.1973584
106796,0.11310917
149102,0.117488824
122538,0.16382724
142037,0.515845
129842,0.042811222
60954,0.21966241
71664,0.08328537
65589,0.72470015
138732,0.095006615
68867,0.13704346
60717,0.78577346
107003,0.1221403
141331,0.22788532
132133,0.07772412
128503,0.4188609
84813,0.44537094
56780,0.088940695
60747,0.2709422
117679,0.4773281
54726,0.092602104
65048,0.061214242
69306,0.10499938
39658,0.2329231
77657,0.24898514
139242,0.08933375
136199,0.4224935
18731,0.6352663
131317,0.23449163
67538,0.13372809
58413,0.07540298
50962,0.032691788
5255,0.10235679
147790,0.45423812
68299,0.17881481
90340,0.04831983
87328,0.33544165
107832,0.10572054
57680,0.043672953
101666,0.32472363
37583,0.14273877
10972,0.055703267
78965,0.59070134
148063,0.09897008
38810,0.26011068
128630,0.12269198
83947,0.05320341
18662,0.107230626
21003,0.10836387
84461,0.12806809
97969,0.24241379
33894,0.12343824
87404,0.09845141
32561,0.059568975
15756,0.056641188
101457,0.2878499
115464,0.6010522
74053,0.15862398
33960,0.2514794
69159,0.27043968
43667,0.10121031
94262,0.15967953
72879,0.06969213
123007,0.35873526
55848,0.04612553
65573,0.033771824
91634,0.18132885
3437,0.2704729
132775,0.38850346
63312,0.27975547
138929,0.61720926
115331,0.89613706
144444,0.6155928
101524,0.46332416
125398,0.6722183
80346,0.13290007
80872,0.39624867
9495,0.24319091
92071,0.31627113
111094,0.08667392
17954,0.025742747
126669,0.048469163
105517,0.03721229
60117,0.2994474
109800,0.122425616
149248,0.24775466
89977,0.12278856
133567,0.6006864
118838,0.090026855
55177,0.2699259
62231,0.31193942
64158,0.07271647
28496,0.06410594
37891,0.4978699
78484,0.85547155
132334,0.06926558
78628,0.40494722
136560,0.11962325
23864,0.20863488
139506,0.25483987
140691,0.11682475
140384,0.6583389
62400,0.052476868
147655,0.716085
66121,0.068097696
50499,0.08812274
16308,0.06118891
83826,0.04368658
28531,0.1456053
50794,0.05429863
6,0.09389342
140493,0.098038666
64725,0.084569395
99567,0.06364163
147487,0.111131154
44750,0.48545584
38737,0.14387538
96694,0.05348093
110282,0.7762751
118207,0.2039572
66304,0.7204336
18625,0.47880378
25680,0.33875805
9017,0.07878248
101079,0.093641065
11389,0.46676868
32807,0.022635013
86110,0.047182936
15317,0.5453451
80573,0.23772608
74380,0.03003959
3126,0.082075134
116110,0.1409328
13596,0.92452765
103701,0.101139106
42542,0.06791468
15849,0.06106566
17208,0.35954297
143623,0.41809183
84076,0.6390047
43532,0.04947151
8966,0.24722636
49518,0.09334193
72972,0.07496566
108634,0.052781865
101051,0.1624898
47642,0.05619244
17069,0.09862485
131693,0.09362448
103086,0.07936039
131369,0.33018675
143629,0.056310974
371,0.0936319
115668,0.060127143
23330,0.17406788
39739,0.07812154
67445,0.45971906
72944,0.77225107
143457,0.053563975
1845,0.18561406
112093,0.40633675
59610,0.08083065
117128,0.28719792
137044,0.20894957
8260,0.67783886
94392,0.06993165
36745,0.18655604
38959,0.6274907
79806,0.17151898
144249,0.118061
36603,0.050701544
4593,0.10619593
39486,0.08537224
76298,0.16054621
66666,0.29551855
102311,0.049307823
101469,0.10993447
86669,0.15977289
58738,0.08281432
92040,0.17933731
94560,0.22979979
31,0.5995903
34271,0.19928162
98791,0.06660914
96104,0.100546174
21816,0.5687794
85682,0.06959496
136420,0.83415145
7154,0.5218275
86176,0.5515106
61365,0.17820385
105591,0.9178173
120355,0.31875816
126900,0.9407589
57579,0.059145186
99606,0.4761387
74898,0.28096667
128688,0.21726562
74336,0.07764446
54242,0.6471998
19335,0.034632817
20406,0.097049475
89716,0.06394811
36239,0.76660335
50446,0.23940583
11920,0.19815923
107248,0.31320953
139268,0.20359999
12269,0.93045
85435,0.6207461
28525,0.1163168
51209,0.18254308
71115,0.1412393
67459,0.56539434
61453,0.33752117
46047,0.0863421
137898,0.8786667
61862,0.19247603
55108,0.03982216
33084,0.06649896
107038,0.5025241
91558,0.117392406
101633,0.3171965
37299,0.7202724
146572,0.05978651
1992,0.8364941
95184,0.8103573
14429,0.8229143
109191,0.060165107
92501,0.39839417
87701,0.040428776
82876,0.041707013
73557,0.045440238
118319,0.8719618
129898,0.19468944
50293,0.10861406
63060,0.16952835
125387,0.07958998
89849,0.051347725
117627,0.11883287
28914,0.31151214
16561,0.13058053
91750,0.091941155
63959,0.07597211
92706,0.023060499
68032,0.29999277
95330,0.17001869
109080,0.30959982
118866,0.14629687
50737,0.10033819
140427,0.11476144
118400,0.08006745
114684,0.096106835
15634,0.10274293
27351,0.13464956
104072,0.1738142
57181,0.16181655
101291,0.3257489
35715,0.054116465
36013,0.17192282
148074,0.09821263
44563,0.116021745
45775,0.13540334
74106,0.11468358
130752,0.11266079
30585,0.07851221
110097,0.30170187
22075,0.15438709
38407,0.15522164
65592,0.040597107
24100,0.055388127
60749,0.16991314
65562,0.89536506
80906,0.4795976
147452,0.047397327
137828,0.3233857
127406,0.3501049
29735,0.17551227
92508,0.4049517
143902,0.083240926
42256,0.09448009
127750,0.022287728
36280,0.6884723
95012,0.62072015
87921,0.15053411
112765,0.6506398
100434,0.09312853
35149,0.077284515
23956,0.13747126
10201,0.30636883
62083,0.07307687
109194,0.07746221
130620,0.11599597
142388,0.0838053
125816,0.3112093
109455,0.020417254
89198,0.12545052
120923,0.11476265
113276,0.13768575
110868,0.18106085
55588,0.35644358
127513,0.08362484
1742,0.08746375
62295,0.2070648
142277,0.35752422
133787,0.05049213
128757,0.46147582
130983,0.32261238
54163,0.24714379
113560,0.07655138
148884,0.3240855
95638,0.093764514
26607,0.4238909
93453,0.3610454
147438,0.09405084
9506,0.25762883
33701,0.12201657
56627,0.1681392
21607,0.05332702
12347,0.06261792
8838,0.30797398
60036,0.070155375
138768,0.073449016
66007,0.13395636
104498,0.4773344
16532,0.53160375
96472,0.0725916
95141,0.08650491
97245,0.032863006
55255,0.491026
43381,0.023732543
70230,0.23827834
81378,0.21676071
127659,0.1165028
136584,0.71224487
124491,0.6317027
134855,0.075675264
54314,0.37500492
87070,0.13342999
89279,0.109423764
77058,0.039443478
58406,0.07509234
20194,0.026079997
31162,0.3909427
17174,0.1773563
80355,0.07682643
121210,0.15782912
11382,0.19974566
30339,0.30883077
143215,0.061561607
110882,0.8838713
110034,0.27019578
69798,0.30066904
89907,0.19694906
104160,0.07665717
68738,0.03547366
28420,0.080781
61052,0.09539332
28853,0.10806567
20189,0.1409757
107843,0.3739056
144174,0.12989971
140079,0.04751437
13813,0.055176426
13860,0.060546324
121152,0.029143503
99886,0.0882091
84952,0.342913
86908,0.08168534
10820,0.5075556
113694,0.03771781
20056,0.109834865
22796,0.2172027
118844,0.092824355
71866,0.041194454
124359,0.49288806
114362,0.27167943
22511,0.086888
76345,0.28895032
95637,0.15246962
74124,0.414634
17476,0.18318179
25268,0.13832656
90664,0.74587697
63191,0.110188335
138756,0.23430936
21049,0.07023134
1893,0.12643552
143153,0.27526754
112360,0.062252507
8329,0.036567524
82874,0.12958528
143992,0.21281874
91721,0.12937704
53833,0.4420409
106305,0.12695311
14528,0.24564144
109511,0.12617566
62502,0.11730118
60809,0.07377039
51358,0.22379535
100175,0.05076953
25445,0.16026285
785,0.6870661
49144,0.07398502
115676,0.8480795
22686,0.32008532
71003,0.06607177
137358,0.08385029
66415,0.17540462
14458,0.16626132
84216,0.047930103
120659,0.11043007
3775,0.18207735
45381,0.11497951
67956,0.21298145
41259,0.16857539
112448,0.949421
148310,0.058182683
48456,0.08978204
49392,0.94095254
76128,0.24656993
131736,0.089107305
92362,0.02271674
121273,0.51354903
99262,0.260627
136012,0.04945038
119106,0.23008378
9209,0.3309926
89735,0.33796814
72,0.0422908
98706,0.1928197
72410,0.5800404
148573,0.09559363
33836,0.26392406
7436,0.5088553
3749,0.8503606
116119,0.07382945
7258,0.09401889
126603,0.13602203
90306,0.94781756
69519,0.228892
40209,0.8593546
19245,0.1014817
109923,0.8651537
91000,0.4911528
95072,0.14993289
27856,0.041185547
103464,0.14741682
142948,0.1281089
10079,0.13258936
117555,0.07318414
92218,0.30263916
145403,0.63067394
91302,0.048545722
41302,0.25158173
18466,0.15062101
113578,0.12494891
68203,0.066776425
10131,0.36091813
9395,0.8189338
10295,0.7990668
97993,0.4461904
15216,0.03140542
113132,0.6216585
65900,0.37823173
20066,0.06273095
64629,0.11655837
20062,0.7266565
148444,0.32009628
53824,0.13659777
35222,0.49511123
107777,0.18651743
50563,0.32833883
55382,0.06520536
148106,0.08059667
2002,0.38622138
72744,0.031167725
113783,0.16675119
108007,0.13335672
141190,0.055170022
48533,0.2494867
13193,0.07199241
103622,0.1720892
85937,0.15996747
119583,0.066256866
33202,0.364566
37168,0.05891896
106801,0.038094
27463,0.08225792
104249,0.20688285
51930,0.06988953
132142,0.53664756
133049,0.23221543
31601,0.15533747
108524,0.1211098
50817,0.8970401
58201,0.06020865
145990,0.5240644
91236,0.3750954
63081,0.47922447
108098,0.12848206
63058,0.35166168
27534,0.07324597
102345,0.28312388
34709,0.12606756
127827,0.26288444
42321,0.103601515
127005,0.08057464
24621,0.280703
105443,0.068864405
143665,0.09554617
111424,0.55023795
86526,0.07949593
89031,0.081493035
102940,0.4173218
87483,0.31958327
128013,0.047979087
108446,0.12341758
30887,0.09210451
129925,0.5231045
104720,0.62753403
76329,0.072557524
123493,0.335142
80623,0.4960473
121810,0.13142638
63334,0.075699165
59051,0.059765927
116877,0.089679934
116257,0.042215545
51312,0.05986261
146101,0.9023159
54388,0.3596962
1640,0.92482066
96843,0.04308914
122223,0.9678861
21611,0.76769143
83395,0.46995723
71215,0.4562766
71387,0.07458244
68983,0.23319869
147788,0.21079616
78503,0.37956396
145563,0.090594195
36221,0.3494845
76588,0.25373882
64126,0.038878642
91604,0.15974267
121767,0.39991137
147886,0.17858337
134109,0.16468373
70918,0.5788187
82965,0.53985244
143621,0.45812255
98565,0.036360286
78862,0.14250119
33946,0.12830816
147304,0.1635837
28217,0.23878846
146207,0.13955122
43199,0.08482348
113206,0.0580637
22036,0.3080936
65543,0.34344324
8863,0.4079977
106365,0.07793756
61132,0.032850802
27381,0.11551153
75912,0.11399321
50472,0.0333671
50893,0.07692143
3026,0.94905126
104982,0.08866632
82212,0.05062003
49057,0.05576722
129281,0.059166703
18806,0.040572125
20064,0.328104
139531,0.10077403
93889,0.09642683
107355,0.04291363
63591,0.33339158
103765,0.18594775
105941,0.09536154
40680,0.527251
122703,0.38853723
91646,0.0497724
34384,0.03983276
95937,0.06110073
58842,0.1646712
707,0.06666797
95983,0.10135978
112709,0.06521774
6222,0.10167527
47794,0.16765602
66270,0.085601054
68355,0.121638566
44422,0.046679653
122040,0.30680183
62951,0.3048267
33284,0.060964864
20864,0.078931764
123077,0.07974507
40089,0.52144945
62893,0.1551328
52848,0.17304724
114579,0.20511745
1176,0.055450857
59393,0.1406575
148747,0.61922455
77687,0.57719505
77642,0.57737374
49379,0.7208131
131034,0.40486
109155,0.45209977
89807,0.3935938
123152,0.14671989
131987,0.23371544
102270,0.03438003
146042,0.068614475
29320,0.11292849
80297,0.19838381
77450,0.057365805
142069,0.4052646
27637,0.64144146
89455,0.08401953
21075,0.43263957
107745,0.38513258
138736,0.24915665
60324,0.7739047
84254,0.15963002
53989,0.2317731
51731,0.48295012
12507,0.14481597
110512,0.059946552
100759,0.20352918
18772,0.6536103
85685,0.5044037
112579,0.10663167
95359,0.8254091
1565,0.093599774
101739,0.25528198
93339,0.06497887
38629,0.5017139
124988,0.92969775
122965,0.21902199
99995,0.26589504
120359,0.8952084
78583,0.4933485
49962,0.2858824
56042,0.3603165
35097,0.15426172
131682,0.0850065
125067,0.07810776
29824,0.058218807
118968,0.56235296
84721,0.0912227
57978,0.31212434
24772,0.21567902
105463,0.10409162
145748,0.4895988
74214,0.11142815
128964,0.8085127
105785,0.49209434
78745,0.040170204
35065,0.59510505
136633,0.114345886
26464,0.5464708
145330,0.09667216
4240,0.028379953
99985,0.92703295
68225,0.17005022
106762,0.8167435
110215,0.60939294
133619,0.3122857
111952,0.10172028
62276,0.08321217
115463,0.5001838
69209,0.55371207
132575,0.5576484
40589,0.44680685
129179,0.10544667
12319,0.32616898
118740,0.08298678
135715,0.8735535
111891,0.14629687
140885,0.094869584
77631,0.24222645
4897,0.17141509
19653,0.894511
92925,0.6713934
22055,0.25833654
110696,0.047946554
79483,0.04919349
23830,0.5710223
62323,0.09901603
42465,0.049601033
34810,0.05141392
98804,0.8417995
100752,0.2375669
39412,0.57597953
60401,0.49191657
68338,0.17143509
105448,0.5294444
105850,0.081782326
46025,0.3621043
21054,0.37261802
130194,0.14438452
123665,0.32553586
42664,0.3885757
84287,0.37102047
18449,0.07571388
116376,0.64880705
24461,0.7787013
85137,0.046003614
16943,0.09506534
69281,0.71047574
139923,0.1139226
105580,0.18485284
112684,0.798365
96403,0.030550307
57057,0.5721066
51632,0.87186843
55737,0.10498682
66607,0.07583014
79667,0.06249536
89824,0.3777861
42198,0.11106786
64115,0.16468115
9859,0.68014514
143911,0.16135888
146465,0.13807066
144111,0.08752739
70373,0.15881893
118153,0.3078641
4037,0.26116848
113655,0.26163018
49690,0.62392765
43034,0.3540691
120963,0.23996072
120899,0.16020833
124715,0.139082
84187,0.13825448
48922,0.23341899
125466,0.06353225
85595,0.07660467
60237,0.065569066
66584,0.11893053
46298,0.19765933
135929,0.18993509
127725,0.05361327
9458,0.049786698
32791,0.04601754
62073,0.115363576
8916,0.26909956
29799,0.30363724
145446,0.21441312
80493,0.42260638
68986,0.9404784
102038,0.05420501
30982,0.24381287
77978,0.025586247
13139,0.764127
44849,0.25801852
57314,0.3255883
145253,0.2500841
45826,0.1526202
84515,0.28722596
21416,0.15318827
31053,0.9631834
194,0.5203483
118870,0.03621834
106077,0.25940892
63547,0.15129593
54715,0.31068823
102981,0.6201475
105081,0.13252841
18035,0.08412094
76849,0.18703985
100473,0.05643417
136100,0.73632044
16292,0.05377699
84440,0.14157368
70386,0.2538663
2812,0.20598328
113433,0.1296501
117548,0.11888488
107901,0.620282
67216,0.15995796
128847,0.12641428
11335,0.098664105
26807,0.83421963
12516,0.04375964
104328,0.10545989
90101,0.09325446
29806,0.73077965
82090,0.69014245
74986,0.3680373
50320,0.12558472
14182,0.3944441
82110,0.7936459
14199,0.113577366
85755,0.91452044
5266,0.91960365
68253,0.8963567
132915,0.054280132
86960,0.20489052
94611,0.24756227
123941,0.14604098
119171,0.34706044
6732,0.062144864
69973,0.16225511
132358,0.37612084
2949,0.7822211
148219,0.5757842
78458,0.1918063
42517,0.784584
15922,0.92798895
11795,0.49718648
55520,0.8307516
84942,0.11949521
61427,0.080497004
64102,0.08459147
95384,0.09792595
135615,0.6076419
88926,0.033325363
25782,0.09818117
8358,0.07626016
33181,0.14459243
46548,0.13009681
28021,0.279871
31063,0.31749317
106785,0.52141273
77560,0.11878465
145464,0.3539187
14435,0.4555908
22756,0.15065931
34019,0.63822
127540,0.55300367
100201,0.11844145
145511,0.45438266
115219,0.12742604
17007,0.7159363
140411,0.06957903
73216,0.0737308
98434,0.6753309
14083,0.08235793
66715,0.27645707
99638,0.19821079
52780,0.058718037
96462,0.25678003
34469,0.116584636
101172,0.23539567
75105,0.50852275
63197,0.42724583
111657,0.2594249
80013,0.2574593
124655,0.9020382
118312,0.050161254
85780,0.1044464
127446,0.28537405
140906,0.10627937
130094,0.10667142
99402,0.39684922
112336,0.042283867
140751,0.106906034
94939,0.07945828
114431,0.052416217
75768,0.1293458
145002,0.2182863
13952,0.66051847
76324,0.013494341
38046,0.37993425
127471,0.09626859
15697,0.97064114
31849,0.15020835
88133,0.08649527
143226,0.13796112
49650,0.42203867
51377,0.5068072
31093,0.12369344
89490,0.04502035
115969,0.062302854
2119,0.025339907
139510,0.22931604
72940,0.13502441
146514,0.091503985
137460,0.24190937
32010,0.037532795
136859,0.5183745
77695,0.10571227
9221,0.13691542
39898,0.16933918
100328,0.03198597
56377,0.1468626
106352,0.16295928
5232,0.08323719
47849,0.3675255
31681,0.6169618
59850,0.1824829
46917,0.056859232
46989,0.26319134
41338,0.27019492
85153,0.09034233
9534,0.35380328
31045,0.04444185
105556,0.4070539
87804,0.044493634
1618,0.32177383
118349,0.09896238
50799,0.3518858
13631,0.7938513
70739,0.12021943
25729,0.055859234
137721,0.044985406
33481,0.10966941
3278,0.07042837
29183,0.4879473
50400,0.94016856
10291,0.36123165
40793,0.3752174
95425,0.29788944
62259,0.18227528
39313,0.041077327
128616,0.05649687
123611,0.77662176
12426,0.04674918
6604,0.03139786
122536,0.057852596
82769,0.16093189
97782,0.40396672
50540,0.30212557
85238,0.6639548
71590,0.054987196
56012,0.05986278
135959,0.11135237
74198,0.52512395
43760,0.052976876
57632,0.45917684
6486,0.13156159
15639,0.29747948
88662,0.12777421
22140,0.6240893
35381,0.122572385
135218,0.13792886
86688,0.08619975
121917,0.48400176
23072,0.46400422
110563,0.52250624
126545,0.25418755
129605,0.22408251
4042,0.31149188
121763,0.049787726
37483,0.12504365
7991,0.24278204
20224,0.062736936
110273,0.15887319
104449,0.14804803
36445,0.9477583
43123,0.37590098
109007,0.14377294
19054,0.742042
133180,0.898267
128754,0.70313805
18581,0.25706673
128060,0.24056065
26049,0.121337205
100867,0.049899213
17059,0.14131771
127148,0.72447234
89439,0.10248229
36383,0.20249788
43755,0.06432274
107501,0.03649812
125594,0.25690103
72505,0.076121055
19869,0.04800513
105178,0.040771186
139032,0.16399935
34971,0.79153734
85015,0.47416764
14817,0.20987205
17353,0.41742265
100090,0.20279184
49119,0.18016995
143547,0.120830216
136144,0.15753692
85933,0.21713793
18545,0.0496111
135244,0.018968308
97785,0.3964668
1415,0.10516951
25330,0.30628428
139689,0.5479992
117648,0.16486654
30764,0.055895153
148447,0.08400063
8914,0.053343073
23998,0.86255527
75203,0.9375768
122090,0.703505
47541,0.4846096
4833,0.07072677
34650,0.14768326
58369,0.07348359
96554,0.0986816
94694,0.9350387
86877,0.08254659
134990,0.19874552
29469,0.4068272
147739,0.55817753
11301,0.22046404
69186,0.105779134
49028,0.42788026
18906,0.25068095
1918,0.15953082
116639,0.48349047
116073,0.09782702
11345,0.33238053
5855,0.22327226
147528,0.03567997
65417,0.11544452
135024,0.30432972
8680,0.7708928
11799,0.20022742
123264,0.08531458
69339,0.043473132
96909,0.2703107
132713,0.17576474
19750,0.09403372
113765,0.8793503
134485,0.29263908
68426,0.10727501
47738,0.04310182
55144,0.20793828
24332,0.98413336
135411,0.5349949
64545,0.09802102
38697,0.058976885
67850,0.10308825
123977,0.8845502
36159,0.44891
45627,0.08479778
126498,0.0990941
81392,0.3349355
90155,0.14698738
78401,0.62623435
9760,0.20972164
122108,0.280642
113374,0.26030332
74365,0.12666745
67287,0.4788811
48619,0.65008426
37112,0.6713377
67025,0.34208667
59488,0.17546639
84566,0.04893131
64502,0.49634936
137949,0.18549041
67074,0.07064232
140323,0.3663261
24175,0.9259917
5857,0.5833786
22125,0.15344773
81695,0.1601864
33175,0.16888039
133286,0.0764253
144208,0.07443292
75562,0.14761856
146015,0.10763943
57641,0.14179604
83136,0.91110665
104672,0.10249977
141813,0.019225307
60201,0.23297697
79398,0.44147593
124823,0.24368031
127984,0.32522774
117157,0.09825589
121479,0.03643337
10414,0.09753357
116435,0.16528884
65599,0.85997546
17903,0.047626022
133980,0.083696604
128152,0.86650616
105647,0.47607666
50176,0.45963252
147135,0.07550166
69877,0.035009824
50562,0.041116346
115368,0.54538965
58432,0.83611834
93162,0.093842454
17459,0.2688732
23187,0.22267085
136030,0.40212402
134167,0.20788716
102742,0.10483394
72371,0.07154104
53914,0.24790823
51612,0.30935812
123978,0.048401456
76247,0.4980651
93631,0.21920438
126063,0.1007791
38193,0.026533086
39285,0.077804185
16322,0.38682303
51489,0.5806549
81814,0.11943799
33015,0.3115506
26276,0.474494
32043,0.06841596
145659,0.07258103
50611,0.24514362
7352,0.62202567
99162,0.46534193
129305,0.113873996
78908,0.09858691
101484,0.41411707
20898,0.0365916
90705,0.31378403
21285,0.09707606
47415,0.095963776
111369,0.0430831
92154,0.08613547
148409,0.06685835
57561,0.51682264
91734,0.1407918
45710,0.099264935
16000,0.6278494
27372,0.038658492
124813,0.433865
47842,0.059829246
100136,0.30967078
107912,0.07857786
104399,0.1623638
113872,0.075344324
27068,0.87802076
117145,0.07020211
62545,0.037372973
140681,0.41376346
75557,0.11549967
76380,0.020355698
100528,0.07935444
65820,0.096967794
22514,0.7482764
118092,0.285127
100519,0.1403738
1462,0.073223546
107181,0.045908988
29687,0.21039525
104227,0.64238435
78584,0.052861344
143460,0.74421406
16380,0.09066775
31810,0.82307434
65030,0.15877612
32397,0.37274122
110552,0.06424875
91161,0.74014527
88643,0.07310145
134023,0.13934349
136152,0.14368242
69828,0.19807246
99742,0.08009458
72207,0.08655596
5889,0.859887
68711,0.016965138
43592,0.14417858
122030,0.07534084
116048,0.4438432
89463,0.044362698
68880,0.09295516
99932,0.111277066
75930,0.342006
37226,0.25405172
100313,0.21375151
34856,0.058516126
79025,0.19146286
35483,0.096834205
7326,0.27293247
96012,0.39500335
144708,0.055649564
20842,0.15930942
77968,0.23266907
145991,0.30605623
52664,0.10369889
41382,0.29009375
117201,0.14416042
75915,0.5918925
41138,0.07843994
40940,0.050069764
68833,0.0703812
141857,0.358038
143154,0.15637128
34646,0.041611675
80032,0.0760217
89633,0.15932922
86532,0.10967043
89331,0.060680203
73825,0.08324071
103131,0.1702007
142437,0.16640668
15161,0.43186843
53494,0.064099394
134826,0.07878364
37996,0.19835496
45546,0.052799616
61093,0.11671435
55544,0.074124336
103918,0.13711056
28372,0.31735274
138463,0.076808
64655,0.12883343
112842,0.73146933
105045,0.041637182
106413,0.64659274
43942,0.074626096
83741,0.579061
86087,0.08938646
123621,0.24643263
137021,0.08012355
11890,0.19448967
85632,0.10946425
12095,0.15783934
128284,0.041079752
143242,0.1850305
645,0.171157
71240,0.120800346
98386,0.1568781
148929,0.23422387
94261,0.14843321
26381,0.48851332
40726,0.43442672
72606,0.12875076
86723,0.27102703
85683,0.2572992
68540,0.035411153
121899,0.05427415
82505,0.05034928
129574,0.15165548
23562,0.1532347
2948,0.1877105
128053,0.081909046
23273,0.27046084
36738,0.13309135
116142,0.04652707
105829,0.8026841
59574,0.07181809
35394,0.5110721
130425,0.11209106
106724,0.0692983
49289,0.13502797
35067,0.5920682
144574,0.18652464
97043,0.29594523
54477,0.06716957
127395,0.21658093
149975,0.7692984
94851,0.06864681
79587,0.10172337
107701,0.12360563
143261,0.6210766
128719,0.19281201
54076,0.07219386
25512,0.3378648
84238,0.19586228
148168,0.43889678
93957,0.14695574
92165,0.40310133
93018,0.037651505
147896,0.29117298
37066,0.3245985
50195,0.020200424
48782,0.89672196
50606,0.09559363
81449,0.5397514
9686,0.9332436
28081,0.036226157
134669,0.4708733
66144,0.2194096
6031,0.047416784
102545,0.2440459
115226,0.395953
142183,0.19963482
57888,0.14068922
120996,0.75990015
34528,0.08872555
76454,0.060584784
40905,0.074122
109226,0.10167025
83596,0.25740838
104712,0.1702083
55595,0.11828554
80882,0.5969342
24038,0.5272432
75594,0.34439626
64182,0.026502687
94743,0.5047845
134050,0.49827102
73174,0.18067762
3093,0.58344346
46036,0.14947832
3838,0.12805986
90223,0.1810052
12122,0.35700604
94970,0.2077363
46516,0.50895077
30184,0.06344518
137614,0.2557253
148694,0.05506276
62730,0.10966833
104232,0.23022401
39598,0.037460446
128484,0.17861734
81939,0.10673921
140718,0.20045744
145657,0.3015214
93873,0.56781
41243,0.21215583
44901,0.102153465
31550,0.24875613
101689,0.086741984
85503,0.33821875
47172,0.0987168
117668,0.30532527
63356,0.052454587
80848,0.11733689
131148,0.17669761
82567,0.23569407
68700,0.1400954
40265,0.043600816
1860,0.027000442
13134,0.22057769
94767,0.033057686
99459,0.646241
142290,0.18308961
41782,0.187554
41128,0.0079812715
107405,0.12322324
107297,0.4990697
107543,0.956403
90020,0.099889375
53700,0.0938771
82099,0.6292496
86942,0.9267519
110808,0.035457928
89574,0.38297927
73508,0.26831248
46664,0.8948487
74460,0.35177833
72991,0.48952064
70476,0.56667906
106062,0.6410278
56481,0.09879681
74387,0.10332739
44793,0.24829547
58171,0.23085922
49571,0.7143848
17497,0.15856351
140597,0.04099389
36169,0.062071405
97003,0.08826049
120284,0.11787455
2730,0.74995726
96986,0.04552334
102371,0.15733013
131203,0.04476361
97625,0.062814765
75585,0.21805674
125440,0.33815053
63284,0.21587345
112263,0.51400733
45797,0.621744
114831,0.09613162
123290,0.122913696
82375,0.51294464
108324,0.037276056
91266,0.36703497
139307,0.49388233
92455,0.56173015
119471,0.2849612
139045,0.73708624
136122,0.60419387
101388,0.19062696
123872,0.21616451
122239,0.42106
44818,0.09381174
74360,0.61356634
102505,0.52684844
17711,0.1280554
60493,0.052600794
21286,0.19858406
95556,0.21719469
10370,0.06238228
26426,0.19476755
16734,0.15821342
105902,0.72018874
143530,0.26300177
22525,0.19507405
120373,0.033566177
47429,0.40593508
52192,0.45831433
41362,0.6536744
67292,0.022424223
67468,0.06689157
93987,0.58484405
95614,0.09255283
5654,0.27313656
96988,0.09370598
37412,0.047818154
76449,0.07917856
80670,0.0719208
149265,0.1821665
58997,0.26030806
49887,0.048665732
97271,0.28867424
89435,0.062151242
109982,0.09553162
86497,0.6536032
136813,0.08481443
15045,0.08522945
85852,0.16256888
88084,0.087255664
12900,0.06144829
25682,0.2532481
143158,0.90117544
31069,0.21518676
77191,0.04316658
1370,0.08047722
127996,0.10306375
148951,0.16573104
127697,0.2982559
25974,0.106897146
87915,0.5527618
22269,0.0721134
53936,0.4823082
84401,0.16096358
42428,0.12254992
78690,0.0834059
18007,0.13436961
141696,0.09631626
87824,0.23933092
60134,0.19181918
115822,0.1435148
12401,0.11314763
25923,0.2149349
138074,0.41130313
93197,0.060949396
103199,0.3785421
18655,0.08538023
133025,0.033404224
75202,0.15385233
127126,0.05286988
62362,0.95185536
127165,0.9036749
5625,0.21685216
13697,0.08958919
55341,0.09914511
47428,0.07697877
63768,0.044924725
112015,0.061377175
37837,0.09879728
53959,0.30681103
34681,0.1084273
148678,0.05384611
118058,0.088367715
139992,0.18133032
134546,0.15157242
47031,0.81415284
118852,0.09630914
69367,0.11941839
44338,0.105876066
126461,0.06671972
51785,0.2956623
67210,0.0636828
1652,0.25356352
3541,0.052100275
97107,0.30888322
99672,0.5754456
132186,0.08083741
37080,0.09427429
31147,0.04970026
44554,0.57136506
43380,0.94128084
21057,0.034572717
139402,0.2639998
96931,0.7530128
52263,0.24026571
57024,0.033020962
48532,0.03306773
113804,0.13653468
64334,0.07982522
143559,0.17259379
54847,0.6641922
117946,0.05745093
141414,0.109635964
127718,0.28660953
11215,0.061224066
91876,0.46180508
18045,0.36800608
135354,0.83808756
20626,0.07393475
2188,0.1876843
57230,0.77356327
111981,0.2839583
136606,0.19397475
106655,0.19783793
7186,0.0670071
57258,0.22900811
140394,0.040941685
125547,0.094409734
35965,0.28520417
11898,0.32786688
54050,0.14500733
77937,0.6332579
70672,0.14302629
139362,0.7609514
119233,0.54232454
80781,0.19529377
88433,0.24936655
115328,0.120965265
56019,0.10632236
76041,0.09650336
100078,0.31248295
15360,0.50013924
58837,0.24671149
51787,0.091102116
21027,0.11407015
68857,0.62677157
7571,0.7723842
109199,0.06119868
55677,0.45340568
138991,0.31536013
14479,0.28500822
111915,0.18968144
149967,0.09324737
38495,0.14043817
2092,0.035960387
123098,0.45696262
116631,0.275992
97276,0.04149637
99240,0.58448184
11246,0.05654928
33066,0.54726595
140588,0.026308853
83943,0.18009561
56905,0.38032308
90428,0.0518004
10752,0.031152686
41052,0.51356936
33490,0.21415468
36094,0.06469291
96761,0.03559645
82293,0.040175103
78294,0.2828232
133968,0.021788971
36443,0.12337143
65822,0.52343434
39601,0.4538336
7202,0.116699494
114782,0.18813644
116336,0.11655978
67399,0.7397504
46183,0.27169347
37771,0.071511425
14520,0.090863384
45070,0.36589915
63201,0.106444985
133933,0.24503765
45187,0.18238121
58011,0.039506055
128139,0.0692153
61980,0.3921902
138439,0.03358459
84606,0.7883381
67272,0.07226899
125479,0.04326601
51180,0.34574765
96448,0.031207262
130112,0.08709455
144858,0.58801675
139258,0.5583501
43521,0.2305023
112440,0.14314732
10096,0.3924825
89826,0.097589515
55485,0.20165394
88570,0.18038426
56518,0.1941493
148508,0.22859111
113044,0.2338278
61610,0.20916218
132527,0.11832735
17647,0.11816565
10300,0.9289367
100656,0.110950455
72873,0.54803777
1584,0.12913124
85160,0.63087314
3576,0.12357865
88628,0.32471815
25376,0.08451459
136878,0.12967294
101894,0.09281664
88990,0.78643847
18355,0.26025674
20520,0.0856489
48369,0.03302805
45966,0.15998025
66031,0.7224817
75210,0.62117004
22180,0.9186559
34736,0.08833148
129960,0.6565913
50958,0.17286813
33993,0.54489994
51952,0.034294758
60069,0.04288035
133359,0.08297891
40306,0.0591172
129497,0.4866013
129923,0.17555086
53682,0.4906208
112459,0.034684442
135046,0.061666206
147937,0.9015749
87066,0.074492365
115617,0.042480744
14646,0.07181701
64332,0.96179104
73266,0.05210168
63055,0.11166668
48011,0.20542043
86876,0.032210983
2148,0.27766034
2191,0.14478123
61915,0.06798765
41687,0.23194925
122669,0.25604826
101530,0.30511075
12608,0.9381028
85427,0.5786083
83981,0.63789684
129633,0.051069483
3703,0.27456865
144256,0.601564
3579,0.08407149
134940,0.07395092
33097,0.19982469
33735,0.07701069
124496,0.25643498
27361,0.42806664
2738,0.03830377
63723,0.08523952
34153,0.24019966
122332,0.08793797
54602,0.14857598
67344,0.4441168
113074,0.65164906
76225,0.048345536
96421,0.48406368
39896,0.07948507
130785,0.5340502
34190,0.05006947
10411,0.50384307
122623,0.41411957
71197,0.19383791
71906,0.08568865
86013,0.8295829
138803,0.20419376
96099,0.43446597
106015,0.12918001
18746,0.060564935
34502,0.78919923
25082,0.58411616
116518,0.09542207
138063,0.19572718
131727,0.82981205
98737,0.10052623
28726,0.105958655
7243,0.3827302
112376,0.67014456
60993,0.20092082
27395,0.5894073
145912,0.13250428
87835,0.18307576
96517,0.2994737
98468,0.15288605
57101,0.12383402
30438,0.08058985
95715,0.093315944
36478,0.17955169
96782,0.100008324
117125,0.4920665
126505,0.20146455
90975,0.08769689
97129,0.15840845
61769,0.27604616
59173,0.41209263
49546,0.3142893
60541,0.070063636
3885,0.97803384
65715,0.14439781
8045,0.55048466
101217,0.07503215
127036,0.15762503
9206,0.04833811
135653,0.7761897
5406,0.06592385
119613,0.66452986
56587,0.20146637
101951,0.08656169
97858,0.10277032
7961,0.6536603
113383,0.104531296
26829,0.06063686
42316,0.26637414
18286,0.6319599
50447,0.09789178
139212,0.3087676
128385,0.107164934
9700,0.124678336
117756,0.11147415
79797,0.44237927
58374,0.11765142
104446,0.11070068
45611,0.14278948
83387,0.4400935
111876,0.72972053
27214,0.043884777
44965,0.044381402
21739,0.45235297
63602,0.12647565
37503,0.25920594
146946,0.21560895
109764,0.59635186
10106,0.022878282
37686,0.3148796
51166,0.42736816
6317,0.18957536
16083,0.09189964
43626,0.075085305
15487,0.24560772
80945,0.4036359
119856,0.079619534
110,0.14478074
93708,0.023903957
73117,0.12999964
39633,0.3485224
8982,0.041622534
77012,0.075886264
63803,0.07212012
102817,0.22727802
115128,0.10014703
133817,0.7647232
92347,0.21396624
139417,0.068861775
16449,0.53987825
29858,0.27723923
53323,0.11352543
26131,0.47904715
125211,0.37327072
145650,0.4516049
137879,0.0690032
126522,0.08988094
21784,0.3907448
142587,0.33061796
111073,0.14608195
60480,0.057480402
58830,0.57038456
90769,0.89960426
24372,0.1603345
61603,0.34888622
40116,0.7831593
6367,0.5868245
109816,0.101151556
23761,0.5718186
26192,0.46738485
38569,0.4663759
36516,0.3161234
95275,0.053105254
111117,0.2361304
133935,0.1565095
93687,0.21813689
147260,0.18445018
130323,0.078588106
144725,0.03756753
129593,0.28625512
75573,0.053939167
56617,0.5322316
42211,0.5151428
42722,0.40992466
145781,0.045783374
27884,0.2658764
79328,0.092015564
72267,0.3498831
99632,0.34608018
14312,0.043180212
96233,0.13248625
72816,0.050555076
75626,0.35708177
4007,0.04259235
129223,0.35120237
63923,0.31218347
122942,0.43223748
33489,0.06284006
87264,0.42315945
8154,0.09329275
67927,0.16125216
82058,0.05346079
136518,0.15710999
88358,0.13325022
7909,0.6549001
97033,0.2198302
87716,0.3994032
412,0.06888934
137924,0.8627587
149778,0.226779
127783,0.3014823
13147,0.49995196
9180,0.10925696
27747,0.13870412
82843,0.5976845
51551,0.11413519
39186,0.39545113
19547,0.074863255
75962,0.12148498
125305,0.040609624
129722,0.10452973
131698,0.03746822
18499,0.33761233
122454,0.22356884
33724,0.06786235
11725,0.03778436
133159,0.12532713
108289,0.15009446
133200,0.08068474
65545,0.14864264
27449,0.06259467
48465,0.67614657
103441,0.074853264
16244,0.4043024
73661,0.23731391
42326,0.16801682
116219,0.13423416
23962,0.9534214
8670,0.5000412
50949,0.72046405
103897,0.058974855
85979,0.8179518
67724,0.086392835
142715,0.119934574
13055,0.11471725
21972,0.55213755
25807,0.45770958
133604,0.33215263
78190,0.08479657
39292,0.5350342
52264,0.5898959
58549,0.74573874
91591,0.0971091
124204,0.018570378
143004,0.12831323
27123,0.6116939
74650,0.09373625
11030,0.03324163
109210,0.8576443
148903,0.0708366
58082,0.15005922
81983,0.077876545
61337,0.09423856
98999,0.48161
105768,0.13264504
114358,0.5364703
45602,0.041018166
123331,0.07333091
141736,0.77199346
54479,0.1431369
70081,0.5352277
109908,0.18683074
67387,0.19702725
56403,0.09451591
20747,0.5978144
5665,0.1451513
137273,0.101343885
43974,0.4446793
129870,0.105316296
8330,0.15671284
25291,0.9277566
117417,0.097947545
23596,0.22431421
102218,0.5722506
69777,0.8673909
33067,0.5004074
27212,0.06849804
134534,0.17638242
59471,0.056829453
101451,0.0630569
148944,0.07734819
109826,0.15178168
122269,0.16669546
123763,0.17037363
76134,0.33357558
35388,0.5428217
23951,0.35824183
61730,0.15701126
99245,0.12347753
72394,0.26911798
8864,0.1472011
79898,0.4009665
58510,0.3482288
143525,0.59401494
147668,0.1515593
75652,0.38127097
147784,0.49356383
85713,0.14988782
75728,0.16879223
112265,0.06609655
134274,0.06768963
125947,0.025218008
44775,0.052361097
2428,0.2574666
66182,0.65507394
55036,0.04941858
31559,0.7830199
103852,0.050458692
84538,0.080080785
45414,0.28362066
71177,0.086552866
42568,0.32447287
87123,0.33865
143391,0.39287615
145145,0.028811194
91524,0.09476974
72614,0.14171544
24631,0.06390877
16873,0.08137003
130553,0.71261847
138317,0.032486703
146360,0.7439515
84466,0.07565674
145342,0.054878846
36681,0.37347016
28943,0.63499504
10085,0.5105934
61439,0.035466082
95642,0.54381907
130010,0.036982894
49604,0.2954178
38367,0.4073311
19380,0.4649358
47673,0.16997103
93469,0.061787054
106241,0.05425181
8728,0.29973534
22495,0.2977324
124922,0.46710023
112980,0.63970405
27652,0.23416995
111301,0.32169497
48362,0.15746108
105538,0.28839886
9863,0.37450668
93651,0.5726789
89848,0.16168089
70210,0.041532315
129071,0.04895514
100766,0.06888954
142467,0.040035076
93598,0.19183032
62488,0.13550153
70807,0.43179575
100127,0.07040321
76656,0.109474435
10088,0.4522464
109039,0.30520663
130610,0.036909696
83461,0.06398329
122062,0.06995979
140142,0.19827567
126483,0.02040589
75680,0.7522442
98516,0.060299266
117522,0.14743373
105288,0.14203864
10855,0.13160025
92790,0.48328808
39947,0.3743964
103505,0.07316346
97636,0.051823623
138301,0.19743142
92406,0.34704626
102560,0.041646224
48116,0.069958284
46468,0.054595213
27640,0.07094305
22259,0.19282153
136002,0.39669088
98640,0.041268904
117292,0.05196756
79478,0.06138725
100418,0.1431151
6347,0.7493358
143470,0.35004073
130803,0.40556133
116430,0.6397711
76304,0.12342535
75170,0.0806271
138630,0.9359393
43948,0.22343044
56005,0.48072115
5642,0.10652694
13844,0.024568196
58062,0.07528795
148974,0.0933149
98399,0.18957284
84356,0.48684794
30359,0.6662178
24573,0.35751674
111163,0.040454302
46962,0.48627976
33059,0.2741436
122977,0.14783734
36322,0.14291804
37383,0.56019384
66459,0.049459312
103912,0.08950455
131292,0.055718806
78717,0.8920758
36621,0.7410004
41256,0.07002204
121728,0.07059108
129561,0.2898811
50978,0.23276985
75032,0.65715426
19449,0.3761334
23986,0.043981984
35285,0.5411391
75624,0.41256937
100269,0.017087111
65758,0.1679561
29481,0.6131152
48353,0.79957694
69302,0.72724247
79030,0.06591354
12852,0.8340553
32452,0.7325979
1966,0.18052146
60660,0.64530176
114084,0.12641275
66627,0.39236748
41179,0.141416
57228,0.07334795
55450,0.27239975
27224,0.22977427
7219,0.059103422
4563,0.07226303
149616,0.09578874
50165,0.11817463
27990,0.18388508
32895,0.18695168
60162,0.82876694
138721,0.111611634
85989,0.9229339
107865,0.19400266
140283,0.29264602
148484,0.09522202
78839,0.21125878
72022,0.10415349
92223,0.0679776
105165,0.964178
54899,0.06717302
89314,0.016738307
52256,0.5894517
123184,0.30526865
11841,0.09120959
22985,0.29159784
98087,0.29384592
140258,0.20842695
65503,0.5554878
92644,0.22668873
103757,0.2679189
85195,0.44065574
77531,0.09708429
110380,0.4901048
67337,0.07796183
62388,0.53563255
30297,0.5801667
10878,0.105806045
87047,0.69307995
128913,0.08966267
35512,0.41708556
142756,0.08176809
67472,0.07502517
49268,0.22399577
32564,0.5172962
4754,0.18620011
22592,0.7594588
114025,0.91281694
88216,0.13407955
118971,0.1089707
145689,0.14721633
82609,0.039450586
97073,0.09517649
90317,0.06670931
110341,0.10094029
80502,0.09200613
77602,0.25025725
52471,0.71261847
147221,0.18693644
85006,0.36051056
78420,0.25633645
113336,0.074784525
29016,0.53933495
127968,0.18107183
20449,0.11058985
13019,0.12869193
53399,0.081004344
31181,0.10905605
140937,0.40429184
104860,0.15862837
60605,0.06806554
12062,0.22535889
130939,0.02558462
139389,0.20463987
53234,0.09440171
148443,0.04181321
86022,0.09719612
109777,0.11813445
25283,0.4045854
21499,0.03676915
5141,0.21367903
106746,0.36785603
85657,0.04965968
70987,0.111927785
4507,0.17242719
137998,0.6715187
111441,0.41761795
33888,0.05903193
7079,0.07369528
102193,0.12205301
61287,0.35794094
48489,0.17186798
49170,0.44966313
5666,0.13466837
74341,0.046702683
131240,0.43039984
87810,0.07716003
58343,0.07467104
107064,0.08841204
143786,0.13605568
120393,0.08556228
137493,0.0629071
99573,0.40926316
80867,0.069616355
22991,0.18304725
103125,0.28336093
85044,0.28687385
43352,0.10785076
54294,0.07259473
131942,0.30954152
26872,0.18742216
125860,0.6055676
139483,0.14173934
124588,0.22873126
100018,0.72147894
142633,0.24545784
19775,0.22104877
86742,0.6145872
33824,0.26012203
50960,0.07437823
76028,0.15221605
115096,0.38006744
34394,0.85479826
143304,0.4573403
102035,0.8429479
18513,0.4887369
71104,0.09234205
73163,0.015400472
128937,0.051034357
111622,0.012714355
1161,0.2362287
25605,0.35645372
50681,0.18511558
42524,0.56713104
3158,0.08378908
113651,0.4222026
68587,0.11571372
103653,0.05211641
87820,0.20160846
27685,0.07581388
4867,0.06357202
19970,0.10272785
58670,0.2581713
86467,0.96603316
44317,0.06223056
98086,0.15217206
145666,0.32001355
21979,0.6140638
41046,0.08001023
39072,0.24633498
115927,0.25972936
109912,0.052595828
88379,0.057012457
739,0.5477629
30242,0.4963862
136494,0.06782111
137233,0.12244577
59058,0.13262103
26567,0.23858021
71239,0.13822283
20139,0.10255814
52102,0.40282905
77884,0.11262521
115295,0.12348391
138563,0.051155154
105489,0.33085647
58601,0.06373067
32221,0.548268
23028,0.026593793
19011,0.06888434
36512,0.3625174
72920,0.34900475
956,0.17172302
133076,0.19565307
19416,0.6924705
83121,0.045564692
82260,0.08016927
29290,0.5020364
108264,0.66130537
3199,0.049670294
23038,0.40935943
17765,0.53450507
63842,0.06805923
73047,0.07496226
32164,0.24112019
62449,0.084726624
58382,0.4591663
18889,0.053850345
66881,0.97026676
135540,0.5213518
82722,0.13565695
85064,0.18424137
96026,0.05939558
131071,0.43561742
85132,0.2868422
58671,0.10239504
115211,0.20687565
37706,0.13979746
25262,0.67579097
22458,0.62338674
38576,0.09425791
48276,0.14448527
64858,0.029992783
87228,0.26352465
135181,0.040353168
140623,0.45749468
55796,0.24887569
40644,0.14461595
92440,0.13407008
58716,0.73783016
75274,0.5227906
34574,0.07690564
101607,0.109755196
25965,0.21066408
88760,0.1111531
38615,0.17641376
18131,0.054796126
105219,0.35065505
72065,0.054786
27440,0.9211267
24397,0.09168433
95844,0.33461004
106979,0.098835826
79676,0.017147424
13779,0.084869355
45906,0.11700705
109916,0.6117622
41524,0.29954737
18147,0.31489557
70756,0.39618632
93014,0.04699565
75696,0.059767947
5311,0.052686967
40617,0.79459715
135495,0.107139885
76549,0.0328468
122987,0.06412636
108121,0.07383638
80824,0.030147754
75011,0.22028002
68560,0.22728546
149612,0.17651832
104648,0.4450308
53611,0.314487
134603,0.058814727
6340,0.117958575
9720,0.10238963
141575,0.6878294
90253,0.09519291
78133,0.13969973
76777,0.24393147
17732,0.04540516
134612,0.072024226
118016,0.0351886
92910,0.21814583
64346,0.037449807
41454,0.08124965
137132,0.14363083
93362,0.61601424
68938,0.115556315
8873,0.13185517
34390,0.07557831
100159,0.22402436
39006,0.6353822
5246,0.11612864
8401,0.09526906
104611,0.28787425
92204,0.15686296
96812,0.31938526
143777,0.17076577
23904,0.58491176
29037,0.40400523
124687,0.44897282
64599,0.039432187
124704,0.23865023
1413,0.7805145
60690,0.16607812
31134,0.12742487
10796,0.17662045
115629,0.13974099
115067,0.3440949
81740,0.666593
119794,0.55641985
23361,0.02598691
144034,0.20461373
131113,0.16854228
111318,0.18851772
70574,0.47320953
134769,0.5877325
96960,0.16685468
118964,0.03966131
133124,0.08773272
47761,0.061773412
83279,0.049438275
92089,0.4029482
45210,0.32629156
97274,0.0921717
60738,0.3060263
119279,0.21758479
106626,0.37190887
1936,0.71513736
138064,0.30388865
146402,0.21290874
133754,0.15767668
105781,0.19283606
54227,0.12798554
14431,0.55687267
58886,0.5563088
144711,0.25149912
13381,0.11555262
76320,0.3828193
72384,0.1154978
129982,0.07756505
101987,0.31773412
7044,0.038076185
9804,0.114920646
80052,0.13069354
3705,0.46030557
5273,0.07318736
32320,0.15674773
121780,0.015539541
3710,0.07224535
139875,0.07686569
145037,0.2961395
112794,0.054221515
130592,0.08795119
15144,0.03960723
17370,0.23987661
73011,0.043235753
40744,0.16843975
89134,0.68980545
80525,0.08747606
81292,0.8202535
55639,0.12246412
53812,0.34572884
11295,0.60548097
92380,0.19093308
7118,0.9712232
61135,0.09001258
142864,0.1719316
89833,0.2776223
87791,0.591037
95107,0.6772032
101126,0.6461827
113759,0.23166233
143430,0.07165353
64567,0.2653215
133601,0.31087726
63348,0.10248966
85212,0.037228025
67054,0.11700846
33694,0.33130342
472,0.047097936
4962,0.3150574
149064,0.4469392
55755,0.5000761
139953,0.12677892
10368,0.5307571
15342,0.8308496
24013,0.07060627
11305,0.59224147
142840,0.4392396
119646,0.09476731
133021,0.06328713
108230,0.962494
106814,0.04366045
10358,0.16329889
72931,0.10831384
94474,0.9501704
103771,0.8741153
137865,0.9362385
83482,0.9230321
34922,0.07974057
143358,0.05440024
38183,0.10457507
122978,0.519965
123296,0.096236214
94929,0.09079424
109124,0.22056367
69030,0.046041317
63794,0.86577517
11573,0.07227084
103732,0.51660204
21681,0.042953525
85317,0.10579646
60467,0.084467635
55599,0.25710133
5263,0.14589977
96475,0.24152154
24167,0.062598996
76745,0.055222828
68842,0.06911555
147166,0.23715682
73185,0.06075626
130887,0.29422942
41631,0.05414377
128422,0.16311458
84878,0.12111272
83756,0.7205218
121870,0.9409761
133584,0.080637336
78257,0.71401316
106326,0.16741973
144345,0.09190215
10280,0.14317942
866,0.06672674
45250,0.037995737
78079,0.19421946
26980,0.38660088
16060,0.055173878
110671,0.79105675
63812,0.19471918
25003,0.59697455
129393,0.21551552
149437,0.07502128
67170,0.08353191
65725,0.063430704
37190,0.47001544
116488,0.08609505
94391,0.295644
146562,0.31619477
39521,0.11301729
141569,0.23983157
146346,0.71187365
219,0.22189564
104836,0.040370986
142518,0.6406053
50336,0.6420406
115630,0.15953617
122771,0.41420218
6389,0.16069664
96959,0.3733739
81902,0.6234272
104427,0.34801993
12272,0.22167291
76079,0.04145729
27917,0.076124996
124198,0.5206304
125809,0.45544186
52966,0.79513144
79089,0.11137708
110484,0.098399654
125031,0.34702352
148723,0.9139291
66805,0.03147727
43925,0.08962741
76153,0.06863457
73836,0.41917714
76598,0.74054885
98418,0.05296339
74456,0.037412398
34904,0.16880384
40880,0.100540996
131217,0.78106683
100620,0.08006379
71328,0.3912563
44697,0.20803224
16320,0.8648831
125284,0.025435627
47708,0.44583568
85987,0.4099911
121491,0.23786138
146161,0.37092912
147101,0.6807676
128411,0.42234483
122162,0.85445774
5626,0.0959451
36351,0.07113788
1012,0.86232483
30423,0.8855306
116348,0.10491718
62722,0.4273851
136451,0.3209041
126794,0.11257401
118201,0.07062166
55080,0.12408424
137803,0.1321542
136028,0.18668608
66659,0.57766336
46734,0.18201959
57829,0.038144846
48239,0.8601076
72360,0.0741649
45108,0.20399839
128595,0.13382082
73585,0.13564739
59733,0.25902387
82516,0.8842288
40445,0.5531301
143859,0.7231715
75482,0.55901587
45855,0.1617501
111728,0.05639791
80051,0.099548385
14653,0.36845624
30848,0.2572254
53061,0.6673254
93513,0.11600955
50268,0.4563498
21090,0.14016242
82479,0.22924724
105755,0.27679938
100533,0.60362667
110499,0.10154304
55879,0.18387689
105310,0.1718269
45323,0.13438837
12870,0.03315162
42140,0.86201346
79507,0.06248248
85754,0.32633683
17763,0.018432159
111495,0.6792149
58667,0.31422436
49158,0.4727543
140215,0.2061865
71846,0.05666903
67101,0.7621129
135291,0.23897205
123956,0.2595534
3336,0.10601235
95262,0.9581625
120330,0.34498268
52968,0.060066592
94783,0.11023173
148226,0.12653771
63375,0.19102183
92049,0.8920334
102031,0.7688167
2778,0.050855663
46655,0.844673
78284,0.0363183
48041,0.77132636
82899,0.7376629
30558,0.6694674
2927,0.05183157
59969,0.46860105
84206,0.18275912
133442,0.11084648
110903,0.06058309
64922,0.2546847
51439,0.14410189
42126,0.91413265
5303,0.06723083
116482,0.3727828
121188,0.97764826
128062,0.5515827
19884,0.12085618
79834,0.7168528
19889,0.05466995
102970,0.0413781
147932,0.14932525
111362,0.10366636
96567,0.5602826
91380,0.8377033
40386,0.06329328
62772,0.12023109
25835,0.069802724
67301,0.172389
25687,0.13105655
10975,0.110510804
135522,0.08402733
10233,0.048429474
147004,0.15426502
145691,0.53419226
62707,0.47780737
1388,0.23113507
129011,0.7751938
143098,0.13668232
27914,0.6096554
86004,0.15183306
111793,0.4145164
58577,0.055323012
14240,0.9403369
117226,0.09644384
124878,0.8192937
7944,0.48444876
81336,0.06240489
9657,0.85894316
29972,0.3600727
44830,0.030775592
55652,0.82590914
149811,0.5906018
29477,0.04891691
128547,0.6208037
134934,0.05981472
42512,0.836183
131979,0.9305074
111392,0.5722753
38530,0.09581042
6970,0.58495396
12715,0.105368525
257,0.51114464
64154,0.8692929
114984,0.31845102
114007,0.05277228
110312,0.34156615
59689,0.03972238
10053,0.452329
131098,0.083473876
75213,0.20170486
83546,0.68326575
85361,0.17807321
59117,0.12323882
23365,0.05748598
26914,0.040490385
32236,0.27307487
127429,0.23395447
124192,0.56234235
130652,0.3751958
88336,0.8421176
29212,0.059989855
131744,0.31983072
8721,0.6015912
112422,0.23150003
143280,0.12579438
45610,0.849114
127671,0.10606569
48374,0.62321216
138094,0.21025455
41323,0.2769667
64681,0.10028456
34767,0.059067603
14693,0.3197247
31958,0.41935468
140726,0.19717082
110040,0.43984917
32299,0.14978725
127494,0.23793074
11845,0.19955635
144303,0.7023559
60344,0.07937439
37164,0.069036365
73385,0.07274326
16274,0.121431254
73366,0.39325052
20296,0.15737863
39800,0.124028146
12919,0.16238298
3416,0.10743556
71619,0.15571499
4442,0.43147546
68561,0.9382303
4854,0.17896113
69542,0.037636604
43845,0.46979213
101641,0.06531723
9249,0.45363876
140308,0.531824
78159,0.5592132
17558,0.9645729
64258,0.92733616
72009,0.30859405
137469,0.0669751
28076,0.4989791
24314,0.90098053
40057,0.16891044
47846,0.07647976
136003,0.11587972
96426,0.048080564
78453,0.106777444
78914,0.18470949
52633,0.086195014
101226,0.8788429
124337,0.9112945
41342,0.21012554
140364,0.06605026
128789,0.11596226
7381,0.035122525
1264,0.11745247
37249,0.06400804
80523,0.10612095
144996,0.08946173
96721,0.09262481
131339,0.07557924
85338,0.28395683
31293,0.02968887
6346,0.4124677
28754,0.7059481
118533,0.082462996
5117,0.06309827
112780,0.22040036
138408,0.08924197
76212,0.052616563
14957,0.8463967
10123,0.658658
93699,0.13364615
105328,0.09017617
71485,0.10313464
27206,0.05642803
102537,0.13361774
90350,0.33587557
28595,0.18652347
104571,0.12625548
22353,0.06229085
24224,0.052894156
43586,0.106793284
54262,0.62926745
78972,0.068741135
14456,0.128073
33902,0.060241565
39423,0.16205168
135877,0.5689574
32796,0.056923922
7486,0.61446685
128904,0.39694837
91961,0.3808639
122275,0.16738313
127814,0.06570946
9514,0.34894252
29158,0.97351944
2888,0.053681266
121485,0.09550108
144913,0.12915374
209,0.25680605
19227,0.15670249
83860,0.3060578
48863,0.5751487
92120,0.08180942
12030,0.2668072
5632,0.5779285
21167,0.09820482
31741,0.21852313
19381,0.05367715
51841,0.059223153
94553,0.73972285
102793,0.7854362
66786,0.29041904
58392,0.05859651
43235,0.12351638
120946,0.17750615
127858,0.035006765
69133,0.317958
102860,0.19842543
59253,0.42029238
146765,0.05587807
87982,0.1492061
88098,0.7514789
90494,0.03899501
149275,0.059468124
93543,0.20174897
146962,0.03465721
2772,0.07562183
113240,0.7572681
16215,0.57784325
38207,0.13085715
144756,0.03691328
65630,0.27933255
92787,0.097876556
9915,0.55355763
103198,0.4413977
3611,0.48250467
3412,0.21059866
18092,0.38393304
75803,0.101081215
39731,0.4361027
66612,0.43170756
5430,0.04734167
61232,0.20635073
145315,0.5316547
52615,0.110089816
79270,0.6306564
93079,0.11078255
113089,0.54901457
73707,0.1639793
117033,0.08302068
35088,0.53831977
39857,0.16015865
77315,0.33065233
694,0.84360343
130409,0.1603767
84367,0.06421983
47727,0.1992527
64564,0.6615837
58318,0.27449775
145496,0.62320876
70923,0.1331616
134771,0.14207976
30483,0.10297119
109398,0.09442095
11386,0.277061
39988,0.1184344
57105,0.8935782
28568,0.2343384
22099,0.5526697
124661,0.32713684
97387,0.10489436
103966,0.04525163
77617,0.14978634
144560,0.05260197
93447,0.1619583
102964,0.59587765
96168,0.06790106
10351,0.15595162
34034,0.5734864
56349,0.025743062
43841,0.12653697
65037,0.1242269
96937,0.5099893
110059,0.043274745
82406,0.029974325
85452,0.14389296
10989,0.14749579
139710,0.59827894
71086,0.31100282
118424,0.21161696
71674,0.7821234
35454,0.7686269
66361,0.8131337
115965,0.07073374
34022,0.10074469
147201,0.24757475
28190,0.05656396
75484,0.38269627
65489,0.24510126
104199,0.17870387
145943,0.052190956
71506,0.936215
92808,0.08069317
25621,0.17827176
104254,0.1108134
135899,0.9420986
143034,0.09749894
56109,0.03002088
83265,0.5882782
68432,0.3723524
61008,0.03144301
121111,0.37956947
77577,0.28265503
53062,0.081347704
74681,0.018075991
140509,0.69353795
130841,0.9621622
78987,0.1662158
72421,0.09829223
43891,0.06346904
122234,0.057193343
109794,0.07456862
45197,0.118299015
58266,0.5304466
33156,0.34534404
83653,0.739495
149168,0.0691042
109540,0.31933302
129814,0.23713347
66713,0.40592644
147889,0.455184
10783,0.485605
143517,0.6004968
66010,0.1073534
34127,0.124636635
132897,0.29397383
121108,0.09716169
76874,0.08759185
105988,0.075276196
97558,0.09908532
87853,0.7131853
10844,0.052583642
1989,0.015990552
22701,0.11924373
146170,0.051546987
87707,0.05202407
33442,0.10623547
56469,0.12766053
46523,0.03745297
124122,0.11774342
16825,0.06837032
37353,0.2641597
126266,0.34226227
71320,0.31737882
132729,0.09841577
133772,0.04965624
104460,0.08342276
17445,0.49040082
136167,0.04939509
143589,0.06445384
134314,0.054068983
131417,0.648213
11049,0.2184506
15949,0.21066657
13239,0.090198725
48570,0.037559357
148363,0.08947878
65880,0.1038585
34472,0.009120288
90978,0.25335878
124965,0.04966378
55687,0.11110226
6694,0.8414592
84185,0.27225283
88771,0.12506649
27763,0.07735187
146064,0.09724381
18109,0.30275673
78871,0.030442843
122618,0.051680055
119018,0.15074666
36058,0.01266808
52241,0.095897585
88972,0.72704947
149535,0.060947597
85148,0.6907747
25060,0.04450242
45469,0.36880705
20038,0.10451597
15185,0.4981504
101315,0.07930692
64775,0.025624812
48590,0.095417306
41165,0.67848885
66398,0.15387484
17707,0.4878882
11216,0.78287536
127961,0.049682878
27559,0.2811378
8799,0.1430743
31030,0.086244285
17225,0.14809212
141722,0.036690436
60421,0.2020616
95378,0.46382433
92163,0.060497697
120276,0.110939234
122406,0.025487524
38252,0.14620708
146484,0.14653468
46992,0.09729116
118912,0.10617619
91490,0.52921975
55591,0.09811744
47505,0.7491015
58462,0.46708587
31095,0.13056429
39034,0.31838065
81931,0.49585715
84582,0.10777793
3973,0.030710964
5712,0.19124386
79643,0.0984617
21408,0.08653282
130779,0.8463915
75709,0.37265894
9332,0.5153603
122521,0.10836792
48419,0.10918763
20997,0.18004511
84351,0.11972869
99649,0.046682563
33036,0.20275949
106266,0.31029877
117485,0.40257353
79793,0.38517952
41996,0.21086322
146993,0.03485218
65409,0.101597674
101917,0.5081339
99379,0.12600356
35614,0.22356144
69893,0.5034492
48724,0.2994901
103243,0.36301386
22219,0.10954906
25024,0.17663944
75889,0.07270457
55433,0.5830021
145177,0.35134423
44114,0.046597924
103983,0.031001093
114660,0.044304326
76094,0.12328078
36483,0.511455
8958,0.5179535
50783,0.07226303
103759,0.033490937
72427,0.07402042
11726,0.107365794
67633,0.038485173
62634,0.17889263
123470,0.07386974
5850,0.81218916
95057,0.36203298
129602,0.30635598
13420,0.17166519
146386,0.09152568
67693,0.2535968
76772,0.18581963
38528,0.56619644
119016,0.039323512
9630,0.973152
51380,0.1921011
75212,0.73750913
125537,0.22179343
108589,0.090005375
137666,0.023226576
132767,0.3116959
53956,0.1285339
60258,0.12772936
19284,0.6683192
128819,0.042591486
103217,0.4011233
70743,0.9626723
621,0.10683187
86738,0.76631165
113629,0.1381323
64195,0.16721278
67153,0.075239785
148112,0.7885171
115835,0.17821252
111514,0.94300884
6223,0.044094037
122901,0.6427314
68147,0.6180001
43555,0.036862455
7717,0.6421647
21409,0.08771746
31144,0.04270094
117773,0.18810116
26544,0.119701274
115342,0.75247175
73861,0.050861113
114578,0.064686835
93942,0.81569505
31919,0.06315567
93507,0.43890515
37626,0.04338507
49986,0.9474743
125778,0.40590468
85075,0.23730738
91555,0.10366284
89852,0.12905076
19987,0.0980571
38666,0.061116114
41514,0.24221472
53329,0.113117166
26402,0.07059408
521,0.7485817
146440,0.11820526
109304,0.3168409
72027,0.77839696
98583,0.91335565
113623,0.10242823
66707,0.07937868
37485,0.088842034
134397,0.48657006
83277,0.047180075
124601,0.14209192
72392,0.935061
92833,0.04972248
105060,0.10068153
121995,0.1189641
14283,0.05703029
27156,0.48107776
35063,0.87883174
2442,0.41047058
35306,0.1255149
139138,0.6730148
42713,0.114429176
99763,0.13759564
97663,0.7196059
18998,0.048045974
7266,0.0662645
5773,0.5249404
69091,0.78781605
91475,0.03564849
37426,0.25972793
101285,0.11325288
114648,0.117123
53041,0.8722208
118537,0.046899803
129973,0.04024413
88288,0.5410875
57835,0.13516924
108463,0.34254596
55744,0.08828092
7847,0.13408592
56483,0.31910872
124242,0.17486164
46258,0.8767128
31661,0.06395944
14618,0.22745466
30009,0.049609106
36210,0.07699807
95782,0.68483263
97776,0.14808895
3848,0.07232331
25150,0.23550835
84084,0.02640629
94740,0.11297993
124573,0.06956847
145120,0.63520724
103822,0.048903566
70834,0.46903062
96808,0.031803336
32762,0.038930688
120620,0.13955504
90308,0.07498923
72751,0.07418147
119962,0.01132038
114581,0.12286326
121695,0.061033625
141833,0.14927876
43853,0.1720552
123577,0.056225695
35953,0.60058606
57171,0.104636684
89733,0.39257175
131815,0.0704657
110189,0.035140038
10990,0.054088913
20136,0.90007335
125409,0.099273965
144776,0.47793946
119025,0.32437217
116845,0.18673205
117419,0.1504639
125915,0.043240644
45164,0.21753791
92667,0.120940305
137319,0.1822285
56322,0.07625354
34755,0.21137716
29678,0.10121862
111340,0.08125684
59248,0.050469056
5869,0.06260116
115241,0.10696543
61692,0.31606942
12121,0.52980894
75258,0.16852655
23597,0.14774372
52135,0.2668457
149797,0.028547537
32407,0.11617484
37965,0.44979653
113161,0.14418443
80488,0.64199936
120281,0.4870699
62262,0.17428486
123840,0.43826103
147511,0.42845967
67978,0.11564828
50124,0.04320188
147392,0.6415918
12468,0.60706496
136104,0.71621364
53224,0.881326
81959,0.061305214
114428,0.09120896
13780,0.11657033
99605,0.04738082
109370,0.089429595
131883,0.10195743
43731,0.11592798
18474,0.10434897
88019,0.055910595
37732,0.054669257
95566,0.49129957
104599,0.09172978
70132,0.11660818
127461,0.044495948
36980,0.275978
94046,0.39896145
45733,0.3691256
58148,0.21085247
114472,0.30597854
47471,0.056193706
148654,0.34194282
61343,0.095354505
121302,0.28853947
98460,0.20717537
71765,0.77735233
69953,0.29813147
82738,0.10199486
116579,0.118475884
92889,0.10526983
95626,0.078914724
136205,0.042865783
121305,0.056619614
138738,0.060359072
127682,0.038434282
35115,0.46791264
56903,0.114031754
35327,0.25460052
22428,0.10397002
26248,0.036720976
145721,0.10706228
133085,0.058962826
35219,0.08521056
149034,0.8679419
11997,0.17587735
38984,0.28364474
80426,0.85712135
17925,0.090042986
98320,0.7057765
46249,0.1766804
130389,0.14835548
111044,0.04487221
52339,0.2522534
44628,0.0636764
72028,0.08071325
44383,0.1129966
11131,0.26159266
97032,0.047345392
59665,0.17270875
41997,0.43719572
30535,0.55894893
43319,0.8698057
31676,0.27695876
86353,0.2724643
87343,0.41559824
91766,0.04693842
46720,0.06623051
102665,0.094050795
83281,0.07973689
141688,0.12213507
135213,0.08894761
119618,0.3209272
104476,0.09227074
42848,0.05733217
101699,0.06938537
128223,0.2398022
51189,0.84863734
7853,0.0875821
121442,0.73067045
54521,0.38452625
56722,0.086765826
71473,0.19792217
55373,0.077070646
35860,0.07465078
108972,0.4584904
72109,0.47799796
140473,0.7224852
42984,0.62668365
79154,0.2492108
115129,0.048781607
128989,0.15133075
64747,0.15596956
17919,0.073650226
113218,0.5529671
81557,0.1386027
117336,0.116509765
136971,0.3791405
3287,0.53357923
77646,0.07820108
97579,0.15622963
137700,0.8479009
24012,0.214956
30373,0.49603638
13368,0.036259145
13729,0.38172796
76201,0.1822609
79825,0.15295675
132844,0.05855708
30682,0.6506218
131970,0.667988
28392,0.5731418
140785,0.95131886
86231,0.13625851
36508,0.030668123
116038,0.3556524
36060,0.24452807
108059,0.1173806
32596,0.8979794
15279,0.05234591
107869,0.6018798
134773,0.23279104
122787,0.6995644
66071,0.080789804
85383,0.25199527
3353,0.89105695
41887,0.87503016
9874,0.11881521
67889,0.19962893
128772,0.16642573
133984,0.092180975
42056,0.86228204
21539,0.4213451
137494,0.065928206
16883,0.07497814
145630,0.18001547
74612,0.042710647
88484,0.1810244
92233,0.11107349
65556,0.10787827
79421,0.88662356
68380,0.1066105
61521,0.09060483
97146,0.36719835
140028,0.10243263
75076,0.21096992
102898,0.20583993
15828,0.10453694
91108,0.20251189
82262,0.51568323
141625,0.34522992
115384,0.22342391
46490,0.079638794
73850,0.63315487
59515,0.2227163
46633,0.15169917
60638,0.85715085
118607,0.26634967
122416,0.15561678
74447,0.11571247
10322,0.8744507
61673,0.74808854
60718,0.058716044
136137,0.24643242
90651,0.0935811
46184,0.7036664
11371,0.22620642
66050,0.065489665
148407,0.102521576
59217,0.7345102
104673,0.55351925
147163,0.04085443
116440,0.18622828
23575,0.14743917
52337,0.05245199
11453,0.039671645
127253,0.5671371
141291,0.31465825
95011,0.07476581
26103,0.080342196
146009,0.089802764
22696,0.22595595
114892,0.07887207
137272,0.5768765
73494,0.052420907
26708,0.07970891
33681,0.8921657
65084,0.36736378
80484,0.03716601
73126,0.51519334
68543,0.18877834
143467,0.36879072
95308,0.43471012
69945,0.15259299
106435,0.38870218
34000,0.307405
80425,0.04007838
98636,0.9686847
94526,0.6916468
80203,0.85263294
137105,0.5990336
8482,0.36569643
22907,0.089838244
141863,0.043923207
138354,0.0833494
26583,0.58497083
50883,0.19129565
54131,0.09477019
31188,0.1950953
14335,0.8890468
16444,0.12453784
50243,0.5054255
83397,0.070284076
29179,0.28743628
17317,0.5089802
131891,0.548731
114354,0.12710366
62143,0.0894573
30791,0.025962874
39522,0.09022986
69062,0.6932546
55759,0.20348252
118720,0.03468945
115699,0.44201583
14124,0.78876877
110424,0.05144111
64724,0.11143573
118232,0.26083285
15891,0.7592983
56186,0.064947546
114340,0.392363
81343,0.31005815
78215,0.14898263
13177,0.10695324
20230,0.39471012
115636,0.10053586
105073,0.59620845
57167,0.042616226
130693,0.042118948
85684,0.3980121
41395,0.37746775
64145,0.07194389
101109,0.10469973
11778,0.16036554
128161,0.7860166
17651,0.07655451
4137,0.07000994
66531,0.72174346
131294,0.27950272
7490,0.1136164
64476,0.27297178
76009,0.19912075
131929,0.054835737
17519,0.1246196
55011,0.11942065
115209,0.19164887
127699,0.05425772
99867,0.07146132
80740,0.050232455
144021,0.03418715
59159,0.09912833
88665,0.6957468
86927,0.047515903
76500,0.10549087
107054,0.40679866
102931,0.0986584
140226,0.08367971
146666,0.12510909
147732,0.09200806
56787,0.07448319
104957,0.09495022
22781,0.08293423
118452,0.023816403
52465,0.060997028
145558,0.052573014
108923,0.22579753
80696,0.09801769
57469,0.22510049
13375,0.6095404
136489,0.5858164
147702,0.069152586
143299,0.10062255
58342,0.8148869
135245,0.038023833
12002,0.31799394
79346,0.12243236
3700,0.026385624
86902,0.74682504
16577,0.24642058
134310,0.04878131
8402,0.57926077
35566,0.124568276
14945,0.32997045
143849,0.047534667
82741,0.0788707
31016,0.47848102
18599,0.100430295
71825,0.19024646
58316,0.08247603
136541,0.11122206
38992,0.35456657
44645,0.52311754
140358,0.11472797
122339,0.08131842
31457,0.15753855
51260,0.031606242
94481,0.19424582
90703,0.3848308
38451,0.1278712
54759,0.3096625
39592,0.14504516
22225,0.11918299
19909,0.07024028
45982,0.36789927
143328,0.6994336
9464,0.34080693
131881,0.8933252
130100,0.81247526
111066,0.017783439
21222,0.086422764
93977,0.18468815
110685,0.0446924
18465,0.069270656
106174,0.32040164
7129,0.17693292
43787,0.048471652
81759,0.03929442
58328,0.067182675
104305,0.14458886
10480,0.53428906
67189,0.034524925
4266,0.87189233
40938,0.19091092
75805,0.09966716
86425,0.06283808
8161,0.0406117
97957,0.31045082
14434,0.4206338
107987,0.43345484
83800,0.3112026
80419,0.16505459
121853,0.13601977
137966,0.04987605
20692,0.039275985
90137,0.17904353
16911,0.65764296
32293,0.06764267
138169,0.28231347
147909,0.04418896
21212,0.060751416
8328,0.08626708
13531,0.13822421
70046,0.39487433
115961,0.061652355
48158,0.39466834
35691,0.17036913
101490,0.46384034
127654,0.23244123
140859,0.025602264
13621,0.11487059
135079,0.635276
125900,0.56483054
55864,0.07921897
70540,0.08829571
111756,0.61052674
49976,0.9075594
63209,0.08500966
126714,0.25667813
77798,0.18020006
22427,0.5362041
92599,0.02851172
19212,0.19403401
64687,0.117997125
93445,0.5558342
2112,0.057447895
98703,0.11392436
77883,0.06578608
82416,0.36782485
144695,0.10340453
148250,0.028113717
136572,0.23517221
88299,0.09111465
77150,0.2380257
26605,0.03595682
95416,0.2556871
88350,0.20236556
13249,0.14246047
52265,0.51297104
121921,0.07950922
35967,0.1514633
127870,0.15064241
107618,0.1640089
140309,0.044516873
17166,0.6713664
68487,0.09945889
80179,0.3170877
145434,0.101437815
117924,0.30877376
127595,0.16963753
5250,0.080365434
22390,0.08299411
52205,0.23492438
58881,0.08532494
148798,0.6797324
73211,0.13081016
73379,0.07273343
81150,0.95939505
41870,0.9274563
110861,0.02108295
15109,0.041597538
31920,0.3124627
134951,0.8753151
1591,0.8111052
104772,0.18091504
36057,0.12604263
35366,0.33961222
55715,0.10788398
36640,0.056458175
104167,0.358204
126410,0.49553648
121064,0.076699354
70773,0.53359616
77069,0.6529216
139700,0.90889204
131108,0.1694187
7933,0.7695845
15522,0.06314563
30076,0.15220034
129952,0.07097743
30774,0.2501147
42350,0.09763183
7722,0.076577015
1331,0.17835441
110866,0.62272066
28687,0.1328609
5998,0.1205843
115695,0.49789083
90630,0.14869936
37139,0.589521
26783,0.066247866
31196,0.50422454
56859,0.26344565
19979,0.19952929
122826,0.4668228
113394,0.35335982
34620,0.56352794
133537,0.5613174
75574,0.60940284
103523,0.15041666
149591,0.073699005
4197,0.060178924
107250,0.08392345
141960,0.12107485
49255,0.3453152
149912,0.48460838
79598,0.13410924
73922,0.10165725
70335,0.28215387
106644,0.040760465
59345,0.26786703
107721,0.8983062
77548,0.04811248
14467,0.23661192
120004,0.020223185
60047,0.08164861
94417,0.10271915
89310,0.88284445
146537,0.29247078
6121,0.11589391
36035,0.053588044
108396,0.19129838
64960,0.08657179
100384,0.07155015
104855,0.08570218
134659,0.25559136
80656,0.2621437
87057,0.5968367
124129,0.087199
85974,0.14400728
22070,0.17101085
80105,0.09206735
93532,0.10976743
130732,0.059895452
62439,0.9366258
26040,0.05464967
126989,0.33080485
90874,0.8087733
75275,0.10851791
4902,0.18465492
64451,0.5826554
24103,0.037225943
134983,0.48777997
104932,0.9432579
91778,0.1544722
50980,0.28868327
94307,0.26533416
13669,0.943541
88989,0.27394086
67098,0.7325638
39796,0.38751942
30030,0.14645399
34714,0.28345042
8473,0.0887254
90779,0.41408136
51079,0.75820446
81337,0.16620831
22100,0.12537855
19644,0.05478395
49667,0.052117433
6308,0.31101522
63811,0.14148673
71907,0.3905212
49579,0.04002324
143435,0.2496427
35407,0.047518946
113172,0.042585306
62224,0.055539995
95527,0.24625096
73927,0.04707169
143233,0.09624484
54588,0.2548964
60370,0.5358658
101582,0.12659094
18933,0.14334367
100514,0.18205127
36803,0.18092597
17321,0.5281491
148683,0.16943361
12734,0.052938092
97593,0.497028
103698,0.47045442
126141,0.088298425
61973,0.059243925
45496,0.17160948
18467,0.06360499
97615,0.91308314
41558,0.2744477
46851,0.16419695
85197,0.03673712
21870,0.40055597
104355,0.31499624
77694,0.80293846
11811,0.57125294
65926,0.07436557
69377,0.41574103
46770,0.04152138
91059,0.06011767
78335,0.027950384
12620,0.08730489
24801,0.094468504
116240,0.16961698
98562,0.07222733
103499,0.31959876
28910,0.37421688
80566,0.09505603
36083,0.19391508
39260,0.28604034
135725,0.39387637
75644,0.06162416
38292,0.0780971
122205,0.2152847
146132,0.1370849
36643,0.4556234
13460,0.23933718
31728,0.09371975
127214,0.02764237
140893,0.20216253
89448,0.06603798
6562,0.40099445
11412,0.19104789
99550,0.91331697
74413,0.27459365
31244,0.5383758
123015,0.5195519
131645,0.17681624
127599,0.24530779
105465,0.18141612
68401,0.4991131
56987,0.79418534
30453,0.49443534
83305,0.3024398
67765,0.37905237
9917,0.8099157
41361,0.56081957
142708,0.07490276
89288,0.08610319
103443,0.3173253
5842,0.20303766
15410,0.0886137
105408,0.116158135
109037,0.061201483
12797,0.100615926
78903,0.55828077
131368,0.044242464
60628,0.41422877
56779,0.3937119
113833,0.4267401
23887,0.12897553
83623,0.6336956
20077,0.044400316
23177,0.029947065
126320,0.3739096
46904,0.19004878
85037,0.7386935
69249,0.042804424
46327,0.4578232
68238,0.7367112
25141,0.08297963
88009,0.06735861
118447,0.5664979
138649,0.43534017
13789,0.13511266
63335,0.105230756
85332,0.03250163
19049,0.04195433
41070,0.22926825
66946,0.10827026
57070,0.101902656
114242,0.12074719
93476,0.32868335
110621,0.039651256
8621,0.12205725
28772,0.13451277
41847,0.34405085
73368,0.05108728
145854,0.078539744
39327,0.972293
20241,0.9423957
78806,0.17195585
112537,0.056977935
29441,0.5328751
79400,0.18415831
34408,0.16817065
59534,0.5523587
37931,0.049461264
96863,0.5715959
53286,0.54467756
123948,0.8436164
102221,0.15176514
21503,0.09454148
42579,0.1828145
60469,0.8587658
41803,0.66108096
113554,0.5699121
60888,0.05704777
44690,0.5918436
75224,0.012830379
143566,0.12136302
35375,0.1422191
43699,0.15674719
9743,0.10300151
95991,0.4464788
7505,0.9608431
117263,0.19982488
94249,0.18609793
113652,0.5439012
80887,0.089396805
49353,0.20626786
149917,0.61318684
11509,0.1895848
123313,0.7492761
59078,0.20309421
83882,0.13316941
127159,0.046969976
68450,0.0757245
71223,0.751105
98206,0.8715279
96184,0.4536627
23456,0.57521486
117027,0.3922365
119146,0.47662902
135215,0.02723623
112723,0.9102361
45739,0.9290035
29794,0.29317033
48865,0.3836615
42477,0.18509296
61006,0.17185603
57840,0.7143289
9235,0.09708095
145623,0.053724494
131940,0.5095533
131187,0.924558
67503,0.31585625
46532,0.19542217
8301,0.06816425
90813,0.07918741
122463,0.08755797
139063,0.46222708
89675,0.048102625
53764,0.7877087
147225,0.038588077
102515,0.05479698
12388,0.64274925
46243,0.108008325
122448,0.04009265
73177,0.17881273
5779,0.6917886
116784,0.039055433
99027,0.065904856
142392,0.10231263
31791,0.060515933
105002,0.25496733
21407,0.40449733
120115,0.3460766
130333,0.18369243
30385,0.24661995
108183,0.5924296
69228,0.30692157
51027,0.12757932
124973,0.058026597
81753,0.15083383
76389,0.9315552
66263,0.48998284
69102,0.5462201
97419,0.31687415
65040,0.545287
122089,0.46127272
116996,0.6078393
69131,0.20652457
97732,0.7740026
147046,0.107398115
68962,0.06022604
131605,0.3861876
134737,0.1549804
137403,0.10099111
52834,0.05224423
21585,0.41824877
97466,0.83778447
72599,0.040077634
47783,0.55633783
63126,0.6334309
33718,0.57355124
91913,0.09750483
71458,0.09729076
55574,0.07427114
109699,0.112093456
18150,0.06617552
59462,0.5552084
31218,0.30118874
68169,0.3559714
5766,0.13616633
52128,0.084308624
20615,0.02094717
122762,0.053017277
6525,0.105407745
86896,0.36556593
95633,0.15798548
16078,0.034861535
92674,0.19972625
97799,0.03457707
123027,0.07752187
116031,0.4298734
61167,0.13379356
101124,0.04847372
6500,0.45791903
107143,0.111234024
98712,0.43630213
98554,0.08538913
85984,0.41042638
69081,0.057122584
88745,0.053500134
25719,0.08263079
146604,0.6328218
21669,0.14255935
147800,0.7923816
104977,0.39338693
10774,0.046683338
89809,0.42589343
77357,0.23476158
105947,0.11693513
136252,0.12923354
20531,0.20502982
7002,0.14647779
5107,0.19097658
51947,0.053043425
89874,0.08500301
51038,0.06012703
71128,0.15276262
66714,0.224703
31878,0.12703
31705,0.17076768
114099,0.045852795
50264,0.0340769
52360,0.37951753
31065,0.54620004
133260,0.0644524
89194,0.82103443
86954,0.4254239
43090,0.110480644
110082,0.5440121
132979,0.37130833
131286,0.09235011
148460,0.16602698
61035,0.266271
145101,0.16171166
139315,0.10091913
124621,0.13306376
134978,0.39602083
6692,0.15396456
94643,0.6916257
26799,0.027454942
119074,0.45739645
65809,0.0883135
43148,0.06354564
11421,0.22452317
75214,0.19035709
114708,0.3478868
125182,0.29577753
63458,0.098181106
116825,0.10018184
4622,0.051213108
144609,0.2067475
128637,0.41884482
46075,0.22033069
48543,0.72518975
76022,0.17735827
50139,0.8841539
46078,0.10001776
19903,0.2844552
51534,0.48655382
40714,0.347211
99248,0.15132214
8932,0.45926866
10306,0.19554341
31122,0.04003125
79313,0.072887965
63111,0.07019878
115348,0.14446439
69756,0.43292055
1948,0.03441687
55213,0.047220968
1480,0.26393342
67482,0.84106976
146558,0.10860836
60452,0.09089666
16929,0.0920855
97890,0.07374174
34924,0.065638006
7449,0.038294174
37149,0.35140714
62700,0.36679438
57595,0.10410759
22124,0.47067854
15928,0.7893281
86998,0.39508784
65304,0.11143001
100417,0.071135655
87549,0.14529234
17350,0.11393216
24854,0.08160218
84867,0.049655113
67404,0.5600067
103279,0.6830592
61193,0.07108576
114296,0.08619568
120842,0.15768057
31795,0.098754615
106489,0.21772817
86628,0.11125886
136544,0.056615856
139416,0.8891743
96702,0.033015378
7102,0.21682875
121255,0.78970367
135598,0.81353647
70130,0.07208902
14388,0.19841674
137866,0.08914717
77297,0.44287875
90743,0.33187953
83039,0.70453405
95027,0.20807514
98153,0.40635857
92412,0.10240381
79856,0.17055605
68310,0.085649684
76334,0.023596888
25596,0.09239396
96634,0.29388642
116778,0.92611223
3249,0.39402068
14494,0.19115399
135452,0.31561643
113542,0.48131114
1392,0.19313501
23146,0.08367441
41480,0.87964123
143345,0.12806809
138062,0.25901273
79761,0.39057067
79152,0.13710941
28421,0.06548617
38394,0.08674595
30965,0.18933965
55094,0.09019461
33510,0.45048755
122643,0.31333312
68931,0.07520823
22014,0.124215126
27490,0.29172507
102369,0.08770202
20609,0.07825763
112951,0.5510629
100477,0.059734974
86784,0.08182029
94852,0.2682039
9956,0.14151472
96381,0.14339238
60070,0.058087878
64234,0.82197297
52579,0.11756773
52979,0.08777902
20039,0.03759332
131787,0.08253168
132354,0.037973754
83645,0.05765812
11501,0.034424186
14288,0.03843232
66576,0.08219006
23204,0.06579197
41855,0.32705435
45172,0.35957497
38038,0.39597228
67420,0.06751278
104843,0.05683397
146865,0.06593929
105488,0.2854071
94180,0.10918854
137861,0.16381976
47784,0.08184017
17306,0.0953236
131215,0.3997996
103547,0.101299986
22021,0.15852694
87488,0.11832574
96696,0.050148904
139951,0.06733844
80370,0.11206161
128417,0.115452185
76374,0.797988
117231,0.53048366
14572,0.097077295
26095,0.64427453
106936,0.07941184
28720,0.056784075
36943,0.32283008
138831,0.56231326
45524,0.09680273
30711,0.108798884
32549,0.038541507
6009,0.510621
129570,0.14475605
111852,0.07783451
95988,0.43735212
67234,0.7635738
108543,0.10065556
98527,0.089682505
125411,0.10323344
14636,0.037901223
15280,0.11428509
70040,0.05461564
136182,0.0963201
140907,0.08158399
8414,0.21184228
8472,0.05145213
148481,0.52354056
15973,0.7379539
131064,0.05748124
117043,0.13934237
85116,0.090621665
35661,0.08715243
12638,0.39168563
136076,0.10737906
105648,0.50567406
45940,0.05217756
44848,0.2958183
517,0.12273705
10347,0.17650846
89313,0.2073744
35873,0.3042775
69934,0.11799633
119666,0.10879382
138218,0.36633828
14515,0.048831005
123052,0.046134427
61258,0.22607976
68544,0.37109572
128171,0.24083388
138264,0.8228697
78400,0.06398812
102962,0.107349925
4916,0.07101413
143117,0.22837733
142927,0.033272494
23762,0.31210616
46679,0.09445637
68407,0.24859312
129123,0.17904377
92498,0.95908225
108397,0.11238775
92556,0.0625712
108601,0.1034313
6421,0.22045103
145181,0.05795771
107018,0.07350781
132823,0.0526007
137989,0.17816463
143524,0.9053295
128205,0.45348498
134689,0.20634502
115213,0.82304645
131681,0.0973003
20359,0.78968954
72073,0.36596754
9610,0.95741075
42312,0.04080603
83829,0.07511803
101847,0.0717697
145668,0.08001608
96429,0.121583104
123976,0.06871621
54379,0.18740647
94925,0.09680914
10628,0.0707936
128241,0.9803187
18298,0.07613777
60342,0.03893775
111538,0.84904224
96153,0.39624566
30398,0.1714656
113018,0.17661862
98770,0.04667522
87456,0.2526995
109111,0.6693228
89068,0.1081617
52401,0.14153314
83007,0.10970663
69668,0.08641666
135930,0.28117678
100490,0.22963378
130047,0.71416754
30755,0.9243812
8381,0.3454265
93635,0.67607594
39872,0.02860666
124379,0.16685182
94385,0.21232747
88824,0.15860088
119761,0.12891582
117172,0.35796624
145007,0.42052516
98017,0.11246172
30201,0.49900967
127144,0.040724255
24093,0.6353594
132228,0.08105543
83041,0.20374478
13826,0.17565054
65866,0.16086638
26197,0.4843202
104806,0.2514125
115682,0.06398348
81683,0.16559257
54275,0.16017073
149217,0.02850883
48448,0.6192519
126681,0.0502763
34926,0.32730985
41309,0.056854263
137242,0.40143892
62048,0.9405297
118546,0.05725529
93733,0.16302976
132030,0.0524412
70670,0.6565592
55266,0.74303144
129660,0.04815556
71823,0.11327927
102322,0.007927213
144657,0.042410217
118809,0.25882256
42351,0.14144643
93617,0.043037746
110994,0.5350351
79611,0.44158247
95202,0.922727
34869,0.07618468
18991,0.087594815
60121,0.08749801
91149,0.54835665
32655,0.06568161
62691,0.7112904
39208,0.123547055
109536,0.14720315
78727,0.12126808
99308,0.061444994
74230,0.076452754
18213,0.7903489
44016,0.11488111
21258,0.36798942
137089,0.14309436
50173,0.05933186
28733,0.06095845
133579,0.63826585
110528,0.37046003
133582,0.042766068
35792,0.07128362
104033,0.15690327
4486,0.42286038
25308,0.123563945
59767,0.8710036
86891,0.61082506
18495,0.035957906
112786,0.14687502
65081,0.3010209
77936,0.24379756
37217,0.5629236
116864,0.11193667
103584,0.07710472
94828,0.39833316
67030,0.07156306
124628,0.10935931
58822,0.050044414
112886,0.4608225
145503,0.5714922
73794,0.13688278
137370,0.5056597
122145,0.4115117
102114,0.7616222
35432,0.79731417
33214,0.053103227
18193,0.84907466
48554,0.054399136
74238,0.08616727
79458,0.09976874
59007,0.13169986
43800,0.07645841
82294,0.03941329
95272,0.8395915
120090,0.05386979
100883,0.20473166
98946,0.02995262
71033,0.36581942
55983,0.1800221
36294,0.617142
31989,0.4632121
38820,0.50983596
65405,0.23723187
97169,0.3394649
73027,0.6170285
104917,0.32381365
62156,0.055653214
126492,0.123960376
31772,0.2608011
108465,0.07080816
108094,0.07865169
114580,0.09986537
115060,0.097746305
30295,0.89261836
35092,0.34372446
74949,0.19180954
55661,0.38151923
34807,0.23545101
838,0.14386488
6436,0.079712324
16234,0.1664146
32385,0.04738974
58939,0.11840669
143319,0.06494022
90852,0.9175825
12819,0.14412722
96390,0.32227007
54772,0.03473388
50241,0.046628375
139361,0.12558301
663,0.70847386
15930,0.041415364
44663,0.19843815
13597,0.15299308
119478,0.4816226
109415,0.10388766
113567,0.562199
60373,0.29767323
75496,0.058218934
93097,0.68033886
91160,0.12202427
83255,0.06792558
13624,0.04266416
91133,0.268835
66161,0.14035141
136530,0.33963317
51206,0.20111321
7615,0.85519433
68641,0.62350714
36258,0.025421962
137042,0.033414718
148588,0.11946185
21688,0.0707636
96970,0.20391452
18204,0.08619688
135387,0.3075954
29550,0.050747912
51752,0.037523188
140405,0.044845495
97463,0.38122994
22784,0.043555316
122695,0.6956298
148905,0.33803824
32902,0.09594559
353,0.9297568
108479,0.095009446
133642,0.48370185
128600,0.06386658
64418,0.12795368
104172,0.6398423
60763,0.77879906
140239,0.34123087
68186,0.9337659
147554,0.14029594
50202,0.077977896
16103,0.11162087
55538,0.08333832
68720,0.025234988
70630,0.19312817
149029,0.18041117
115223,0.19574435
4391,0.6334953
9788,0.21297437
69421,0.042388294
100023,0.84069216
139155,0.082105994
64163,0.0926625
126589,0.485235
62505,0.11331152
81554,0.51367384
41683,0.028381504
103169,0.5838006
37235,0.08575965
64671,0.094774425
34814,0.42991838
103356,0.8546282
19949,0.12305378
33690,0.1227223
32631,0.91898984
18708,0.17611343
63450,0.049933262
24275,0.066100374
133316,0.11884712
64851,0.043576147
140431,0.059072975
35144,0.12588969
138219,0.4611354
2297,0.058330033
6695,0.53673965
100841,0.12128699
33359,0.51550615
71803,0.10518271
106022,0.056533203
126925,0.124446765
116408,0.05444503
39762,0.26215762
75835,0.32925415
99663,0.04442301
944,0.8478842
122131,0.3621784
10866,0.041145694
93444,0.12753713
118102,0.10608924
127901,0.07247476
62080,0.13989091
127857,0.5346635
109965,0.042309865
105833,0.09696727
132009,0.6891494
13792,0.109362334
107125,0.51836336
43718,0.14591633
56472,0.41819522
42080,0.8507729
117085,0.11960802
49503,0.27565303
145656,0.103445835
25775,0.2168104
81719,0.8512044
114257,0.101421036
124058,0.23143353
91262,0.19759203
76261,0.67988706
25755,0.3180214
78999,0.55298334
1808,0.20432039
68863,0.12429565
62004,0.054244567
20624,0.10580118
115134,0.052067798
90251,0.0397923
91941,0.46023837
72658,0.14329413
98687,0.14859135
144944,0.1138449
35870,0.13243295
74973,0.86215246
129308,0.4295547
130069,0.044167396
8574,0.6517894
49312,0.06616833
48378,0.08691605
133662,0.062284604
123179,0.27038562
90829,0.62578446
149924,0.10058915
7737,0.53815925
113105,0.09940689
118980,0.40091693
68959,0.04586972
70296,0.6120312
107497,0.07162335
12033,0.08480264
81297,0.044536613
133813,0.17369375
56215,0.925259
54177,0.066347726
42286,0.5525378
42179,0.08112053
103448,0.28968212
112701,0.328456
114658,0.2551444
46068,0.075593315
115569,0.05062242
26530,0.8295702
92190,0.7943555
33447,0.14324369
54722,0.05185191
53763,0.34276566
24917,0.117528886
26873,0.65233594
23536,0.42425472
144532,0.8412585
114922,0.08948947
6764,0.41608912
119002,0.2882819
2622,0.12316239
83061,0.3132612
137333,0.69146687
28861,0.3260171
131049,0.033804055
80486,0.11409969
46868,0.8108845
140992,0.18197736
44040,0.05454958
102251,0.15322466
102276,0.75278765
9549,0.19649306
147640,0.037914082
73822,0.5444643
91636,0.52893853
9665,0.17589858
49381,0.22887397
6469,0.88423645
75037,0.19048202
48291,0.66737086
1165,0.14246145
116782,0.7544381
27316,0.0737136
110285,0.09772198
46263,0.06341577
83149,0.68934953
41695,0.2539608
88838,0.036795568
30404,0.09842848
136263,0.23195682
106233,0.20790544
101105,0.85475487
1444,0.41924986
1628,0.09785198
71196,0.3039626
21632,0.73013467
110511,0.07554993
109936,0.08039849
106052,0.08379419
136046,0.42548254
140807,0.061431386
26446,0.15294406
120518,0.07909737
122598,0.41857985
38952,0.04216729
18646,0.418811
39489,0.25014573
109786,0.10956011
132951,0.06435631
64644,0.2325899
69214,0.48189244
23464,0.4671172
19524,0.09076787
47978,0.18262874
28884,0.057621315
100160,0.5730764
49778,0.34804538
50703,0.11232535
79062,0.109019734
37371,0.30198422
123240,0.10142849
47719,0.116423815
2469,0.89988226
25040,0.32572746
71629,0.4787816
98448,0.045396328
99825,0.12325974
26448,0.052329306
50332,0.10121033
137023,0.16889128
124605,0.022765823
114000,0.07743504
36273,0.096806884
33321,0.06102848
6942,0.26617277
120128,0.10329715
63179,0.0744272
39730,0.041932944
71402,0.9274146
133043,0.19152579
121846,0.3839453
31822,0.13587847
29493,0.13230506
25903,0.18151641
92354,0.09780021
288,0.24875681
45219,0.03264655
114592,0.36994755
4784,0.25853184
44093,0.3260054
22990,0.9119431
855,0.034699533
129706,0.02261533
10083,0.5563857
40508,0.05300593
114657,0.06329212
139647,0.024081457
40276,0.104287885
75131,0.06601703
123160,0.61011577
50539,0.12971015
78051,0.44507462
53985,0.9162371
131465,0.07966973
20732,0.06824708
120231,0.098710164
19714,0.10513322
43122,0.5749264
67904,0.3670501
74684,0.05407758
111254,0.08503616
95306,0.23779938
95878,0.4680841
83428,0.104112126
92883,0.13903749
140710,0.093931116
77858,0.4657206
68263,0.12843418
3256,0.05898796
109695,0.92987597
36597,0.15402581
5341,0.629201
69896,0.092768006
43978,0.047835644
141558,0.5016121
55844,0.055852074
133018,0.42623785
28430,0.10838203
64505,0.042549945
122837,0.76761717
336,0.29914865
88081,0.15242629
116324,0.88659865
81300,0.30348894
100223,0.09861607
69297,0.14090867
104853,0.47101423
143976,0.04914037
45692,0.044388056
3285,0.07165551
37318,0.50133747
14797,0.07311971
121068,0.15628384
149364,0.08232256
55329,0.2944268
99418,0.47557384
132404,0.122511536
74748,0.079965875
134317,0.05007479
128294,0.16874368
122236,0.7862643
92452,0.12715091
11376,0.027720895
106091,0.08891276
124372,0.43737593
142943,0.8147977
133833,0.06273638
71720,0.08089674
67547,0.16548382
104732,0.49644464
53452,0.11973974
33119,0.063246295
58833,0.10977149
23008,0.17623244
29904,0.46402824
94853,0.22364183
124088,0.96310997
49601,0.112244055
899,0.2619925
76609,0.04525334
124116,0.2853567
17772,0.5547733
84320,0.14274919
67440,0.7188117
50693,0.04699062
109721,0.33113402
121787,0.28581515
55826,0.14343755
19866,0.12446222
47158,0.057333916
58569,0.032145523
99519,0.21738662
74648,0.86782366
109897,0.57017875
71667,0.24233903
137408,0.15808153
60748,0.020916944
137973,0.49399686
65962,0.09408119
112884,0.074593574
102827,0.088871926
37480,0.044375822
90045,0.050770544
57475,0.34884253
129770,0.054459814
118756,0.095211
55865,0.08242074
61715,0.6278818
106718,0.5782514
16524,0.047379848
78030,0.88974446
55686,0.42980134
88195,0.44630378
145501,0.86532503
120694,0.26373994
68695,0.09746044
134476,0.12579349
82495,0.06207423
35937,0.2657289
49514,0.022706231
103235,0.3052322
10978,0.5822123
88253,0.7018485
7472,0.2852823
61092,0.07145796
11167,0.017105045
5228,0.20583726
87913,0.10788412
90268,0.07706779
110276,0.110549025
35742,0.34450418
87651,0.5245155
45559,0.21750723
125593,0.03373324
136787,0.18063948
7212,0.10896554
133128,0.24798845
23915,0.9203129
108012,0.10710217
109336,0.08237854
62570,0.08683348
67336,0.43729362
102554,0.5213593
68503,0.19832644
117733,0.12478915
63408,0.29840115
53746,0.49884534
23051,0.96617836
96006,0.096742876
94119,0.027319347
101342,0.068645105
127467,0.10891123
35087,0.04865221
52572,0.10190233
143224,0.57419306
36218,0.3548439
87579,0.8168866
42292,0.3242047
137732,0.56951475
110070,0.2252356
78306,0.047621794
57605,0.02201949
92259,0.06326577
118654,0.91028506
16117,0.066301204
46065,0.017834809
70516,0.09206211
12771,0.11756892
124015,0.17315072
20534,0.18921262
91485,0.090790145
127341,0.05497026
51385,0.30710402
12081,0.05440035
148057,0.12312655
79648,0.05440468
31060,0.83447146
116358,0.8286603
138059,0.1768605
124151,0.20528214
137297,0.09699344
26386,0.0636296
72383,0.0641897
63011,0.90223217
105278,0.08568772
122309,0.29566762
46495,0.24834208
128390,0.21202128
57571,0.25126335
99277,0.08072064
65936,0.278653
136631,0.53433025
49014,0.38677448
65728,0.03935879
63071,0.060005147
113068,0.90648305
89984,0.1253123
130873,0.06540444
134055,0.051452793
86027,0.2874384
104156,0.7169591
46742,0.3300035
114729,0.60523105
83415,0.6022257
114623,0.37405106
139039,0.06354649
74581,0.03488666
1430,0.10413972
56833,0.077793464
23348,0.21410154
136768,0.12492432
61329,0.25433964
120596,0.3262227
37660,0.06815514
30910,0.09585333
17706,0.2217246
54801,0.28871033
135659,0.25541008
125631,0.83367205
45995,0.4474145
106650,0.19383274
19728,0.9657458
26488,0.1590345
61558,0.057751227
139573,0.1140127
67689,0.14038797
39545,0.13368276
134316,0.07737331
20037,0.91921526
71035,0.24464001
100789,0.41924307
142034,0.07149976
109855,0.18452609
63038,0.10962928
127512,0.038645364
53538,0.20144793
119062,0.22434698
93348,0.02785093
146268,0.30593067
27808,0.26717895
126430,0.12849133
122186,0.37073705
135201,0.54835355
15799,0.41147518
108495,0.8610876
115365,0.61978185
62024,0.23489517
101184,0.1667865
77467,0.31136793
92489,0.24803855
39813,0.17059888
18086,0.0608283
9844,0.044060707
46279,0.157629
49363,0.045572616
118420,0.08907436
43888,0.3635793
49349,0.05864348
119953,0.31876874
6837,0.8138033
102137,0.8965832
138417,0.41354662
75860,0.3319518
132337,0.3423436
9000,0.102504484
122289,0.27834845
86337,0.31128943
61674,0.756274
55862,0.6117535
139732,0.16768165
14997,0.05052516
139436,0.061756283
81782,0.09064678
128837,0.85672
62067,0.07272351
97590,0.1613935
104786,0.090371035
47161,0.19283405
112603,0.14624058
140045,0.15729788
115333,0.94745666
98533,0.31108922
103097,0.029911293
136006,0.058472518
114160,0.052963674
104376,0.6463333
36684,0.40385336
70124,0.44132963
71888,0.09421398
82134,0.16421826
23720,0.9750035
75740,0.9548964
112964,0.739639
65390,0.10303593
115273,0.09638113
123887,0.056240145
55084,0.26720434
18986,0.7201297
45907,0.034809973
13869,0.1903175
42184,0.14315741
129103,0.074299
66950,0.1468262
77411,0.09362045
85016,0.53637105
112894,0.019455899
146174,0.054029834
97383,0.03292337
20025,0.09814512
126303,0.11681939
8480,0.12092071
43052,0.033331368
64835,0.057972226
2508,0.60538507
92877,0.40136522
54733,0.09875864
111987,0.13266994
148491,0.05376996
73418,0.26751557
29381,0.17691918
25994,0.025563303
130602,0.22356354
35981,0.049419448
2384,0.81621486
115440,0.40018165
131043,0.058487907
123457,0.4150728
111288,0.08994509
131524,0.42283937
88791,0.50820255
16733,0.098483734
86333,0.061812945
108673,0.24011128
28896,0.031159649
87391,0.072098784
18844,0.43887696
42901,0.33793473
76951,0.14019503
43317,0.09907792
4357,0.54848856
115392,0.25261977
1169,0.114646405
104631,0.32158786
49029,0.087595694
119750,0.037601527
995,0.13954881
103559,0.09682369
129498,0.83989036
129551,0.26515833
116834,0.07818125
18622,0.093193635
90652,0.43239072
75743,0.13475968
14992,0.082379326
31436,0.83161694
73189,0.76482993
113736,0.5850461
6438,0.6302182
107338,0.51560664
138289,0.46163744
62508,0.4844858
97416,0.12317807
82649,0.08843085
22687,0.04373672
3855,0.5070644
12266,0.25641325
45,0.038921032
46715,0.2341266
77967,0.2507252
15672,0.099527635
53510,0.39729494
15942,0.25505373
147969,0.05906359
26186,0.07792592
10274,0.26922566
97931,0.0692915
66960,0.103863895
91542,0.43779603
68164,0.094378375
5189,0.26018175
20047,0.18931055
125301,0.067947395
111216,0.06380301
33429,0.11670256
130397,0.27528137
147426,0.33717966
67497,0.16409886
13021,0.08738083
112322,0.21153592
5511,0.4472802
86815,0.49332216
104075,0.21951087
20263,0.721414
67160,0.12114279
15103,0.3840413
124651,0.20462883
141132,0.16670671
88307,0.45219138
19591,0.06933757
113916,0.48985934
137755,0.17279887
81547,0.077167094
12120,0.09027408
110195,0.18048519
44147,0.9137978
139426,0.10537542
55717,0.2357878
90884,0.3606629
13162,0.15583232
72274,0.043613892
32910,0.06600058
29652,0.21509132
47174,0.50402045
26242,0.15920925
44997,0.13195433
29323,0.109710224
131611,0.64553696
49485,0.07733835
11105,0.091721505
58104,0.03191009
123831,0.12478851
39308,0.10057073
91711,0.06888421
131719,0.22103009
76802,0.12779276
28874,0.15279545
43619,0.13923113
4370,0.22296697
109785,0.11194246
80797,0.09897962
99373,0.10993017
29219,0.06873248
98237,0.051513623
101090,0.9448467
103479,0.1268094
5092,0.044524267
126773,0.39318085
108580,0.17328516
134115,0.14845437
101197,0.4649891
64397,0.30214098
40760,0.7942514
26401,0.08464008
12843,0.039325755
131997,0.06814564
98729,0.13473195
71129,0.65703225
99347,0.16732803
107939,0.12524942
30276,0.066533595
28350,0.16780001
81954,0.07564055
73859,0.97235054
140115,0.2191933
83695,0.54716116
104016,0.103939235
43955,0.18071745
12192,0.4850393
119721,0.0787632
77136,0.110358715
81317,0.14958781
94946,0.21851267
71606,0.15717746
120314,0.44983786
23501,0.04107556
119791,0.83141637
55169,0.28424624
2596,0.17430007
120460,0.5495261
97863,0.11782901
128716,0.23483677
22544,0.03834698
6625,0.18831265
10285,0.34200653
132362,0.6347863
60025,0.12542534
80085,0.039502427
124667,0.113595456
30637,0.08462157
56570,0.50773644
47223,0.069936074
55110,0.22663549
67303,0.24151845
107784,0.537736
121310,0.31145263
14536,0.095775425
125400,0.35740432
126804,0.26929647
9542,0.095207386
66676,0.5572057
120536,0.0963937
148004,0.09719828
142192,0.105742976
70137,0.12740515
77339,0.43342096
73264,0.16744207
127394,0.48035657
103606,0.0521393
104139,0.0641876
61567,0.9207845
45603,0.07366753
80688,0.13776287
88832,0.052617993
28746,0.31428492
41360,0.27167454
104979,0.5203073
81055,0.092935994
32405,0.3093867
144204,0.10188424
29273,0.14904344
38192,0.061608467
31582,0.0643879
149603,0.12604402
17203,0.11042337
97924,0.4525402
69903,0.28408167
78709,0.15074769
43730,0.22810763
106503,0.45412874
1571,0.14220493
31214,0.13613302
106404,0.44127354
18334,0.63120204
66207,0.097624354
65118,0.8261104
82803,0.24148023
57746,0.42280164
132377,0.84802824
65153,0.97474957
14465,0.92615855
36235,0.041623637
100167,0.21063974
79003,0.029454684
5483,0.13053024
143676,0.39871022
31598,0.101473354
125201,0.06661322
132324,0.11433015
70826,0.33134586
16599,0.17556763
122054,0.049644582
12742,0.15682289
120656,0.08504658
94252,0.11176664
33199,0.12690353
103679,0.14042012
97691,0.11324095
72021,0.05902658
37622,0.029983671
13024,0.11762314
56777,0.750354
28173,0.15129371
26360,0.07971131
52092,0.09825766
59274,0.2775468
13036,0.11855486
24528,0.6033627
23678,0.26911265
96143,0.059151325
137456,0.3315823
136677,0.10530314
87273,0.022891285
55820,0.08920328
74217,0.063129626
129710,0.066138506
99496,0.083259076
37032,0.40547082
64935,0.64659745
94848,0.14522982
114735,0.059671003
129804,0.52257955
114837,0.7392377
106947,0.09292766
46358,0.06993351
92684,0.0906901
126209,0.09207014
118911,0.18114051
119895,0.15911244
92648,0.10930076
73580,0.44194764
44133,0.061146833
60577,0.10030461
26117,0.24553566
26113,0.21073253
20669,0.5183141
79123,0.38331214
139914,0.11980255
44503,0.19409189
106349,0.058657236
31328,0.050685674
76469,0.24342504
134501,0.085462704
121018,0.076220535
147703,0.47575063
32589,0.10088171
120876,0.084788084
53580,0.19388513
1677,0.12860972
139669,0.31597698
133183,0.053009246
141232,0.046642702
145226,0.7370735
51896,0.062483672
102172,0.12691693
44802,0.833141
123317,0.435038
123040,0.29290092
86668,0.088767305
41728,0.06831847
144085,0.34161913
13482,0.5963463
48607,0.10527957
28400,0.7472133
138418,0.96095634
139971,0.70922047
145993,0.19834137
71894,0.4756523
79252,0.5767638
56278,0.08432502
127069,0.14922784
92481,0.11188224
110858,0.037373684
12499,0.18291797
72836,0.11897331
124364,0.34655467
86379,0.6017915
33996,0.16417412
77074,0.15663724
13246,0.08880432
86437,0.57493335
118033,0.06890594
80325,0.29368263
19472,0.34702802
47567,0.09729673
143613,0.78732383
62718,0.050323144
57701,0.42635578
57091,0.342279
69492,0.053066835
115904,0.028245099
120347,0.17624274
127604,0.04239282
5425,0.103269
38626,0.6712129
77268,0.08198834
36852,0.29994398
129755,0.5603195
80547,0.9116664
146652,0.029560653
23680,0.08574228
41494,0.73634845
8255,0.27959424
78725,0.05606112
56968,0.08132529
104467,0.02176292
143821,0.08050972
108442,0.90918
16361,0.6026664
101108,0.9370934
89215,0.4937433
43616,0.092803255
147767,0.36942762
109044,0.042919792
128255,0.90663975
44668,0.21239108
46195,0.13503093
18952,0.059313077
98814,0.48289835
108712,0.2898669
149123,0.44231755
47264,0.3659405
89636,0.063935146
95178,0.04682677
99815,0.1684245
14466,0.37427935
4586,0.20967947
83789,0.274377
26393,0.07328498
67007,0.042892992
52967,0.1318528
13775,0.50277764
12113,0.5459974
105977,0.76705873
148117,0.3091008
115355,0.073744215
107616,0.091960184
57674,0.55452615
15986,0.3602925
28895,0.23672377
18185,0.20045203
37425,0.1110003
24212,0.13341208
67584,0.5974689
34099,0.76625437
107151,0.15827516
44101,0.46853775
103222,0.6526908
102081,0.069496095
55829,0.060272265
12172,0.21036156
127724,0.9521892
4303,0.035999525
133655,0.16196294
133469,0.15584923
47038,0.103897944
24470,0.21209022
126273,0.8956817
31213,0.11379537
133586,0.6937653
6392,0.061659433
10398,0.49460596
138710,0.062138323
90346,0.3319652
23852,0.25772828
5236,0.03602528
39948,0.16737673
24823,0.08473208
51983,0.18196921
136369,0.03820058
53709,0.29872712
111583,0.050237555
55470,0.48196042
57447,0.15613441
125112,0.3960939
100587,0.028517183
76938,0.107335865
85316,0.07835073
42718,0.34124303
36429,0.15420365
25236,0.06833104
111995,0.15181004
128343,0.093663774
60974,0.057139
124767,0.15956067
133321,0.732466
42401,0.038347214
129939,0.22023945
74143,0.14668204
49713,0.2038497
26568,0.84001046
50734,0.90961987
136074,0.93030465
80676,0.20101704
123640,0.4697241
143536,0.18644857
106018,0.10881994
139752,0.06921245
119142,0.072283715
111115,0.08103924
6011,0.16534726
62128,0.225591
97838,0.053723466
130519,0.24215448
144937,0.092411496
42729,0.574645
137468,0.051606257
9518,0.077230796
139300,0.24210097
86061,0.40947676
115258,0.04866473
65759,0.20819438
89123,0.06168608
27302,0.81182176
87860,0.5463875
72215,0.43740714
103536,0.06579685
57422,0.58519703
52385,0.2826031
48925,0.16816817
77381,0.33027336
138005,0.2210257
38742,0.85089725
6921,0.06203421
15110,0.107873514
120184,0.46156532
83951,0.63543534
112719,0.78670716
124760,0.27247047
41800,0.07783939
33282,0.0743208
52026,0.56983364
57940,0.0820071
88710,0.08992741
30651,0.1442996
90944,0.03486803
20945,0.06589946
134457,0.15204284
45637,0.17776011
106556,0.18430643
11526,0.11584165
62760,0.8483685
73075,0.15971503
48643,0.22816853
27911,0.053347215
25912,0.1923216
4430,0.3492461
31960,0.34721336
147460,0.07825374
41536,0.22373153
106279,0.49225372
40542,0.05874454
41122,0.16898131
102229,0.292723
105132,0.07067317
144132,0.631629
101944,0.095369786
91508,0.1656647
43609,0.9470945
132446,0.49443045
52462,0.12531467
12565,0.11811865
4200,0.75719
7003,0.12998182
110743,0.5675484
19047,0.38929665
86311,0.19635604
23800,0.28488177
49069,0.031436466
47617,0.15714961
62834,0.6598254
109295,0.60059255
72824,0.30712944
48774,0.07865919
20859,0.22483476
21630,0.017699236
70,0.084362514
127556,0.3372961
145770,0.48182622
44691,0.7968948
124717,0.16918881
111355,0.2460371
77492,0.45187834
50601,0.25663713
74134,0.040199712
98768,0.34067076
55840,0.13918431
21695,0.11250461
93287,0.9601823
133862,0.52796113
117025,0.25868696
89204,0.12550928
96904,0.14826052
125377,0.06951586
137642,0.50717264
117277,0.12831303
148360,0.3000716
86596,0.04929824
34374,0.8058718
74273,0.19759686
57296,0.015400472
33628,0.20183286
65780,0.08211563
27020,0.30227026
4150,0.036561817
121421,0.48379302
67647,0.048045374
25023,0.061433703
141193,0.16568264
58810,0.7865695
91152,0.48768336
44090,0.15380783
73760,0.26081637
60651,0.1009406
104256,0.395092
53550,0.54060686
139078,0.39850911
102222,0.10062977
37634,0.07390368
93226,0.16532381
32079,0.14691186
140845,0.8173642
133251,0.5470466
117653,0.059006438
106813,0.6780537
33461,0.1548107
4100,0.20227684
89273,0.057227567
84423,0.279747
84233,0.22061373
145605,0.042227894
12701,0.22677623
144641,0.03801787
83230,0.73966527
120984,0.044159748
137696,0.2734143
36969,0.17850894
80925,0.913586
149127,0.5787747
118174,0.04816442
74164,0.038042072
53308,0.47718006
51096,0.87092096
31986,0.06840513
3262,0.08428028
114342,0.46471357
41921,0.19504324
48270,0.78179544
58910,0.09993313
45720,0.68369746
28436,0.21564494
111286,0.37270173
39396,0.27011454
15991,0.44232768
84743,0.22206786
10800,0.058989402
91560,0.30635202
23460,0.23801748
22733,0.114341296
145949,0.035486206
131568,0.06151911
67961,0.8922633
44682,0.3888386
37938,0.24574852
104616,0.06400533
4952,0.14758042
68467,0.031845152
234,0.075184874
140683,0.6384479
129438,0.84279877
74744,0.15522891
145481,0.21156734
115185,0.67807245
87330,0.06738958
27291,0.17000383
130455,0.70265317
147374,0.12597077
139834,0.15865847
91661,0.120967604
74459,0.92197925
51935,0.58210087
104419,0.10300724
35818,0.3238509
73720,0.06969741
82689,0.30042264
134698,0.7128332
46608,0.04351214
16041,0.1917329
133988,0.70471835
91530,0.5001315
103297,0.20888029
14835,0.104153715
69976,0.06638838
60309,0.5718298
21210,0.061116625
138194,0.09017623
114480,0.07569895
48728,0.86258847
105421,0.06969833
91463,0.29760298
26300,0.3229158
138925,0.24791235
140266,0.0439688
76203,0.053292494
71520,0.12902899
73751,0.20962682
4696,0.6420316
53941,0.40551296
23582,0.07903232
26055,0.13282205
137045,0.10358267
4347,0.16692418
55857,0.60818356
17682,0.4857323
91174,0.5376451
64682,0.013422022
95617,0.68051976
52657,0.61236763
78603,0.074074134
144542,0.03511302
71409,0.12666443
6243,0.93356186
64287,0.06782983
137999,0.014851401
134727,0.15433006
79450,0.38959903
127951,0.76651007
55719,0.5373328
115121,0.033097565
104540,0.072254784
61103,0.45148414
136879,0.06925398
22143,0.10046192
78365,0.123991676
1483,0.024990223
97338,0.01839192
125791,0.118725754
25593,0.064757735
25957,0.6985128
116318,0.06534138
39912,0.34060645
53547,0.05344144
91887,0.253314
33593,0.11400041
130417,0.13288656
112715,0.29119673
48741,0.070623636
67546,0.14982466
11806,0.25331816
132364,0.67363656
129778,0.12584215
10849,0.32690012
66469,0.91863036
45803,0.08555262
117008,0.22540279
18263,0.47999227
16189,0.18523194
7868,0.4516808
113361,0.46651617
128165,0.4702141
123161,0.46980274
134672,0.04193654
146363,0.060168378
108036,0.38263193
13138,0.40829274
79788,0.043831717
15816,0.36212486
77240,0.21621719
52537,0.91065896
11758,0.2687788
26802,0.2318931
68196,0.13478321
82318,0.04550697
128809,0.11183821
28368,0.06876458
85326,0.06295998
119444,0.21042621
117500,0.16328648
4149,0.25722378
8052,0.087541275
119876,0.31376737
96984,0.5711626
77207,0.2792108
89415,0.24894217
143919,0.05000503
77282,0.20354241
25431,0.7142368
80336,0.08670573
110993,0.04922027
41157,0.081433415
74880,0.40693647
97339,0.36264402
79381,0.1738044
54562,0.642713
64071,0.23970807
44845,0.045355007
56048,0.19242778
134363,0.366935
90828,0.06075188
73866,0.1107814
141220,0.117564365
114169,0.032309458
17771,0.5216057
50300,0.056387242
22113,0.3886235
143574,0.84536093
133353,0.26983845
23723,0.2674342
43108,0.8459725
44804,0.93434185
111090,0.5236876
53931,0.062396295
2173,0.14942358
117045,0.055772483
35955,0.63357925
37817,0.12398353
51401,0.2834585
133446,0.07808541
19878,0.9255425
62817,0.103104524
15358,0.19306377
11942,0.2553234
2806,0.16165146
122615,0.089297876
68507,0.18167157
18720,0.113101624
102496,0.11681445
50425,0.16588174
36220,0.1988342
2149,0.0568132
316,0.64792526
32487,0.1197401
15732,0.8993169
140631,0.5906247
138086,0.37410676
64336,0.09972169
123087,0.08372614
109040,0.29317287
80113,0.37233093
68523,0.16609344
80145,0.09802971
83282,0.16257411
26845,0.4020746
106994,0.31890622
1925,0.060706623
100103,0.082546666
114713,0.08479165
123537,0.06042153
120067,0.08455823
53717,0.07260941
139618,0.33529598
101169,0.14316666
72544,0.09011553
121167,0.4995654
22017,0.054935347
130492,0.038516738
947,0.07992989
110609,0.09788395
59815,0.1349006
48624,0.0521626
122866,0.9360605
85517,0.592854
96093,0.6103728
90490,0.08669578
132568,0.8463554
21091,0.09569782
64525,0.34368187
43407,0.4700679
135092,0.072467886
72773,0.117258534
125616,0.23050939
149075,0.048883878
23485,0.93240106
86875,0.48443744
140223,0.6970625
28986,0.08027845
74997,0.58228046
130856,0.07918897
2136,0.64409155
91395,0.070006125
99808,0.5256592
16928,0.11125634
55239,0.16626327
97118,0.14803922
87514,0.70817
76927,0.081573345
20294,0.49294126
82763,0.0667292
123043,0.9274563
58124,0.113335796
349,0.14156447
70551,0.81209266
129252,0.07238745
7669,0.51615894
43431,0.80762696
45716,0.59905916
41940,0.24886796
12420,0.9731915
101802,0.08096534
14904,0.6872473
35549,0.4839677
36241,0.060866743
97598,0.61394066
147564,0.2846262
145433,0.029451916
78177,0.25656152
51046,0.73649126
75485,0.50637037
80479,0.40040907
78207,0.64222497
8839,0.029494528
104284,0.0804778
62168,0.43190104
113237,0.08072885
88016,0.4237174
90174,0.4430544
78470,0.13107117
73726,0.15505296
29609,0.04851431
16592,0.32354847
87430,0.08402512
38474,0.16950801
38324,0.07914896
17448,0.028017623
60444,0.09621233
80977,0.3058895
22164,0.115539744
58038,0.36256185
102727,0.17820643
68120,0.58360875
22521,0.022795966
111002,0.60083395
60645,0.12576556
56535,0.04205941
78070,0.36027727
14899,0.9431523
8746,0.86204755
126999,0.07499063
74631,0.6992673
57400,0.113175035
5522,0.047613066
42486,0.06261817
48952,0.22993334
133142,0.14368664
5542,0.35708994
91587,0.068685174
21895,0.07777835
130223,0.40291256
125724,0.11914176
87678,0.4135454
76391,0.1112715
87064,0.06868047
66489,0.22710524
23665,0.45585263
126765,0.08099454
7968,0.049316496
129196,0.6382538
31665,0.031686086
111887,0.19628291
42829,0.23611881
32904,0.42974436
24802,0.55587375
92097,0.2888439
105743,0.07875362
140654,0.5533725
142937,0.05776097
27993,0.08356092
39655,0.38115248
84890,0.1957555
23292,0.073888704
78533,0.060987618
38883,0.39006245
79231,0.20555472
11949,0.054678217
65931,0.33342564
115270,0.05631529
119871,0.14753886
79645,0.49101672
17882,0.7735996
67749,0.13883248
49512,0.047227845
14399,0.058543492
129527,0.083130285
107717,0.7473302
46297,0.053224843
9987,0.08831839
108703,0.10239165
35341,0.8462458
124808,0.52474225
22246,0.038359676
134984,0.029537732
35606,0.20861748
140861,0.10468566
119605,0.354354
63098,0.19940548
116906,0.1407855
122871,0.29953644
98103,0.10566884
50488,0.48700175
5995,0.36473316
149045,0.75454575
17700,0.3433275
60685,0.19321702
44801,0.46042255
35102,0.15061432
24958,0.23545532
83669,0.6447727
139513,0.55422163
43899,0.10054783
36807,0.05167942
72095,0.10153464
1223,0.117667995
47320,0.7762262
129900,0.0684347
97580,0.9092795
143831,0.2625963
113898,0.048536304
77595,0.3546273
142345,0.022226013
107420,0.6361465
107896,0.042668078
55192,0.07843974
99369,0.10265111
71947,0.044584643
78364,0.09300852
117047,0.057710063
81862,0.11304468
86808,0.46181917
78321,0.5200116
29056,0.06553164
132925,0.06214626
75412,0.12004697
2655,0.095034726
51842,0.08535968
93269,0.79332656
26218,0.28164604
11693,0.4726109
113849,0.07793212
82409,0.5356654
28280,0.09696632
52004,0.90719086
113992,0.04139892
847,0.35745877
97152,0.7020484
39284,0.10494092
89385,0.022451218
28729,0.06438955
45042,0.16834247
128169,0.04019975
16484,0.15303092
85712,0.12940037
55051,0.21148017
73775,0.066799365
88619,0.2928572
29986,0.13280585
23263,0.8865413
136473,0.5879259
98142,0.57361525
10532,0.18643424
31571,0.055459112
32309,0.01696871
69845,0.35365352
55853,0.46710044
113740,0.11254699
29059,0.32661614
61531,0.08933887
111136,0.122709386
30881,0.18922272
62325,0.7922216
38395,0.20971964
73224,0.14618146
45063,0.6193835
85327,0.026375722
86084,0.35272157
138295,0.16002147
149161,0.73410577
895,0.09742276
145309,0.7007947
137039,0.39476174
139996,0.028064705
2460,0.6214448
111470,0.08805676
145400,0.16957167
62753,0.104659334
133517,0.4168838
120848,0.39429712
67752,0.55602276
116194,0.2549251
79697,0.8947166
9523,0.305495
4350,0.1667833
119910,0.83044785
106196,0.3179258
4315,0.5933941
72432,0.21482979
22536,0.093597814
61698,0.15345411
10645,0.30805638
147949,0.28929886
139603,0.22254525
23019,0.083863236
63869,0.79912436
133580,0.9248182
48200,0.19107473
119836,0.11756095
39541,0.10590891
149239,0.019967308
105029,0.93229836
118342,0.82493395
59622,0.21248539
19628,0.818158
54478,0.71487886
39255,0.286476
69467,0.03400792
31530,0.122405134
2595,0.07150055
116605,0.77161616
64278,0.06354215
94590,0.05265802
24476,0.9402343
22170,0.117905974
24272,0.24725038
1938,0.23166019
88059,0.41271088
92417,0.0790145
141704,0.49957144
61541,0.3288874
142845,0.053214516
133066,0.47279102
125476,0.08314422
51105,0.03392816
44614,0.040943082
20576,0.06312097
639,0.07783608
32554,0.082076855
48727,0.102296054
103557,0.11601505
83116,0.3527372
112350,0.09364144
68041,0.32535976
48318,0.5201677
58696,0.27896816
30285,0.05160432
104067,0.15833712
13315,0.13758285
16859,0.45183656
116779,0.038480878
62899,0.14739886
56791,0.3788427
53604,0.7774807
116470,0.1636438
89835,0.43604928
108464,0.15070882
108932,0.027180083
83677,0.07707611
131921,0.11157461
144977,0.23798658
137887,0.015585344
117081,0.10077144
127038,0.8606419
42308,0.27641064
122986,0.5605032
18022,0.15064543
35061,0.052393187
92220,0.12611046
106757,0.13523358
10711,0.5649718
68532,0.095757194
94814,0.04926758
5073,0.036074124
40844,0.07040451
22832,0.12237925
77718,0.49618694
129490,0.056522712
81709,0.31337735
146741,0.13692005
143634,0.31431693
70830,0.13115244
132784,0.23558842
30170,0.24322759
62615,0.033612423
22821,0.04719314
8832,0.28673264
146007,0.315376
134065,0.24008916
140593,0.026548449
65245,0.219426
66449,0.06604067
11840,0.27016243
60477,0.6349975
68094,0.23983437
44823,0.07474359
14234,0.89368296
33731,0.043571737
149620,0.49557102
17221,0.029322537
98922,0.03699166
146247,0.12269988
40027,0.043573406
99018,0.14762473
64366,0.66408753
98107,0.08948438
118575,0.41922405
30476,0.10090888
133838,0.07655842
86887,0.11903408
116229,0.16798091
30077,0.03430046
141270,0.060596358
86445,0.7430982
89787,0.14761676
126834,0.041579463
105508,0.07448321
13244,0.1482919
83139,0.4430324
28621,0.09507014
20448,0.18502288
110788,0.039953258
89090,0.0535447
14650,0.40305436
114268,0.7486355
14042,0.12526181
148771,0.052921392
71548,0.45669
7344,0.48223948
66628,0.21640651
145394,0.37583524
51277,0.047851276
3078,0.15709828
39864,0.21715927
7138,0.6971886
48490,0.048460845
88790,0.31479108
21264,0.24852982
83131,0.6304359
48907,0.04124935
140278,0.48481676
5434,0.044988144
143219,0.077475555
102885,0.44507867
49840,0.1245135
80024,0.54945487
30360,0.80523264
43474,0.09067983
59294,0.15055193
44366,0.17625472
21235,0.060218483
73675,0.09925097
48978,0.44411644
63863,0.7962257
53606,0.8555638
103807,0.057446178
92681,0.6834956
9381,0.0671604
100688,0.43572196
109713,0.2567369
110208,0.050359927
44153,0.14734909
119170,0.08551016
110138,0.46062106
81967,0.17969854
20714,0.61878926
85742,0.14786589
1715,0.18682677
61965,0.13673331
62976,0.042520735
56712,0.93836033
120354,0.034508143
104961,0.039918277
20206,0.14892879
31212,0.25680754
39784,0.034618236
104828,0.37568808
106011,0.32969865
124461,0.13723308
9105,0.066379726
31740,0.14645311
46698,0.05885857
133291,0.075252146
34406,0.10446749
104382,0.12048952
49859,0.32896364
103632,0.048348498
110375,0.07365566
46014,0.083377816
132832,0.07366979
17463,0.19511382
44863,0.07733592
61566,0.11505285
17086,0.15015008
112883,0.05538127
93594,0.9594415
131540,0.06851109
11271,0.054027345
135384,0.04151607
90160,0.057055052
141766,0.11453313
121069,0.27980804
47305,0.08423471
91608,0.030480647
58531,0.73756224
31850,0.7787464
98067,0.22564614
96043,0.0327951
74639,0.14111808
51421,0.20108573
138571,0.20554268
64936,0.13343337
8232,0.50185627
35704,0.07352535
41568,0.04002619
69995,0.11291545
71146,0.06762348
92257,0.7882301
52955,0.7978969
66580,0.4719612
110587,0.17817627
65206,0.095390834
80691,0.04810387
66606,0.07936824
147362,0.15658712
59268,0.03317067
20173,0.15111305
16014,0.7083021
46382,0.9736232
75529,0.1729673
57480,0.33211133
74363,0.53366756
14412,0.11855245
78886,0.29422423
49212,0.47516465
35014,0.43344024
86386,0.11308426
20553,0.8147356
4903,0.43645665
50930,0.060946897
100373,0.19046618
6855,0.25047693
23233,0.059987906
129053,0.4059405
97746,0.036062837
35470,0.8108599
84289,0.0618438
8195,0.20726945
20779,0.16042842
9825,0.4974575
50476,0.6096076
95066,0.43817848
49052,0.061672147
147466,0.1324982
142606,0.074717216
138773,0.09205051
88214,0.11416797
5781,0.16575007
108179,0.10937009
59958,0.3156321
45941,0.045488246
92059,0.057012808
50913,0.08882062
83518,0.824943
146969,0.21309403
52150,0.26002362
57090,0.07852347
99854,0.12079105
134072,0.082409345
129225,0.8518304
10581,0.059391983
37152,0.18807298
101626,0.122840345
70653,0.13128611
72329,0.18177538
41697,0.08593404
37740,0.079529434
83959,0.046834674
8562,0.03228229
36311,0.077879846
52082,0.07334352
38328,0.024769664
122208,0.037140246
26828,0.109643474
62814,0.09861168
101973,0.48943514
7870,0.45509115
96367,0.18953878
139898,0.16543895
56147,0.94428
13667,0.3625897
38827,0.84879225
51181,0.15824999
58884,0.2611632
148591,0.058503028
47533,0.2859154
30162,0.06969672
144882,0.15226758
3333,0.0336287
68858,0.03894312
98317,0.11286309
47030,0.08433092
93917,0.86317354
69044,0.28241014
52583,0.7062886
130722,0.07145742
27651,0.13677657
69926,0.10150929
142936,0.12174623
116636,0.3594347
120484,0.60063297
29618,0.13388938
45399,0.41445136
8653,0.34080663
70964,0.61071676
142645,0.28930175
1052,0.71255875
123096,0.03752399
121714,0.058522236
71598,0.12784432
146769,0.046584472
98196,0.08693285
56227,0.19467294
45980,0.07052555
14406,0.15381409
101227,0.053125855
59597,0.25894776
103841,0.16665389
61600,0.404986
110888,0.048933364
2086,0.20101295
130116,0.07369562
123823,0.31298488
28354,0.8810814
95789,0.21206628
43935,0.71264267
27521,0.1839914
112828,0.02608578
79055,0.7878702
60868,0.057404276
93137,0.06923551
91305,0.103758335
38008,0.5642753
87296,0.085407466
133380,0.44959378
79757,0.03626002
99064,0.06929053
140386,0.29103538
70521,0.06224828
82361,0.09893101
16729,0.09075156
7730,0.11592659
99686,0.5893715
368,0.31221882
15277,0.094046034
124073,0.041201387
76127,0.056123357
93103,0.09564242
116208,0.048904978
11955,0.076023445
104623,0.14222686
116534,0.095390625
50656,0.08483583
33572,0.090628564
35868,0.049802866
149069,0.04837378
123209,0.031907942
37146,0.053697262
61114,0.12489495
52078,0.025101746
56398,0.0717846
108165,0.6974744
31437,0.08807638
114126,0.029653883
93796,0.48396713
105667,0.6739305
71091,0.03629526
32627,0.08280068
7299,0.04148997
24633,0.2757979
111075,0.34068322
70385,0.3988024
145292,0.073285654
25889,0.21468705
70042,0.21729843
115819,0.35206413
127057,0.067140065
88166,0.09880434
55475,0.5763601
134600,0.7095486
104366,0.23600067
98258,0.28332704
139548,0.4004343
107584,0.20493074
45583,0.62130016
76260,0.055287834
37484,0.07215221
141505,0.07613351
97155,0.13082705
84011,0.23142055
41251,0.0516271
41625,0.2644663
82270,0.79285485
97807,0.2874154
40997,0.039098967
101026,0.56834364
105085,0.5740651
139449,0.062050514
95705,0.66122615
121922,0.10043745
25156,0.112880066
101434,0.12587379
119446,0.730714
108777,0.052052397
105512,0.19409467
14468,0.13172509
125630,0.61982316
22876,0.8688937
140577,0.385389
38240,0.24227713
75757,0.050226986
63587,0.09952447
120962,0.07191117
47672,0.6864379
72800,0.044772692
37090,0.15372917
105537,0.09227212
23236,0.014051004
14455,0.041459676
86422,0.23615763
23254,0.0799446
58544,0.064805046
117071,0.43939915
146151,0.91480875
26761,0.12859057
18104,0.11850228
105119,0.099921405
147383,0.051993195
56231,0.19447795
59908,0.05697435
99968,0.7852022
14845,0.02835378
69013,0.092822805
63374,0.67337835
135828,0.05439943
90530,0.42421487
96834,0.45328468
148906,0.03780451
27971,0.056719955
45582,0.07294961
61621,0.2865443
116216,0.6954386
84581,0.12241271
99130,0.32852024
135172,0.0349831
97975,0.06973376
149853,0.08928664
113507,0.035148297
3707,0.10729795
136526,0.08847214
82186,0.8702754
80382,0.2009348
81318,0.7050671
71677,0.043747067
56086,0.06901452
64912,0.51450837
43688,0.19846971
97177,0.08350417
52993,0.041373275
116442,0.5557507
56869,0.15278378
136670,0.2808563
49066,0.093893535
32947,0.45278797
59113,0.35270575
58819,0.1025142
84555,0.063258946
44737,0.17234413
81428,0.94202274
27829,0.25789988
124547,0.09392457
140887,0.07451806
142128,0.88035244
66634,0.76436126
119038,0.04481293
108050,0.68620527
22975,0.057763916
140312,0.1898582
52958,0.06310323
47166,0.14899161
60729,0.07748445
51821,0.1139949
136159,0.27341974
16666,0.17283069
36056,0.12684694
128458,0.07356274
127846,0.06219459
92719,0.06558884
130423,0.081741884
59361,0.9378971
88928,0.8979603
49135,0.091770805
71791,0.41738844
21180,0.07612949
16144,0.13942493
26794,0.34615678
92564,0.2632704
51023,0.80221945
62186,0.31869486
88920,0.45015588
145141,0.06797142
43259,0.13248226
84674,0.11716163
70512,0.04519782
41689,0.23290382
68637,0.25113264
46313,0.15571263
77683,0.45289415
73721,0.5187848
134532,0.25548103
56715,0.46833998
147595,0.098352864
119381,0.106346235
144474,0.42796797
3176,0.1184824
66382,0.11166951
7519,0.2528711
65939,0.11321084
68217,0.018596165
92293,0.23478734
112081,0.5666738
94658,0.23603648
53170,0.03152327
97624,0.022180157
86001,0.069359176
83386,0.16601773
50909,0.16136086
109272,0.06576429
25444,0.07839134
111284,0.13922095
125893,0.11335285
145607,0.10317362
74735,0.058688182
10489,0.063303575
96277,0.064360484
29000,0.5853525
148136,0.045150276
132697,0.43959063
1892,0.06737897
102334,0.066178404
126960,0.9525614
141368,0.029503716
58055,0.08658171
120997,0.25663766
77152,0.88796264
116799,0.19225344
52779,0.19192827
139192,0.04316672
21667,0.2599355
24281,0.06089399
61467,0.13336936
85293,0.05237752
81987,0.07934609
12864,0.09854381
143483,0.27571833
139636,0.046580277
141595,0.2567549
106584,0.18759961
8764,0.08136287
56123,0.34270307
147196,0.4809184
65111,0.13628875
58845,0.085401826
27433,0.06922116
113288,0.1254142
21496,0.16059667
62404,0.406618
32784,0.3827322
56099,0.19163932
107409,0.028513366
114177,0.065607876
15114,0.083707504
144322,0.12216515
79164,0.5899871
16027,0.3857975
89522,0.04829569
97777,0.46064454
131526,0.18991263
83110,0.9777591
54286,0.18835303
17143,0.06387839
143797,0.15167731
141628,0.25947186
50343,0.89840317
105111,0.40453908
110730,0.27445948
116582,0.71295303
58585,0.083078526
32075,0.105579115
61796,0.064135574
129154,0.4938147
55035,0.18845177
131754,0.07143993
66387,0.1576329
6077,0.05838988
122052,0.26148307
10983,0.05229405
48295,0.07116195
145810,0.54394686
123861,0.22870858
144125,0.06916947
48039,0.080449186
52528,0.20645808
4349,0.8805856
138515,0.07489632
57493,0.06931671
7320,0.048386764
11684,0.050601
79872,0.082679294
76528,0.22464839
145312,0.08300861
7145,0.040178597
99555,0.56404763
29576,0.6522961
144746,0.46826458
44639,0.14742514
84115,0.09733274
49549,0.06785152
18565,0.10023593
148130,0.2788405
88151,0.30541307
102716,0.06288265
100976,0.037495118
65212,0.49050954
89604,0.04583294
133733,0.06319346
42268,0.5974513
53049,0.22486146
39124,0.23778749
54507,0.046673153
103910,0.21343322
51269,0.026544623
93110,0.1526139
123795,0.053072967
48152,0.54910904
34339,0.09914771
80639,0.073288195
123534,0.08052697
142566,0.18910481
122945,0.15500036
68093,0.0554744
68431,0.04032856
35702,0.031474486
120667,0.58069426
113263,0.701434
143914,0.08074603
68187,0.21405554
92271,0.4771256
23768,0.02054133
136313,0.2685989
101892,0.20571032
70272,0.08681208
135784,0.30854943
54421,0.107114166
35680,0.19183582
55606,0.9385058
125166,0.092032366
148778,0.3765792
105051,0.32109374
132772,0.44920757
149401,0.070239596
91998,0.064861506
94232,0.3975448
2303,0.067296125
144456,0.15894562
117896,0.5680546
20756,0.05752857
123427,0.09676904
98541,0.9304403
139541,0.07286422
124476,0.05689108
109960,0.202577
56887,0.029506596
28057,0.052568443
132774,0.62278926
86281,0.0830533
133150,0.102548994
1884,0.22400324
48264,0.40248373
31343,0.105467446
24090,0.061912086
93936,0.08742639
35887,0.14588319
127408,0.100505576
123174,0.019496843
89938,0.16429634
109675,0.3207311
92978,0.21515912
14108,0.08354048
50581,0.19163792
26355,0.1362296
31619,0.5234095
111201,0.05446045
126831,0.086475365
133223,0.2688325
56568,0.03406538
5229,0.058984317
73696,0.039077137
10415,0.9395729
124429,0.12350474
99848,0.050564956
69729,0.4607801
148383,0.8995216
96372,0.26064175
136219,0.2699266
69808,0.07244007
69005,0.40682504
90151,0.24276133
60398,0.048241
80644,0.7393582
99088,0.059735883
107048,0.02657529
140217,0.117494985
11419,0.19699685
79027,0.915091
99133,0.11839734
96787,0.46984717
144267,0.07248342
31158,0.28716716
40877,0.043330673
52466,0.23231813
135284,0.21420598
16333,0.18365009
26831,0.080366634
33830,0.29297954
124812,0.47457916
39974,0.046402317
65147,0.03915264
21757,0.2642472
114313,0.095060684
59630,0.055576473
86481,0.34773478
54494,0.4176329
130937,0.2669612
81871,0.24088676
49043,0.026266694
88988,0.10388434
38671,0.3559384
40119,0.10803886
112046,0.4181209
62077,0.19229421
32759,0.08376823
29057,0.23623991
141934,0.24712777
113343,0.19960782
112397,0.42429426
29507,0.061195403
149965,0.454306
90910,0.1538691
119371,0.7678313
13168,0.22697526
59977,0.8018184
6553,0.68116087
62174,0.078890726
733,0.20770563
66352,0.17852087
57929,0.08671634
98262,0.020395935
141674,0.7384645
120134,0.28845254
15232,0.5877007
134646,0.085080445
55997,0.30308324
139961,0.14056443
88150,0.1976952
21691,0.34671497
119334,0.28076267
127317,0.16204599
4792,0.12241259
67618,0.48335347
98381,0.10435288
71161,0.17524469
19668,0.22007409
97809,0.06903905
142731,0.15299821
65696,0.45446983
127497,0.18341173
115512,0.14038613
116793,0.042902585
76678,0.44131902
87463,0.2576221
15971,0.06542138
43885,0.108649194
4293,0.89853716
80023,0.11005292
56291,0.06241246
111122,0.35349092
42598,0.08445353
94788,0.0643493
92342,0.07873854
132092,0.059695743
11118,0.43141067
43178,0.19173278
16246,0.07288933
81279,0.12821014
42270,0.3825693
138504,0.0733224
39218,0.05803198
82365,0.8228663
114400,0.14325327
3765,0.6886681
56039,0.046088144
90497,0.78410596
3023,0.06426707
37177,0.588226
23277,0.26904052
25814,0.7390257
82607,0.12840748
22119,0.062086344
112817,0.59656394
54220,0.4811084
74439,0.49735793
33452,0.12117324
121418,0.38144523
71505,0.10259252
124945,0.10822875
35794,0.37402508
26973,0.4620441
125206,0.07810967
86674,0.12429067
48311,0.16339412
100830,0.15299523
46066,0.41847894
61959,0.18484025
119999,0.13474458
37345,0.062142655
12697,0.10154008
66337,0.28730217
128121,0.2062296
40034,0.112162665
98774,0.23037738
126419,0.068644315
57262,0.052810244
101272,0.19087239
74985,0.6070053
123360,0.08197808
130087,0.061630085
140995,0.03525554
67794,0.5476909
44877,0.9482131
51644,0.07451844
131511,0.8056869
19086,0.035476033
90229,0.06541027
137743,0.41567674
68058,0.2824274
44461,0.92401284
67610,0.20344692
17052,0.22920556
72996,0.1274825
77571,0.19830611
46544,0.60104
148957,0.13438563
10777,0.07883409
12336,0.3417684
37336,0.34428018
139812,0.09208766
26987,0.2402853
30744,0.810718
148473,0.07382529
10294,0.085254714
55258,0.3944158
145966,0.15847193
50928,0.45138514
29575,0.20214826
71980,0.11499907
99809,0.10371829
129747,0.086573474
144373,0.38921767
109322,0.071499325
60037,0.70949405
148288,0.7899376
75068,0.44184157
137134,0.13209727
31907,0.2110324
41785,0.70219547
147258,0.059423342
139854,0.11873074
127232,0.28228298
106590,0.70878077
89119,0.77468234
31005,0.6975664
100114,0.31382906
89354,0.6987551
121943,0.075686224
76781,0.37806088
87612,0.15541333
82967,0.42949396
40487,0.03390924
3146,0.056498867
71182,0.17725177
44565,0.5507875
125795,0.06574764
13167,0.13300142
6212,0.28587443
147649,0.17272721
23919,0.05737492
114677,0.18120353
78078,0.11717855
101282,0.4239707
19200,0.40432256
144399,0.5488818
118267,0.5872218
144110,0.29038802
119835,0.5785948
118389,0.28161806
43091,0.05891688
25278,0.66203344
63593,0.2709651
15286,0.16343543
78507,0.3465197
73584,0.045499295
41832,0.05227434
591,0.1438796
57892,0.20501669
9062,0.22115725
55667,0.20342207
70958,0.7163883
132745,0.06391261
20171,0.1336876
86208,0.03997247
140574,0.45208895
105519,0.06384452
58943,0.6006402
22815,0.17311828
92094,0.020634754
32827,0.17290452
138342,0.25845718
97822,0.11735846
136414,0.48597765
146492,0.4085531
144288,0.056177408
132462,0.839589
130653,0.21810491
97511,0.0895953
100954,0.08860371
65590,0.23859875
102249,0.44429487
39105,0.030119225
24851,0.5928432
92907,0.08055075
100054,0.21284145
106530,0.23899832
103371,0.1282782
33592,0.9349472
104410,0.13340656
143609,0.6174982
37065,0.44967982
72244,0.4540102
3127,0.2960179
74138,0.12998092
114409,0.40056437
114522,0.69967175
9747,0.07637408
56514,0.04016402
95603,0.34419248
22445,0.11457483
89409,0.2547303
38633,0.070329145
9400,0.09909823
93600,0.7446192
118052,0.40022442
69843,0.5453608
46553,0.3939106
17994,0.38590398
119938,0.9023749
100142,0.11404966
89832,0.5377254
31077,0.9587662
129408,0.16885078
47604,0.3840591
73934,0.048930477
86767,0.2640661
120459,0.047322955
94911,0.32670724
49697,0.6111482
81256,0.038213864
93427,0.906382
72586,0.08051769
72192,0.116597705
53590,0.088390306
20844,0.075009994
41671,0.7033653
24022,0.22382285
128393,0.41976923
84718,0.06087536
61564,0.04462872
123113,0.045884237
68271,0.1947347
83247,0.1350858
9203,0.075898066
58008,0.21315886
67397,0.35170102
16140,0.21612601
24123,0.25592363
29875,0.36882398
12154,0.55380756
83450,0.111497
29653,0.18554349
105858,0.18574
48231,0.35173818
133146,0.5863676
52554,0.058017325
72038,0.09220502
81962,0.60179454
143267,0.12232284
129511,0.06068977
135220,0.13661982
30974,0.3143401
107119,0.7284917
94235,0.047469255
33675,0.050835263
74957,0.14895637
25041,0.04368629
12208,0.5908124
95954,0.12226033
56666,0.16049103
5112,0.047882993
122189,0.53956795
79518,0.07994355
136721,0.9092197
83354,0.46243602
39692,0.19315846
113903,0.5797147
80379,0.65987074
63289,0.10026328
146541,0.15858978
134441,0.1166452
32792,0.12523906
139981,0.2907743
15627,0.57820916
104687,0.46726367
110049,0.11257128
81477,0.6035999
57352,0.13431051
149476,0.13382299
87498,0.30223918
41319,0.4469846
64536,0.4543014
13115,0.058884952
133508,0.7831754
73518,0.07694774
89546,0.40760276
133774,0.3678839
106532,0.18581398
36937,0.7650598
121535,0.037737068
10127,0.2537536
123857,0.1257951
55358,0.35697055
2434,0.12387481
36857,0.11833384
110574,0.07721967
85254,0.037418537
141478,0.44506168
86339,0.59543014
3414,0.7797999
93216,0.056229714
111146,0.18385687
43338,0.16443245
105778,0.1733099
47546,0.06921585
60653,0.16231859
112650,0.078613155
118010,0.06521064
149271,0.10490854
52058,0.070490204
91444,0.051769715
5083,0.14398709
39831,0.26375225
15626,0.44528157
106654,0.18537389
54184,0.2513806
27636,0.059998814
93497,0.7616149
144867,0.23365031
85494,0.1229831
98487,0.19037978
24296,0.113548614
130170,0.6453501
9480,0.7226081
86405,0.81722754
19612,0.43235603
128299,0.42378744
72366,0.7548332
118503,0.6574285
144039,0.6889537
33857,0.05729776
114929,0.23558456
63903,0.061285082
45368,0.34010985
113627,0.1222159
146403,0.8326516
82605,0.32115018
80764,0.5588006
28353,0.8274253
9607,0.04041267
40917,0.5287189
94259,0.06454855
93481,0.058517676
19968,0.57346284
140733,0.101749696
77005,0.47132078
91327,0.09013294
37720,0.03369958
15796,0.18355414
120769,0.27716666
12394,0.044036392
48881,0.8268581
135680,0.06220717
32483,0.87991923
7410,0.41170484
40842,0.40264678
75648,0.13522017
111742,0.16004509
27737,0.1863016
8747,0.09358362
104784,0.15308224
79504,0.6570762
38053,0.05324471
137256,0.07017504
53043,0.09047755
39017,0.086978875
77795,0.14416717
57760,0.46830776
32020,0.07835709
124387,0.07318193
24474,0.08898734
86646,0.9416024
70735,0.05252489
44843,0.14726163
58499,0.52475685
138742,0.13096249
46759,0.5123193
19029,0.3055568
57741,0.12607086
133319,0.085421115
88560,0.10421903
135103,0.7260704
135507,0.1105202
54022,0.08906739
23736,0.30012518
17111,0.071358174
117552,0.70801324
116635,0.33913678
87311,0.056017872
87721,0.17551413
116660,0.0811516
52535,0.15774642
58260,0.06361139
38531,0.37733072
69565,0.07272999
12260,0.09776834
56721,0.29907772
92928,0.08263723
68516,0.4687788
55387,0.2625826
148986,0.49290568
115103,0.13402963
49104,0.19985093
118811,0.4479924
57179,0.26081717
28185,0.18265975
126853,0.48158246
132870,0.16761841
60144,0.071985714
19744,0.045559615
114674,0.46689183
87649,0.22742674
114023,0.06112385
142984,0.06262009
21956,0.059163384
23403,0.12804644
81662,0.1288113
68129,0.21074426
65984,0.033168163
82033,0.83101594
73604,0.087479055
3174,0.89741975
41527,0.2868376
13761,0.046142317
50272,0.23207559
1727,0.66533905
144780,0.040417925
59933,0.2125595
69509,0.33621037
50398,0.51494914
147657,0.37296057
100600,0.14637792
92800,0.11370704
137665,0.30869842
123485,0.097735755
37147,0.12845545
64245,0.76778775
144016,0.24842522
117271,0.70297545
139349,0.24141124
126898,0.5841726
83658,0.040473472
128295,0.4608701
5782,0.083235964
69765,0.13148274
141284,0.09395855
76046,0.08533961
1491,0.4824544
118521,0.038947262
42111,0.028388463
74224,0.085728176
10955,0.57590187
115820,0.45558193
6879,0.29168552
40614,0.28309527
17429,0.061479073
60219,0.4421198
22244,0.4417639
32714,0.035220243
84792,0.054521527
147230,0.33627498
146649,0.19207938
69704,0.07991977
26790,0.19102433
15890,0.8876749
61171,0.076740555
25840,0.06263549
41666,0.06310375
148277,0.16627309
110588,0.09639729
134539,0.05423685
64706,0.30120808
126385,0.47404397
107174,0.085255325
103508,0.06687982
148943,0.10311757
38592,0.08146497
73577,0.16323836
45529,0.09756457
108975,0.8857131
107350,0.049608342
143100,0.9049844
22361,0.30733112
10425,0.36535153
110290,0.8031011
63277,0.30666947
76306,0.64363027
116161,0.3651536
76734,0.1393094
57033,0.090122595
49204,0.71267086
19096,0.20923476
68626,0.10155929
148789,0.13228709
54965,0.9768971
147337,0.1040652
82309,0.10400567
103741,0.88597554
42448,0.043287855
138004,0.5377064
67078,0.9399331
52473,0.2641809
59148,0.10223033
77105,0.0408451
133970,0.046668697
104587,0.029074742
20820,0.14200404
146050,0.09115432
37313,0.41869268
138446,0.1485446
48407,0.89541703
70432,0.19062766
147492,0.24134706
112840,0.033320587
16230,0.49768263
25977,0.034179583
117590,0.267453
70951,0.43426543
115935,0.233977
22356,0.20287463
50580,0.0971939
133992,0.06980045
24610,0.6337507
88740,0.8763339
47221,0.10398054
90792,0.14966415
84331,0.1688951
141931,0.10329005
75074,0.059743017
88678,0.7855669
8224,0.053691898
43898,0.024583507
454,0.9252162
38716,0.028038075
82720,0.34636846
135988,0.2642553
19702,0.061345175
49198,0.32688767
35399,0.49061993
30238,0.1622829
22579,0.95731753
131596,0.28903607
78959,0.5588998
104883,0.44450694
112595,0.11734267
125480,0.2221486
120589,0.7189163
143722,0.2914958
115845,0.03915953
33866,0.16202153
33582,0.37575006
134101,0.5696242
3953,0.18437989
81067,0.3754396
121195,0.9399555
141689,0.069282204
119073,0.64506507
68504,0.51163864
52864,0.4003489
89200,0.43702903
63488,0.44347602
64690,0.4076041
29243,0.08413584
86690,0.12813261
52539,0.2070758
40900,0.28948325
67834,0.086603835
62056,0.13523531
135232,0.2162419
47850,0.13061342
52632,0.071045905
46491,0.6016794
49270,0.04922729
94189,0.25891724
41015,0.15902114
134032,0.0524552
135036,0.09180595
23432,0.24970509
58248,0.08554391
95489,0.6437478
42646,0.07565401
29990,0.15487854
97874,0.6133602
63771,0.09029484
15677,0.9625137
6148,0.0869408
109149,0.059751578
69596,0.6776387
52861,0.2031502
39758,0.06491436
52593,0.14699067
87079,0.5614266
34824,0.07513953
73735,0.18558323
79222,0.31023696
31286,0.03910207
51204,0.07684982
43262,0.27360567
14883,0.06087228
33312,0.06941419
41212,0.17130266
80820,0.0872821
28108,0.19511823
45283,0.07636891
52278,0.43177894
72631,0.06362349
137818,0.43696448
61699,0.18474899
25643,0.060213875
96775,0.11152043
118438,0.1746294
46245,0.25902373
77815,0.066881105
1203,0.1893833
21150,0.08072531
42812,0.32131514
90709,0.37275484
28191,0.034282558
5018,0.85172135
61486,0.54548013
5227,0.8217429
137821,0.34047842
15338,0.53549004
52990,0.14254424
67088,0.31260464
128056,0.24886802
110420,0.08337324
43270,0.18469252
64948,0.31478453
38958,0.23743653
62105,0.38521338
22481,0.41406447
108541,0.26876152
18586,0.7793698
90314,0.14206591
41291,0.08311686
24849,0.5323639
15067,0.6276626
77822,0.9641032
66643,0.2806511
129119,0.10528997
96188,0.121545814
46863,0.80541086
44518,0.1250487
103470,0.04197213
52810,0.25459802
134325,0.031428766
132751,0.2577464
13892,0.15495966
37829,0.42379147
76785,0.13469923
77484,0.17153254
17779,0.15278903
35205,0.934748
87704,0.012076037
20132,0.5589373
17575,0.3068816
95684,0.39053795
86456,0.38521263
70531,0.17849201
105398,0.075444646
20565,0.13436255
129666,0.28778684
61869,0.15383032
62963,0.124556646
137503,0.048478983
4326,0.037536386
122179,0.32459116
78187,0.5808166
70383,0.13585274
13754,0.38387954
129125,0.6268444
71290,0.04630921
51322,0.4591192
101385,0.15654731
27067,0.41175047
34518,0.13091928
66202,0.121211365
16498,0.6113226
111080,0.19754967
116127,0.6048833
31751,0.07809857
93436,0.1694842
117323,0.22350068
134556,0.09247928
8411,0.08829179
65452,0.12844601
139456,0.15688276
19782,0.07064556
89098,0.25415835
124346,0.08809511
48171,0.5081138
12677,0.16127965
84108,0.037368022
37694,0.78528947
26099,0.053203136
97738,0.015479459
126783,0.49196297
87706,0.2177264
77444,0.2106567
3415,0.031654954
38969,0.3867429
105611,0.93831635
111617,0.12864143
106725,0.06517367
18605,0.4430123
33002,0.4144353
90255,0.12490566
59801,0.14561562
6471,0.30601433
19262,0.45208123
77396,0.05433938
65698,0.08586085
24282,0.023916237
95470,0.59174025
101159,0.12689596
54701,0.2572191
9145,0.11430066
4675,0.17901593
11564,0.5241478
56827,0.41227025
4216,0.2755245
11862,0.038994696
55625,0.07612537
14667,0.53830385
110535,0.119730964
13397,0.678804
20116,0.5268115
32854,0.07786413
80983,0.28787804
55069,0.54132074
138637,0.035735086
61557,0.07130356
26910,0.90000546
38513,0.4305538
21922,0.041498326
73672,0.029591955
83294,0.07056679
51041,0.4295935
59972,0.31309396
56450,0.6409044
144477,0.58966714
22926,0.7242344
13684,0.037605044
110919,0.042703673
35147,0.058335062
780,0.06341014
114442,0.04599499
63779,0.08694579
124968,0.45993724
42397,0.09429052
12466,0.19696708
33122,0.12581329
106685,0.07139996
11822,0.040211592
94737,0.036571603
60353,0.9343046
134803,0.13515325
117744,0.6781318
141047,0.30570808
25315,0.085963205
121857,0.099535584
142904,0.8578751
70302,0.40087226
17433,0.11681168
138674,0.22122848
48595,0.064653695
113880,0.8183747
112295,0.29858932
105885,0.03467046
5110,0.046353504
78383,0.3673746
88957,0.10957397
69363,0.030609882
72003,0.041180924
6992,0.07222303
120464,0.04478297
136862,0.05256381
16201,0.06358856
69329,0.07036663
118454,0.5490233
58521,0.091447055
80097,0.16272725
12801,0.06304292
125114,0.0892578
71958,0.54909277
53877,0.9524261
115780,0.09701915
97390,0.25071347
17294,0.3158464
142584,0.04112315
133047,0.05308352
67962,0.07871307
27309,0.4173141
95820,0.17699328
106149,0.4359127
71318,0.6370863
106053,0.4977231
11350,0.12598331
69457,0.08626332
109178,0.065015264
147516,0.63695693
2946,0.0444629
6512,0.16905744
130783,0.1054308
107149,0.16377546
38260,0.045529753
135915,0.7412031
60159,0.4157257
17842,0.35759792
65062,0.028147064
103896,0.37320518
25665,0.04646766
58164,0.48366633
26050,0.3021944
28106,0.106468834
26015,0.41374904
3794,0.06889713
66122,0.9069967
88986,0.10605411
145945,0.053998437
41973,0.30463845
90267,0.1605146
94881,0.039235942
41495,0.12530954
88534,0.2561467
26267,0.08404212
114709,0.13856518
12675,0.0071333773
146056,0.49422824
30657,0.81806606
19259,0.51384574
80879,0.784446
128889,0.0276835
36107,0.57565886
56312,0.4138896
78273,0.06444264
3205,0.18663104
134358,0.0517432
2321,0.44096795
108041,0.12059184
83698,0.09205011
54488,0.31109655
4647,0.046860352
23454,0.098832525
94614,0.40659532
21055,0.047010645
90273,0.56075335
66795,0.19320545
141311,0.7047597
64052,0.12603493
27169,0.06222754
106132,0.39157012
45969,0.1269213
106119,0.07124096
59752,0.09265727
99652,0.12594774
71171,0.16464005
79720,0.13190064
94341,0.055179384
128441,0.07330259
111329,0.17955475
123532,0.41155666
126924,0.43844855
55944,0.57629406
19076,0.07480083
147198,0.45740384
78985,0.044134323
31976,0.17196368
50894,0.19195588
113756,0.17984536
121639,0.15843338
83898,0.14741583
17837,0.26519197
96180,0.09157252
27603,0.028564686
109891,0.03427295
48423,0.11646091
40009,0.43567547
44220,0.38997507
141149,0.8812931
1555,0.051099163
85322,0.34262916
119249,0.09842342
28511,0.11544499
110254,0.25848556
60836,0.030677274
54297,0.066472575
43396,0.44644174
46550,0.0129660955
118918,0.524261
113943,0.396618
7461,0.22122271
132427,0.14836726
62699,0.09037854
82415,0.092513844
121398,0.4897697
66472,0.061484784
19446,0.09059677
129835,0.073974125
61248,0.9016713
51866,0.18811506
128157,0.40926003
141095,0.49688938
56266,0.06044208
95923,0.21152961
10297,0.45069203
89315,0.20593348
28468,0.23285902
120856,0.046130713
35975,0.08064358
38741,0.34748372
48459,0.49190447
31640,0.10533421
53255,0.046101443
112199,0.17865175
11442,0.057096086
110379,0.31180516
57616,0.6625639
36332,0.39645204
134777,0.48896277
146181,0.02815312
65593,0.2374574
118197,0.08488041
66549,0.7687513
19104,0.8420767
72813,0.0740882
94899,0.1362394
14829,0.70171666
75360,0.18270512
40522,0.2733773
9184,0.1269368
51048,0.09113191
49692,0.2777284
65318,0.3798677
119828,0.13177058
28909,0.09436811
61720,0.05717972
55107,0.029800043
148734,0.079021506
134339,0.8779038
60388,0.10259697
57755,0.26155242
59326,0.38741684
95355,0.56395406
112153,0.07829095
59731,0.64071816
24887,0.13744774
21693,0.36430782
82779,0.19832249
69286,0.6270823
129626,0.29744366
116754,0.10719366
61320,0.091102235
107654,0.094427355
124796,0.5739008
32504,0.15523303
44910,0.045718238
6876,0.0926533
44414,0.1533172
125375,0.49690312
94710,0.40099677
48235,0.82873523
99229,0.48706052
35804,0.21420616
17866,0.52772653
127891,0.8702938
130595,0.38392115
67564,0.048212793
31394,0.37950888
83587,0.0882994
37330,0.12041088
133521,0.19031268
96163,0.1394679
39991,0.040739395
16454,0.172627
108214,0.10790136
120272,0.09519472
13975,0.97416127
70725,0.19549148
141167,0.06537086
51844,0.05752679
112688,0.055854965
59162,0.29962072
132794,0.065616325
105871,0.12019168
16073,0.08397334
107553,0.060063317
86465,0.2958046
68323,0.056924462
21527,0.7631137
148493,0.047273375
74713,0.3248962
84219,0.14329602
90149,0.09069476
63527,0.0624368
7515,0.16033952
3675,0.2576551
123600,0.13820785
67319,0.12909368
110357,0.51696205
73761,0.030089114
45841,0.2650722
90799,0.0838773
108337,0.43191865
35349,0.6171022
34728,0.06549224
59047,0.56478167
144263,0.36743987
99452,0.36587393
15743,0.22912222
135030,0.12778728
85339,0.20236926
17179,0.39454177
85372,0.8583014
6725,0.21147142
64721,0.045540843
67716,0.16402546
34177,0.69024545
37908,0.07730454
6147,0.048238963
132591,0.39946613
61658,0.5166412
44600,0.49702677
62805,0.9479903
139467,0.105612665
2157,0.098829396
110471,0.92588013
141407,0.19102256
43209,0.082831986
106863,0.119090796
24452,0.1117847
103438,0.065863535
56579,0.49595362
13914,0.5477213
118792,0.06382034
108605,0.112514794
38562,0.5528692
68546,0.26070666
75194,0.04566334
114693,0.10701157
35963,0.06286014
117331,0.12292516
113270,0.24571797
45336,0.3425974
135171,0.041756265
142114,0.14999971
105658,0.09717411
10660,0.042075552
148630,0.22111468
39377,0.14385386
97212,0.3947343
93379,0.10456
102105,0.047450665
148203,0.3094173
92514,0.12871295
43916,0.07319359
36287,0.59041756
4741,0.38569924
100207,0.085796535
17644,0.06374286
109036,0.48585042
131507,0.05106648
89285,0.8537264
69849,0.0834507
72838,0.85653174
146958,0.14945817
98273,0.2783741
114413,0.041704323
55852,0.1456922
21614,0.93138343
108277,0.4859672
68114,0.034558676
20514,0.101009704
35651,0.104485795
141513,0.87081075
23048,0.861932
41922,0.49737945
72886,0.14535522
27727,0.14250617
109280,0.06402856
141848,0.043249108
121065,0.6361181
146163,0.06048174
21885,0.06540265
117625,0.19230062
12041,0.19420491
103646,0.03638105
14367,0.033626232
103904,0.04266833
111988,0.109319165
34917,0.32336116
119839,0.045515917
72077,0.3916982
104810,0.13561948
87027,0.16547525
23591,0.38412523
118876,0.31076914
134734,0.052656464
121493,0.46913335
81877,0.03770929
108294,0.55276877
39371,0.47654948
142202,0.049165573
143546,0.45199525
95484,0.7416282
148602,0.084427066
48830,0.7859225
3957,0.16962676
142024,0.07864921
102478,0.1103569
59081,0.45540652
118609,0.07557228
101579,0.13512386
38702,0.06441548
2182,0.25691748
128010,0.11177495
110116,0.06131114
70319,0.34462556
4341,0.09986006
33923,0.45633772
93044,0.6381212
37708,0.54362804
7862,0.35102797
141421,0.15008564
9782,0.4172516
92103,0.27342403
134268,0.09399491
131314,0.4145645
109376,0.5614542
39119,0.27273142
46705,0.050415542
125147,0.18284829
35960,0.9767478
30414,0.089293025
122023,0.20784526
26136,0.4335729
86253,0.06664106
94496,0.06013014
23463,0.121049576
95065,0.8051971
75885,0.12736794
62427,0.21545142
86916,0.74508685
36897,0.0445432
4396,0.08222809
147289,0.35396978
87787,0.200202
5210,0.10687413
115013,0.09903881
4759,0.38539812
115095,0.8503522
42232,0.035745975
31189,0.15959255
15707,0.04092075
120892,0.9421691
110348,0.85653806
39316,0.046377856
20027,0.16351207
10377,0.16937646
106425,0.21493965
48832,0.761212
134561,0.052501734
32823,0.6858478
136131,0.09521094
106396,0.14563425
94864,0.09089691
126333,0.05414798
44174,0.4437385
130285,0.09175682
11604,0.64538455
124856,0.05500228
130554,0.054623056
26290,0.5604509
58589,0.062133722
88641,0.22303545
88801,0.08613163
54348,0.1005775
92854,0.49189633
44501,0.21176483
147014,0.0613357
85272,0.68296343
13611,0.29489648
113373,0.8436452
64112,0.1609158
84806,0.93096036
131405,0.7946805
34775,0.20163912
18391,0.037839796
66052,0.11908429
75182,0.79049516
42218,0.06600055
52398,0.2519919
19871,0.113197275
56218,0.10720402
29294,0.10589022
7533,0.08361696
80974,0.10939526
107663,0.08560008
18743,0.1775066
108235,0.06261054
16891,0.35790703
71468,0.30749735
20716,0.36622894
19696,0.04598914
36874,0.09658274
19108,0.521012
135395,0.21748069
83180,0.23986673
1217,0.25697565
72161,0.50054824
93136,0.0766515
132366,0.22119012
139405,0.7154691
44930,0.42396975
123690,0.18538281
28346,0.7938848
55356,0.95228034
43176,0.76922953
27125,0.12124702
6154,0.044748075
50430,0.54275227
132668,0.26980576
31377,0.09901505
78650,0.32664323
62294,0.06718751
98674,0.052019127
29765,0.21213631
52514,0.92346
79912,0.08238661
54410,0.34345493
122668,0.08966627
122735,0.51086944
616,0.038973384
50323,0.4995451
59609,0.1683732
6683,0.4625871
148449,0.7392852
19716,0.17552751
132218,0.20161864
115674,0.24713983
76397,0.047740307
130095,0.80183953
14492,0.09943323
134599,0.65147555
98790,0.31362954
20980,0.4658747
67324,0.33851984
49365,0.0967226
59375,0.037519433
68497,0.11524719
105841,0.076455936
50623,0.22256985
53206,0.1312619
30679,0.64564866
140261,0.13857889
83601,0.09264869
56510,0.69482875
51160,0.11392669
44857,0.037110638
98597,0.34965006
136010,0.06953516
59748,0.044228755
149179,0.10597485
128076,0.30726883
104743,0.031613126
80026,0.8806655
77354,0.65481967
88664,0.09532954
110014,0.14986596
144265,0.46322468
146039,0.06484042
42122,0.40020907
75970,0.5322841
14172,0.09689828
34496,0.75085956
7607,0.11488902
31861,0.06102545
5937,0.43391842
84347,0.122495934
122364,0.18508883
35371,0.37520766
72555,0.9152086
68942,0.84160006
108545,0.047671605
106050,0.09761784
96265,0.23474677
32541,0.13880469
73283,0.41629422
72407,0.06943178
18049,0.06993032
29402,0.062295925
83742,0.2862073
8486,0.23620239
87947,0.3074062
72413,0.062421754
92137,0.15325865
148606,0.54147285
143468,0.746904
139438,0.3669724
29901,0.45550197
95195,0.10315725
109633,0.34240755
6371,0.75368667
40779,0.092665546
90781,0.20949757
69571,0.066322714
134987,0.7281768
1510,0.17418398
123276,0.88178825
34208,0.6987577
119689,0.49735913
127638,0.28493494
7205,0.29019257
106031,0.47303858
115410,0.15853603
38267,0.86570895
129478,0.2828881
130720,0.83195376
39714,0.33818513
77847,0.8057722
49439,0.04607535
111693,0.05269388
75882,0.20553416
109313,0.22958264
41749,0.5246698
122963,0.19242628
107724,0.6313437
77896,0.08926327
83296,0.862791
41639,0.026619239
47245,0.065713234
38158,0.03341468
101326,0.13183375
23122,0.8315481
83607,0.07777473
118915,0.088302866
127243,0.17842059
37342,0.91123176
120290,0.1114189
138138,0.039823897
121123,0.06223643
75525,0.29105893
131134,0.24246718
32449,0.2696142
57679,0.083999746
19707,0.7244068
137065,0.054444775
25144,0.7731695
134472,0.17072871
19055,0.19239861
83157,0.019056648
32076,0.07273918
93500,0.32727823
92921,0.13122052
111413,0.32355475
5279,0.06956376
122834,0.04348414
145326,0.2212244
90549,0.53415585
126793,0.19518566
32934,0.04925343
73008,0.41444626
84222,0.1169293
124746,0.08196682
55295,0.1479844
25799,0.056904893
93874,0.12607318
83555,0.2651157
63406,0.18376328
65392,0.5668742
80509,0.06444661
110081,0.5626443
80967,0.10736929
10535,0.06715042
596,0.07621935
89423,0.16189869
42618,0.5884122
147057,0.21374291
42945,0.3034192
94657,0.76043016
11443,0.059063286
73486,0.037133247
23954,0.06089525
61841,0.06094978
125161,0.6252593
43287,0.035726584
110846,0.081974424
87888,0.35088256
148320,0.41724902
102876,0.1079303
146086,0.8089385
100074,0.2314184
78314,0.1412132
51268,0.207957
11721,0.45280698
40065,0.1556191
9842,0.1215166
67260,0.18040465
98393,0.7966717
57134,0.21541847
97413,0.6739995
126611,0.07835179
72016,0.03782107
21174,0.45541078
138623,0.05312647
16855,0.80744714
19657,0.09851729
73033,0.2181972
143823,0.84386545
28903,0.75001734
42753,0.09541469
78798,0.326853
96622,0.01679155
26534,0.8577607
26241,0.1064538
139957,0.053695973
110316,0.05951919
125870,0.18945584
67549,0.047226
118860,0.70209885
15027,0.24173665
18550,0.4956476
143059,0.7915824
5687,0.07687987
141785,0.85368806
91839,0.2713764
28125,0.0484165
36422,0.28915447
950,0.031898536
24183,0.8180057
72798,0.28023174
91654,0.5031576
89397,0.08240327
33345,0.08994605
27091,0.104424044
60764,0.082571805
40864,0.87816566
148465,0.3406936
6832,0.88891715
126344,0.052165993
136809,0.7879734
112251,0.10198643
27482,0.12500271
98569,0.87530994
22400,0.30787137
24517,0.37718704
100622,0.095790684
143057,0.11036485
128730,0.7243829
130640,0.07632785
121724,0.76664907
43125,0.17326513
136669,0.0600853
70174,0.16701062
91134,0.9577917
118961,0.83586365
79363,0.19675048
68847,0.6741085
28745,0.24254641
28489,0.7710261
31646,0.07919563
43926,0.56913805
63617,0.1560752
51299,0.111845315
137811,0.86909044
75495,0.1298029
98880,0.21814594
1259,0.030428667
25205,0.0643397
108106,0.5539156
5378,0.16870128
53355,0.07104943
24243,0.087133706
96236,0.84794664
32875,0.18537088
146847,0.1586372
36912,0.09209787
119032,0.12545863
41506,0.19276142
6920,0.6210692
126821,0.15103188
123262,0.11877808
129263,0.3070602
140203,0.06153529
117213,0.06302724
110824,0.1350282
32885,0.052215517
303,0.087987915
56043,0.4816045
26596,0.07947618
100997,0.09852435
138443,0.82087165
42148,0.068110935
52319,0.5828601
10458,0.07159746
37477,0.3996884
141072,0.8987574
69260,0.071639135
17234,0.06721331
121120,0.7789982
9713,0.29010513
11928,0.039264336
100147,0.1377978
40016,0.26400965
116150,0.15558313
30075,0.44243544
16152,0.07355297
108136,0.57720935
70658,0.11001578
81147,0.034405876
137714,0.13177058
36698,0.1653904
102017,0.15938506
115162,0.30763373
26543,0.18652834
78345,0.3738279
135605,0.22366998
77878,0.077002004
16620,0.2840189
144341,0.73519266
63283,0.124711424
35310,0.096764125
16166,0.012958939
42481,0.032367766
116105,0.09919077
14095,0.38632447
146326,0.21015492
58348,0.05788066
54662,0.13356547
38989,0.04724546
34088,0.5033111
84235,0.95314974
35634,0.07584292
113709,0.26687494
55299,0.13683362
62081,0.24280243
146191,0.30927473
59567,0.34611425
104729,0.031358544
73690,0.21342145
141515,0.102666564
68244,0.35570517
147334,0.5653973
112444,0.2142438
118233,0.46744478
17898,0.06279212
40527,0.06608836
92138,0.20083427
113941,0.91487265
20092,0.123909384
70005,0.25905645
68822,0.056759205
75470,0.26671177
53937,0.07713173
42709,0.12269497
118128,0.16431002
140441,0.25907287
12829,0.13851929
108761,0.22514209
48281,0.14015153
123891,0.20133267
144948,0.17420533
35559,0.5308175
23065,0.05286116
30083,0.2595949
660,0.15158413
14923,0.42924535
119404,0.36644349
104988,0.09813473
148595,0.08730776
35983,0.08385004
6362,0.31748828
116195,0.90893406
75831,0.07926306
128282,0.4563492
149291,0.02728934
133351,0.081033885
11531,0.2150948
55140,0.036645614
78069,0.22418585
72771,0.12642272
119356,0.49488723
14913,0.15124027
102386,0.077024914
133553,0.09707717
81746,0.3367336
21028,0.080794394
41339,0.03881532
137268,0.40293744
93906,0.063722864
122494,0.23577732
111361,0.57471466
86503,0.6745153
51122,0.7225718
98685,0.11157549
14410,0.27335978
49178,0.39116088
67117,0.073591545
67525,0.094758146
126264,0.07776991
28686,0.0352681
114783,0.49126822
56135,0.1295799
74577,0.43501273
93126,0.8226003
113021,0.26465085
9773,0.51484567
32584,0.89840627
9460,0.93595487
67841,0.87131494
6991,0.41924995
19624,0.15031032
70673,0.63546365
116962,0.2623297
120129,0.0451621
108022,0.14388111
120327,0.092735745
102494,0.083196364
82281,0.57181126
117999,0.3053153
77507,0.10605041
55228,0.06331145
30954,0.10955011
122081,0.09501419
60740,0.31191367
23570,0.6081701
141001,0.029814908
119424,0.25500238
102770,0.21861061
143055,0.9334791
125100,0.94197756
40080,0.804971
124012,0.76761407
4101,0.06745765
77182,0.48924845
9242,0.12762311
72280,0.08757852
116548,0.33795884
148788,0.10463806
67391,0.15535536
26478,0.08495657
121203,0.045804814
138534,0.28005785
145732,0.6112042
60042,0.05290732
98504,0.11770368
79513,0.06968489
66994,0.07171094
43490,0.921627
89526,0.061259497
19234,0.061115734
38924,0.21903408
47257,0.09669525
50677,0.5368951
81042,0.0557478
121791,0.92724156
8815,0.7271078
103444,0.5124131
32093,0.077183545
62176,0.3720133
16896,0.40892065
5925,0.058836255
29019,0.028819159
35423,0.655056
74528,0.6564906
34606,0.055231996
103803,0.5510676
119626,0.7147416
47929,0.7402969
145808,0.38642934
115562,0.55839485
64806,0.1842761
60043,0.162612
82830,0.06888248
51399,0.06112864
60977,0.015246759
93828,0.26032487
81211,0.29273558
12813,0.34330606
91467,0.29347005
86587,0.098488875
127481,0.14514689
11011,0.29730415
25604,0.060723215
79199,0.5289693
52621,0.10829433
38057,0.91992396
139713,0.59112513
125132,0.10606675
148735,0.2623167
45353,0.09316216
32201,0.17186277
133976,0.25530908
86531,0.27894437
9174,0.8903732
124232,0.97187245
129226,0.5209032
36309,0.04282893
86593,0.04257927
4667,0.04867825
123260,0.5096708
63829,0.28123114
58870,0.15579645
120664,0.104674704
88491,0.061678585
33522,0.7103167
5135,0.18112515
127282,0.19097129
58465,0.06123532
35455,0.14013337
96226,0.6627928
50416,0.050722044
136051,0.35807937
101049,0.20425044
37833,0.61829585
79185,0.49602246
48086,0.91333055
93461,0.92601
3002,0.056433436
70677,0.42709357
128537,0.15589657
134725,0.1080688
86023,0.0975461
116805,0.45006555
132583,0.21365486
105711,0.14650592
61048,0.20423205
135353,0.43764699
49194,0.8926614
107793,0.018290889
5314,0.091677815
93503,0.061114833
17605,0.09473369
13307,0.56790227
88848,0.36098626
30460,0.22464086
32705,0.19626866
5548,0.35107726
38711,0.8772253
111655,0.11703079
125260,0.17142202
58438,0.31013697
10818,0.2014789
29388,0.43997845
98236,0.9008019
52008,0.36132613
97920,0.09206173
82373,0.062062297
45612,0.13656864
18627,0.044717737
129638,0.09101368
59892,0.8225076
71296,0.26044962
139435,0.27964976
113059,0.3059884
142176,0.10610166
141860,0.3444197
2512,0.20744234
10121,0.9315801
102208,0.040356796
75920,0.8974579
93971,0.0871042
84170,0.046260502
144483,0.07541993
140844,0.11763692
48546,0.07678485
128115,0.040195536
130118,0.20590796
124042,0.867956
110757,0.10264923
91495,0.20344178
110719,0.1380132
110162,0.14773567
26193,0.2711153
77844,0.2325227
129718,0.0638633
75958,0.42306316
16869,0.34694666
137856,0.15569247
76674,0.057791274
55124,0.56465054
109656,0.12644313
13823,0.088561
2050,0.070178494
26407,0.17297238
78178,0.86765033
38644,0.12563401
66252,0.34460643
93214,0.2532121
75195,0.7416779
132014,0.119858146
113221,0.044272203
87325,0.05839397
117872,0.81200993
140979,0.32006657
89541,0.058315575
17131,0.92167395
3391,0.075177245
89399,0.07394566
32814,0.7919209
133448,0.77066255
18111,0.20629188
95966,0.07441352
135762,0.12502624
68191,0.09839647
64210,0.92589563
116243,0.9313678
99528,0.1301248
50258,0.04564089
132225,0.87387943
119520,0.07386501
133777,0.26987907
92,0.0528855
42297,0.12153779
119795,0.5185941
70342,0.06063083
50576,0.21934718
70067,0.88405937
25185,0.14492954
99396,0.049061224
89120,0.11416539
135478,0.051863365
15316,0.21422875
14804,0.0923977
5573,0.121893145
81615,0.024561644
141977,0.098240025
105453,0.11593686
111644,0.6018606
13284,0.0509408
37661,0.02294723
127355,0.6903412
41353,0.11826841
92215,0.94785416
119785,0.057292406
85025,0.022591537
60851,0.058394447
132273,0.38580737
98035,0.49464312
105464,0.88880545
31839,0.5030285
10910,0.22075315
20476,0.2522612
22747,0.12732793
70911,0.1606551
74736,0.225156
65026,0.029649597
110188,0.0637677
20677,0.037556186
6178,0.14928643
36659,0.09601332
48910,0.39242464
91039,0.18805598
122344,0.1692526
118615,0.35352528
21157,0.020917412
19718,0.040112942
99722,0.100369334
115370,0.03147001
10269,0.4460547
11535,0.5605127
143349,0.69368017
43503,0.059661653
117416,0.089141406
134104,0.062455587
108743,0.12500852
91498,0.18196079
50981,0.8975997
78944,0.9012512
1095,0.07604101
63152,0.064506456
133711,0.97765714
6899,0.052218676
117041,0.45062056
145308,0.7794365
93561,0.06006458
67044,0.5843296
46202,0.96454287
99792,0.5917981
97530,0.9653329
124748,0.25940362
38264,0.72064304
115453,0.48225725
71546,0.11566226
22659,0.044411466
74232,0.18368424
73566,0.102654524
115075,0.26025432
33980,0.85080206
141429,0.2721502
74546,0.032980334
70467,0.12760887
105048,0.22059016
16542,0.07289383
67502,0.5219069
23549,0.43102407
22494,0.6934146
28583,0.111555524
86037,0.080967255
40803,0.9399167
95510,0.10211068
37867,0.2754025
70114,0.8745602
13687,0.10780611
79037,0.06300804
75072,0.31649038
82966,0.10548097
55408,0.21657227
85349,0.17250107
110641,0.2880249
90719,0.08916414
83945,0.15258749
149031,0.030726032
23128,0.08228282
94866,0.065571845
19202,0.115620546
15801,0.11196199
138885,0.09725666
30039,0.9126538
6843,0.94367284
17232,0.62920755
98207,0.07091941
40129,0.9600974
106651,0.17091812
39564,0.12551896
30450,0.07004444
34299,0.13131437
69718,0.12073851
57537,0.27922794
47548,0.81332815
130822,0.7521782
135792,0.0885057
142628,0.04917992
132728,0.084836125
143276,0.3318635
43591,0.5146052
113298,0.10903986
31631,0.40774345
6505,0.08498922
37453,0.11626952
17704,0.8171634
29100,0.15060568
100105,0.04996365
28121,0.04787105
110853,0.52684844
136619,0.108194456
62377,0.79665256
44095,0.14804423
25855,0.08890859
90750,0.31887084
120619,0.09435906
119152,0.033656772
23141,0.30554837
137748,0.12540413
62311,0.4500749
130491,0.22332612
75503,0.059074663
93902,0.5637625
78490,0.05662035
35148,0.24006113
6510,0.17896336
106271,0.09336554
147665,0.8258783
7825,0.10186378
92743,0.5035658
77565,0.13916165
5999,0.41660556
148838,0.11637098
36928,0.08796602
12083,0.06607209
26820,0.59897023
4008,0.934866
143833,0.25336072
137151,0.448195
109731,0.08368565
136737,0.060100883
5017,0.041004848
96979,0.09836852
127607,0.11227226
140808,0.37335083
130386,0.25665423
103080,0.08062394
146636,0.10035824
34024,0.59075135
23407,0.122652516
5662,0.6524423
116445,0.3368658
58333,0.07273724
83288,0.0664613
12573,0.12641338
114277,0.12196755
12631,0.10212085
147922,0.8302755
99923,0.122369155
124209,0.40019318
140976,0.10294523
25371,0.37463334
80260,0.41205895
77987,0.2728061
107128,0.106198095
61760,0.046045244
81566,0.20695183
12060,0.07417678
95357,0.20438771
85009,0.29185843
122852,0.06110076
64167,0.20003866
80761,0.08607588
17500,0.5883844
101207,0.053617265
83213,0.19440521
111141,0.8497104
2373,0.11698224
47635,0.10479437
2877,0.099696115
116323,0.08379701
145420,0.43642506
32546,0.4285405
75749,0.09662562
107911,0.34377822
10836,0.08060443
44515,0.055228166
47736,0.69985384
96206,0.16469269
92956,0.1040745
23568,0.13272198
138639,0.13455337
60602,0.08325773
73890,0.2089534
122320,0.09077017
84413,0.10531471
9238,0.08200764
3443,0.066332415
92476,0.20299324
73466,0.05496475
35850,0.9340782
119266,0.23059101
123919,0.019836243
89869,0.27789426
84958,0.100434065
108005,0.05472868
10022,0.88933617
87093,0.10768738
52549,0.06073582
41356,0.08246118
23682,0.24556229
25022,0.33444318
79974,0.12600239
87347,0.12457539
80420,0.25387427
51309,0.11954749
122249,0.03440325
65768,0.10787925
107739,0.15908563
93905,0.08951307
115624,0.110911354
87866,0.14461184
109827,0.25524634
125889,0.1163854
119205,0.41814378
97389,0.60828936
65942,0.4329345
71639,0.10525748
58259,0.09703469
28492,0.08272576
47694,0.13161397
97938,0.11629209
18975,0.08933249
40366,0.07621004
131539,0.27399948
89952,0.32545272
79006,0.47292152
62162,0.024836952
108999,0.048480738
119966,0.6608055
83175,0.47596753
22878,0.15887548
147908,0.18018733
123478,0.14115433
23874,0.07087523
133799,0.22958405
57740,0.06391462
95455,0.06069176
49001,0.33739784
41311,0.2584481
10472,0.4602175
116346,0.06312256
53964,0.16048154
18911,0.35667804
3269,0.7757922
141462,0.14119565
103254,0.039861966
127271,0.5756571
114403,0.18278565
90808,0.071547635
25561,0.16562083
19679,0.37419197
119181,0.55871516
99005,0.09130768
148685,0.87398857
68820,0.61952436
135594,0.100371525
21713,0.11906194
1408,0.19692786
104298,0.2739255
87320,0.52398837
90752,0.1495881
90189,0.4434231
96248,0.88193095
1732,0.10257586
90883,0.06596711
44867,0.060436342
18506,0.17388962
130531,0.12262954
142931,0.19358489
1740,0.63198155
17618,0.47408265
89864,0.4818348
82896,0.075462654
61972,0.9471059
82994,0.29803798
91099,0.24566592
25505,0.11389172
16275,0.25581756
117319,0.08332914
134281,0.1178437
42014,0.18884802
34242,0.93655396
106136,0.10854333
16679,0.028716179
137726,0.037648696
77950,0.32991642
132042,0.07006509
69698,0.06821136
143595,0.3660705
19372,0.06451527
72249,0.492686
139272,0.20424925
35749,0.10957404
90793,0.46925905
29346,0.8348888
125185,0.1750554
93728,0.21724086
98609,0.108147815
94778,0.046138193
143400,0.09877388
994,0.16041401
87534,0.82903117
53198,0.047346555
49099,0.13590662
103439,0.06285236
68881,0.026765406
92705,0.2800952
61951,0.08229286
48112,0.26468405
140892,0.04427767
92025,0.07636133
18362,0.17171161
90783,0.38856474
17619,0.5535815
90477,0.051466443
68163,0.10409963
92398,0.22274521
69289,0.2021678
43507,0.13063318
7765,0.08555928
84095,0.38165683
36911,0.5336136
82067,0.21599865
33948,0.36679393
112770,0.52833277
127182,0.104326114
29755,0.47042325
84286,0.8259243
102175,0.5556898
110957,0.6034696
36030,0.04836288
118543,0.09734874
61873,0.09942911
8780,0.032902554
84403,0.71234226
21475,0.057819463
131016,0.113366306
47113,0.09993461
111351,0.81377757
70922,0.2418649
77338,0.13255705
134724,0.19504854
75416,0.14821208
129636,0.0880727
104933,0.10429039
52935,0.06346955
104527,0.0967929
27376,0.2366635
121752,0.08267985
68029,0.31114197
53233,0.47004777
101625,0.090932444
118584,0.06909201
48942,0.5335469
100242,0.068287976
145004,0.1020613
22806,0.24494886
86357,0.46864778
131858,0.5112871
128088,0.20346256
99735,0.13345124
67283,0.5654085
71600,0.2563269
137312,0.30850855
72548,0.93354714
33530,0.2421954
121838,0.06312933
52075,0.07266332
67266,0.056251414
72678,0.15139075
54480,0.030749185
129432,0.043721993
76372,0.82340974
21354,0.06395711
139846,0.11820181
80818,0.6721299
98940,0.35821182
83976,0.051492114
137182,0.29719663
34017,0.038703132
67057,0.11337937
112582,0.14987685
104300,0.117603675
77679,0.31328005
119889,0.30033132
107326,0.08234014
27061,0.07934079
133405,0.11713603
25570,0.92420393
95873,0.095484406
140764,0.4083333
115139,0.13941206
30293,0.11730768
33595,0.61587465
112968,0.06273062
11821,0.108920954
112788,0.44343027
95434,0.3445879
59903,0.31996924
77470,0.22753507
45501,0.083979554
63371,0.12724888
74727,0.34888563
43792,0.06838877
51998,0.46973914
84332,0.09292767
535,0.08192838
25107,0.27146885
20134,0.115933366
9045,0.07384778
53451,0.0656579
90850,0.055968612
23034,0.42803252
26102,0.56426775
137117,0.15712036
102765,0.9271277
138084,0.105613776
105857,0.0739775
141829,0.12877494
144664,0.18580282
75778,0.09624803
81624,0.4652884
123187,0.9565891
105240,0.064800814
148110,0.251563
38818,0.029680034
91849,0.18368897
148369,0.26369753
133231,0.19292544
69135,0.12259831
108884,0.3584365
42555,0.077462606
148756,0.13983493
34580,0.23695138
6094,0.44491816
120902,0.063849196
60810,0.65862256
93129,0.046185263
145974,0.1045448
132580,0.11413683
9375,0.6810183
76348,0.096290514
132497,0.15502155
82277,0.037090335
68893,0.4354191
60769,0.0839824
78815,0.5813303
104077,0.1081718
5332,0.7854814
29281,0.21014461
32450,0.08882992
75689,0.16633332
113723,0.12090569
16949,0.20528695
120715,0.119035944
32059,0.78644305
18266,0.078529075
148761,0.6442253
80305,0.070723884
79416,0.055634994
67129,0.065454304
94437,0.1454702
107467,0.28149688
85568,0.9709681
100578,0.18433692
125582,0.0668182
129867,0.6843843
51387,0.16760269
147450,0.25040868
74028,0.1420581
42365,0.09853751
34278,0.09308539
111389,0.116617285
4688,0.62561846
145282,0.1374848
84055,0.17452812
149395,0.065727785
80240,0.048557937
114885,0.047075577
39860,0.16699804
58197,0.24540381
134998,0.5162413
87271,0.052035898
88610,0.09590904
123999,0.6648498
21275,0.05571192
71077,0.30412582
22767,0.25881597
133257,0.20445721
149939,0.42316824
99976,0.29873943
88542,0.030624503
93326,0.4309094
119566,0.10095784
138600,0.28174597
101929,0.4872145
34255,0.15073246
16045,0.11239371
35856,0.23692095
114989,0.08229901
2383,0.070727676
123617,0.07613447
126347,0.31245887
66503,0.22622804
112644,0.02843499
90504,0.18236864
14368,0.75637376
76086,0.30574176
62694,0.44980443
61013,0.08493257
103039,0.08401784
84898,0.116570845
1357,0.19022979
80007,0.11679193
38800,0.39765346
1663,0.63927966
104386,0.025212765
57944,0.044260845
73546,0.055075932
59690,0.14859907
8732,0.081990495
146380,0.080160744
67314,0.43862388
23580,0.13034184
83402,0.15295097
61273,0.44317603
59508,0.43939915
105892,0.12198872
57320,0.123374395
120750,0.547151
103615,0.37637267
122621,0.7928447
29144,0.81824553
50452,0.49082124
108447,0.041119203
149458,0.17412186
51200,0.052128166
81574,0.14910875
16956,0.18431713
22408,0.023575578
277,0.02769824
89097,0.037613813
30529,0.80658567
71469,0.06812615
22324,0.521636
105559,0.20841825
61097,0.039644204
122496,0.09179651
46761,0.40914264
34636,0.019828318
131060,0.53540283
70768,0.17479673
119022,0.20994122
118936,0.19021367
149019,0.111054376
97591,0.064579315
135494,0.50258934
1221,0.115119316
127405,0.13729697
99515,0.043854844
49724,0.119358934
54454,0.0472419
39458,0.43932718
115753,0.09579988
32346,0.87390137
20112,0.070467465
27327,0.57346284
123981,0.12691362
126707,0.67096895
74271,0.48141956
28422,0.91041416
40305,0.18817787
55968,0.17428467
63377,0.37163654
66494,0.06717072
108261,0.044107366
111294,0.32108003
78139,0.031099785
71431,0.1437039
73079,0.07393058
15392,0.24675642
27597,0.035449147
142855,0.0479427
65853,0.2904854
7890,0.845191
94352,0.33020824
138811,0.15010582
48957,0.27145207
70547,0.2925142
16186,0.9001372
121603,0.076599695
39491,0.051712524
125770,0.110734254
124147,0.31493035
68418,0.022923367
39362,0.40229625
113417,0.3376188
45609,0.41038036
97318,0.28212664
120735,0.54320955
22617,0.1429251
121471,0.15451847
101290,0.10187482
137574,0.12012669
26460,0.64532447
26410,0.086015545
29055,0.4860971
106248,0.08167169
81204,0.2146158
49174,0.90932316
145425,0.17701562
87819,0.069861285
13173,0.051991
93272,0.029716562
21342,0.104095
94026,0.076044865
108886,0.42049694
95648,0.88195384
125324,0.09427095
80531,0.8495985
89112,0.14675072
126187,0.101408586
32488,0.7319053
60184,0.73808557
83858,0.17276627
29039,0.6434433
143512,0.12772888
12048,0.7153528
105584,0.21189564
40936,0.2418172
23012,0.045670558
101593,0.12314017
93386,0.41832685
89147,0.07226767
72976,0.1396204
44833,0.66557306
25948,0.035402223
63969,0.06041093
106968,0.20427679
5892,0.060830772
77869,0.051089406
70241,0.38334247
114307,0.13553925
129040,0.11375359
10788,0.7340629
135985,0.047995217
17906,0.08481082
50127,0.04584925
73169,0.47185862
74489,0.0995942
46308,0.32753593
40831,0.62024426
140883,0.0391899
111184,0.63239574
74314,0.29953966
141774,0.06297971
12290,0.17808895
149635,0.13710341
87114,0.118448876
130818,0.23128913
44466,0.009949093
19581,0.57022774
14983,0.13625707
20488,0.06938129
130800,0.27080214
101012,0.67924947
74629,0.3927157
10427,0.05427695
110109,0.08916984
132957,0.07363985
107826,0.37046117
36265,0.48354098
58681,0.87567633
44426,0.07584536
25598,0.38971588
47829,0.16695206
85511,0.19736595
57885,0.034162257
90909,0.8299309
74974,0.16577756
119670,0.30972716
92867,0.079315364
115815,0.6113957
45766,0.4819531
20407,0.6322454
139782,0.035551116
122600,0.50305635
131779,0.33839735
582,0.8376172
121582,0.68980104
127113,0.3324782
5081,0.090777546
34752,0.06130562
128825,0.15434657
134941,0.7753975
56654,0.04447093
132449,0.03654968
114154,0.4593943
118065,0.03184335
91135,0.9466757
36284,0.047275953
2392,0.09935063
83252,0.2635327
126075,0.21316238
48022,0.490496
75047,0.07926534
82664,0.11917381
102789,0.60915273
118025,0.6334159
73941,0.2572748
99541,0.26290017
140488,0.08624404
128003,0.15432002
102314,0.040209245
79280,0.38933218
107888,0.12102743
17928,0.5653868
7142,0.044323254
8540,0.05071853
17460,0.1436142
141097,0.13846418
88219,0.06194278
143275,0.96501666
136500,0.48778498
56818,0.08611353
64243,0.15564291
119659,0.44959942
115826,0.16662551
134656,0.2528994
45678,0.35515988
96913,0.29513562
116049,0.14321838
51713,0.5065255
9341,0.29272386
22522,0.47568884
31874,0.0414708
14866,0.2010602
7415,0.03969484
114973,0.018636486
144794,0.42613226
110306,0.15311122
132776,0.1268831
62947,0.05416591
139301,0.08653125
105305,0.23063403
40655,0.7903925
116972,0.05069643
87702,0.2472842
32721,0.52074516
2276,0.69493216
22761,0.051587205
69294,0.28090176
81717,0.047252506
51703,0.4293996
29501,0.19297707
81739,0.05316092
59879,0.5713169
19026,0.7055613
53847,0.12020346
44188,0.79870564
75184,0.2731831
141161,0.36810195
69189,0.018970864
141257,0.057800286
146944,0.05421505
63658,0.15966287
34181,0.22324477
81563,0.07741197
111546,0.08742401
3822,0.37306517
107083,0.570474
141114,0.035284452
72336,0.14632085
26331,0.18087433
37145,0.9022389
102689,0.07556798
55366,0.0856973
128669,0.28628874
2257,0.047497045
32733,0.3703721
93940,0.116435274
121059,0.79163826
148641,0.43237948
27970,0.058088437
57103,0.3972264
69644,0.13434862
124905,0.034447104
31964,0.09567184
11886,0.04003144
122043,0.070522316
109140,0.122170076
45620,0.11740511
5169,0.09463267
99303,0.2515132
141776,0.03984637
270,0.029761663
58211,0.057393946
105209,0.10147763
77342,0.9121452
69465,0.33312136
98828,0.07652719
14471,0.07649476
130549,0.12633596
123432,0.25193694
122363,0.31582385
135333,0.42874497
32538,0.18640836
21793,0.1790944
130662,0.40139338
125053,0.12037547
29409,0.10880839
16285,0.65848535
28431,0.026957802
60671,0.34536517
64658,0.36663592
76831,0.4076887
21031,0.048073657
84478,0.7967477
47815,0.026904818
15872,0.034335803
72297,0.09661126
66827,0.71760154
11992,0.08545506
38153,0.08515581
113932,0.13551147
26496,0.06950848
76666,0.8013343
34001,0.13530484
80856,0.2970556
39202,0.34004444
84679,0.033660874
62933,0.23529987
23475,0.37484932
84008,0.1402032
86457,0.095758386
16291,0.67607915
22596,0.08180619
45300,0.11817479
47124,0.039675824
21358,0.20057872
2908,0.2301943
5903,0.4734173
30021,0.0695217
3273,0.32610086
58848,0.21308254
100654,0.03461218
62506,0.103356026
119065,0.40675315
126210,0.25609717
77691,0.8127152
147855,0.2517262
123686,0.33128163
31703,0.10779342
7753,0.091111295
23125,0.13008295
148382,0.36531186
129590,0.46999806
92935,0.08958013
99144,0.079896145
2476,0.056794036
9110,0.37355116
21473,0.31221047
115995,0.11975974
20918,0.141673
62743,0.15946147
121757,0.05076996
19913,0.19006507
23440,0.3090718
121494,0.47458732
41325,0.9254177
81582,0.12342679
10028,0.03595324
115634,0.31252754
132910,0.27326342
37096,0.88536924
10286,0.05507979
47822,0.7230712
109743,0.0717826
61181,0.07436766
50194,0.076478295
20963,0.19805408
112597,0.032794822
93142,0.33662093
104105,0.5095067
81785,0.57481986
49428,0.4644369
57625,0.03622953
10627,0.048656177
83661,0.11984661
112353,0.4305329
48068,0.124765836
42153,0.06887334
66060,0.27259785
106742,0.039165173
682,0.038468935
105690,0.7224006
71256,0.05601723
83632,0.19690649
86459,0.767265
4594,0.09498894
136163,0.69059306
40626,0.93855494
55959,0.6900215
46486,0.11345536
29071,0.6293514
63067,0.26035333
146733,0.24360861
61188,0.28457472
63577,0.107386045
16126,0.10190752
114813,0.48850107
57432,0.075531185
70721,0.3773138
87092,0.089290716
9412,0.049795
65764,0.022155037
139309,0.6156517
86021,0.31500107
71942,0.11751845
116289,0.11183918
144240,0.5872834
25122,0.43834105
84829,0.8665957
116421,0.067735665
13821,0.07282573
125997,0.3171355
33653,0.17802206
93799,0.12185835
112771,0.465144
95099,0.55446523
20549,0.24606039
131470,0.41831475
114068,0.04728033
76150,0.21639639
72179,0.044827614
108490,0.042244505
15951,0.05021973
69551,0.20194647
33209,0.04593321
70758,0.18671069
88026,0.07137573
4031,0.054709684
69623,0.043031175
1200,0.03856319
109114,0.6296474
36378,0.90247655
74150,0.16972652
51689,0.11544034
98444,0.115757026
94543,0.3534898
58354,0.07332888
122712,0.1437391
72204,0.068661526
137608,0.8387974
47194,0.59186804
37385,0.813275
143141,0.12902285
39435,0.5402629
25613,0.37164247
8054,0.23226546
124571,0.17393574
128787,0.06105219
41541,0.08797642
22513,0.23108542
32992,0.35104793
64294,0.058767326
49103,0.15219113
142929,0.09938559
148920,0.058037717
146414,0.92052275
62759,0.93519735
87812,0.664899
79836,0.5894494
107429,0.12659198
61560,0.2065084
61577,0.33090767
80501,0.085857555
94668,0.13282102
143131,0.6409689
83602,0.13963088
95858,0.16285735
40813,0.83381414
9540,0.6053999
57197,0.88549644
141343,0.27818617
97252,0.3048913
121232,0.035362665
131868,0.36637667
91657,0.17704424
11388,0.08171383
65074,0.72377396
8809,0.13732797
2569,0.18375105
20332,0.9458651
17628,0.09212255
74377,0.24946629
68500,0.9179337
78817,0.121449664
50527,0.65997756
55766,0.0714307
130895,0.54023707
123599,0.07052868
105644,0.11817868
122935,0.5382112
35884,0.08063956
56029,0.050844647
71689,0.22271617
82868,0.1523012
23272,0.6986536
147218,0.0695268
111831,0.19359507
17255,0.27015108
123923,0.12778383
1440,0.07931307
98709,0.10511716
3456,0.062614575
109358,0.09428631
13373,0.93880504
104934,0.089614674
149497,0.21901909
91340,0.049634676
96562,0.7805266
122228,0.31860182
25293,0.18084143
97451,0.13634755
42980,0.06973916
40298,0.1862646
85395,0.07364355
32421,0.10826468
28266,0.13656922
51468,0.10017475
137510,0.22359166
75026,0.18637419
18124,0.08478109
39429,0.1373548
54927,0.15934023
144069,0.60184586
52895,0.5875013
32691,0.2033104
66832,0.09592841
135611,0.15210754
131243,0.3277577
86163,0.11606549
118139,0.23676434
68953,0.18882129
139644,0.06605707
99457,0.07280127
87327,0.9582358
81486,0.09592584
781,0.7674926
12072,0.9635846
82498,0.09951954
65220,0.2864789
60726,0.225092
17773,0.09688989
30458,0.09078047
40010,0.09017234
27282,0.45879054
94932,0.958998
43296,0.49196607
48848,0.04288539
146302,0.46621105
9759,0.047076527
84962,0.03382061
132293,0.21073532
125802,0.39236763
86239,0.40108678
53795,0.08992962
52112,0.14100401
64432,0.3343888
62109,0.15708749
90241,0.043313466
133653,0.03966613
148490,0.342726
884,0.058901906
41268,0.052989
98784,0.05087479
142073,0.6891174
73195,0.629039
60709,0.41393417
76146,0.29417887
109243,0.3847883
63666,0.18124555
25796,0.33028466
105812,0.1682913
112260,0.0665376
18274,0.686801
141699,0.24973582
15032,0.5230263
121319,0.8566105
83872,0.95821065
21964,0.29979002
31825,0.054350514
88559,0.04134621
122817,0.047847573
125467,0.6712647
80605,0.15673006
114071,0.19747107
140685,0.21178752
47767,0.28171882
82187,0.8696246
25000,0.45740926
136645,0.44780332
141092,0.2890443
122354,0.6543446
130886,0.28654113
125392,0.38311628
145680,0.17428733
123271,0.39465785
15329,0.24884655
83674,0.39766464
25471,0.039466165
118519,0.6394473
9169,0.32411733
84282,0.12397733
23173,0.21307449
98428,0.92996705
116276,0.33365926
109426,0.3777827
13335,0.21974495
77416,0.21562023
49628,0.087454654
126845,0.22661296
16870,0.6725862
69158,0.063027635
105034,0.07928497
686,0.23318882
89981,0.3341242
30435,0.514875
24938,0.051690243
23947,0.1944871
142981,0.2290025
45665,0.51426333
142223,0.16560617
105269,0.22914262
35655,0.06763806
122127,0.12610103
128437,0.8098794
81402,0.102847375
44749,0.07363784
74352,0.53656435
10781,0.78601956
34338,0.11811965
53226,0.8015894
3055,0.30655894
30142,0.48191547
81819,0.12054597
57887,0.4081354
142027,0.8451897
67510,0.5722619
69338,0.9596858
16164,0.10448049
78389,0.05843196
102086,0.156339
98160,0.2056973
73145,0.41630334
5969,0.08012341
113927,0.11311429
121175,0.33164588
138291,0.43751687
125704,0.2529619
127832,0.09041629
30179,0.07858878
44642,0.07157844
73328,0.37247467
63595,0.25277612
143321,0.09379211
76793,0.43251297
134275,0.16816217
87374,0.5817391
136565,0.15952311
99526,0.026628057
37977,0.07622456
2134,0.75024647
125010,0.15014566
19192,0.14189447
5895,0.7276197
140470,0.22943705
28643,0.068046
20828,0.14520834
38212,0.0961169
96146,0.57480705
79066,0.10696158
85870,0.28470877
113109,0.75637954
110125,0.03974718
143750,0.27509168
89748,0.13336922
31880,0.038764905
85845,0.5901977
14578,0.18069926
5702,0.8545427
126772,0.20513485
18276,0.13546973
19000,0.48642403
46031,0.29780295
47024,0.15048613
59628,0.4702643
110289,0.14430688
104630,0.0907732
39637,0.22220936
148346,0.13294527
126653,0.065512605
20722,0.037388902
48305,0.10620588
36077,0.12731627
50850,0.4376009
22444,0.3968056
137620,0.505094
141211,0.24245659
9465,0.2776354
124045,0.07674438
2499,0.021509567
37570,0.43941417
66175,0.7391701
79093,0.67537516
13202,0.9292503
131975,0.3901983
74495,0.66255033
77060,0.22891548
63266,0.6821224
84455,0.04592058
62454,0.045687467
127998,0.78808534
61383,0.29803368
79864,0.10180372
22693,0.08121998
19759,0.34576377
143674,0.2993021
107917,0.5922248
30787,0.07699714
38937,0.30594456
119969,0.32961828
136029,0.53552383
65166,0.031202834
3341,0.5675003
113087,0.11999157
147838,0.08486541
2898,0.08570892
26062,0.859109
18668,0.16547967
129508,0.16952586
30790,0.32824877
58892,0.23319729
36055,0.63552123
135886,0.095086984
62155,0.35027206
9163,0.50636363
143455,0.48100567
144049,0.5387474
63884,0.17474818
20903,0.14452514
62621,0.6541438
50497,0.93515337
57138,0.45344904
135825,0.10216518
46650,0.28481212
57905,0.19036523
77030,0.5164132
46372,0.0329625
113299,0.045679383
102113,0.12956004
73904,0.13589084
24268,0.10927634
25674,0.04735629
108807,0.9216524
42770,0.06137308
1813,0.056442488
72257,0.045166746
44197,0.3606284
33858,0.07923954
138879,0.5068167
130454,0.121904746
38604,0.0333842
9670,0.034818225
142557,0.25496727
134536,0.054519843
22107,0.81341887
129682,0.12747647
46985,0.46495667
24162,0.4867173
58897,0.3243255
100731,0.04756487
99356,0.18151604
784,0.058995362
83125,0.9626965
99062,0.110106245
14173,0.25238785
42920,0.936938
66481,0.21807334
31197,0.43822536
20951,0.26891193
102294,0.85969734
125488,0.1380251
40416,0.55859345
74323,0.084298424
84481,0.09606345
134400,0.90602857
78198,0.046673406
81346,0.031583205
85164,0.21587622
31097,0.06569719
53212,0.29479712
61809,0.18726684
75054,0.30484793
11183,0.36388582
127422,0.09393996
87808,0.12138166
147102,0.06665297
138133,0.104363546
102812,0.13020483
33467,0.10633045
136202,0.21081203
42636,0.23720676
19789,0.06771513
36685,0.03234166
48983,0.1376988
133493,0.15831973
105384,0.0613523
102025,0.28775668
47488,0.82408893
77161,0.13422988
6566,0.65321827
104112,0.06842425
33011,0.040761054
77876,0.4454962
54520,0.8394834
124444,0.3645484
98846,0.102082565
114544,0.06479052
75998,0.20475344
22373,0.25876397
62995,0.37573302
29667,0.110300735
85492,0.15254538
87983,0.07411643
96150,0.09270356
79115,0.101159774
16503,0.043704752
115421,0.2934658
15671,0.07692078
68926,0.3755387
147139,0.25695604
31669,0.53485954
86634,0.16218631
51106,0.14064437
128887,0.104815446
46639,0.08363084
10357,0.4132091
37572,0.1996754
71379,0.020950323
69923,0.35980165
32399,0.08246901
30264,0.07929773
97238,0.056890678
127643,0.24378778
44651,0.8023031
135620,0.043969724
124531,0.28145602
142974,0.34326228
130598,0.53159827
51483,0.059133705
16370,0.2507112
143695,0.18901601
49719,0.8922713
36143,0.05331562
52328,0.063942194
123387,0.3876844
4316,0.6047922
148565,0.023085656
118112,0.9443202
109077,0.15788545
28864,0.7912499
37223,0.12146455
24228,0.81326514
56274,0.07453755
45809,0.48220706
137210,0.061545685
131644,0.01693308
143579,0.7233153
115154,0.35208952
82114,0.25611147
136282,0.9552269
39615,0.032205854
139967,0.33617365
134830,0.8415916
102672,0.3038357
94565,0.07173207
6350,0.7138374
106150,0.24336724
80170,0.14094608
65168,0.67308336
47519,0.033758048
26350,0.08471215
139998,0.21250963
28100,0.09784414
1297,0.85316294
26958,0.22442418
42022,0.15954913
79396,0.11584805
62447,0.27635288
144821,0.7715113
36484,0.06296644
71193,0.07763951
35923,0.58171463
35044,0.1696005
106995,0.07091166
99267,0.046906333
13184,0.07384657
3621,0.041477095
74201,0.38458118
134002,0.059912514
10561,0.113731824
36813,0.22107962
112726,0.108307555
114357,0.24789962
95539,0.6465567
8681,0.16577816
16760,0.43228844
38878,0.28572217
114697,0.08362134
9608,0.8997457
102379,0.2174906
51472,0.28323662
48170,0.3016906
35013,0.22313358
44767,0.05563687
72721,0.22781244
143987,0.18322487
32960,0.40425858
33285,0.12405692
101133,0.14840251
70605,0.07721386
77776,0.1877812
111963,0.27838495
11528,0.6229893
74807,0.11631955
56746,0.1871442
73030,0.047897846
121515,0.19290517
35441,0.039981123
104608,0.44047943
142779,0.09230158
68594,0.18085457
96232,0.096466154
14327,0.035774697
38370,0.062607884
53387,0.54110754
77188,0.2251556
67051,0.3977196
102670,0.05312065
14544,0.10935492
40922,0.09600955
8268,0.19836693
132824,0.075992286
29847,0.023491085
33069,0.20337527
71713,0.50188637
55293,0.05032572
90838,0.7389386
80429,0.31601182
22979,0.38756344
82725,0.08649527
52253,0.8422213
132384,0.11722803
77417,0.3534883
5894,0.29389954
57451,0.29150125
125659,0.21664184
113750,0.1266589
18269,0.050284248
115201,0.03224952
92516,0.138426
81742,0.10829168
52996,0.14786783
109435,0.026927942
123016,0.07801915
38473,0.1885595
113038,0.030032715
102205,0.1717652
123736,0.11119948
143555,0.14276512
144997,0.7153335
14041,0.17508487
19977,0.082996055
96380,0.111853056
87029,0.5859424
90636,0.023047611
133164,0.17473795
25711,0.73037666
114393,0.16431646
57735,0.24803303
93473,0.513736
27717,0.70288724
113518,0.09702155
45577,0.0852528
143784,0.118531056
78324,0.11355043
19836,0.10260338
124846,0.7318181
39597,0.091137834
3059,0.9093673
132217,0.048639324
50388,0.11846029
74437,0.2858724
54183,0.0967734
15729,0.18029046
92527,0.049401347
119111,0.041605875
60880,0.15101236
61356,0.04977407
63322,0.08971692
75145,0.2831078
140572,0.37342396
139366,0.25053233
18658,0.061827123
111322,0.58617187
141297,0.059372485
61150,0.18335721
13388,0.15549953
78729,0.56974447
132118,0.13117108
56189,0.08482033
91234,0.7731697
51564,0.11574884
85267,0.15681238
136471,0.21362932
76616,0.88847107
23156,0.48708043
9627,0.8986022
106858,0.7810492
133404,0.08210486
81722,0.016760735
113463,0.03213291
99327,0.22139554
127195,0.41026187
49490,0.10271711
8367,0.4356546
130447,0.6625944
88604,0.2857324
87695,0.08681973
43358,0.35158697
126206,0.37134382
142818,0.07857531
79538,0.1250449
62993,0.08729568
134087,0.14429864
110331,0.9371328
122954,0.12712939
4548,0.52598345
20919,0.08220101
103079,0.08604756
15497,0.08155709
41372,0.56970304
24329,0.33564937
122730,0.12491871
87180,0.6011928
5391,0.48415092
89402,0.050606817
68023,0.9058586
128112,0.26249078
67746,0.8345224
71715,0.8668534
10366,0.085838914
46800,0.18013644
128184,0.6189668
102781,0.0893802
129895,0.19631176
57633,0.571054
15779,0.04751674
88174,0.083314605
81980,0.379703
81886,0.49229914
147584,0.20938571
11530,0.44129255
60561,0.12806316
28227,0.23069766
35977,0.48310193
12632,0.14315462
78330,0.023767026
142987,0.4256427
110147,0.06618893
59070,0.025555925
52845,0.10797493
13575,0.56068397
131657,0.042511158
35134,0.1959813
55426,0.27433106
68392,0.39561045
94152,0.5675124
60843,0.376212
67793,0.23351027
144491,0.6009369
96530,0.30054834
51185,0.074927874
2477,0.8636142
75439,0.33038428
74785,0.22636382
32124,0.28643513
138280,0.17667764
136302,0.5186243
73274,0.096434
2958,0.47109333
148646,0.42113853
63620,0.15315017
43828,0.051148236
1559,0.06851331
133375,0.13788733
95728,0.17190085
50178,0.04444189
141803,0.09413172
59428,0.15503973
38681,0.24669062
77788,0.17012514
109339,0.4071765
14890,0.42791754
16846,0.15891236
20310,0.20213743
73931,0.7874356
102156,0.05003539
34119,0.08575996
111183,0.092777885
35277,0.4279701
67281,0.18302988
52699,0.03642029
70939,0.5895748
25822,0.39309436
95102,0.22053133
33995,0.9665578
113363,0.3826597
100182,0.29498154
9224,0.2032601
79855,0.06488408
49260,0.3875207
98111,0.1968423
144753,0.12717296
31042,0.6582288
100311,0.6787163
76093,0.6973297
66615,0.81499416
142427,0.18781266
48056,0.7677428
64674,0.45303288
35841,0.1264065
47949,0.10608548
85062,0.9297263
138614,0.22185814
104054,0.08105148
88632,0.36767185
53465,0.9392807
45903,0.048903413
101411,0.039032754
33100,0.18315975
61542,0.02108123
120531,0.054694667
144537,0.1935457
50838,0.9314998
106107,0.22765812
149369,0.9233799
114769,0.29388162
145577,0.42733303
29374,0.1372282
138819,0.34683907
25230,0.07919656
45345,0.1054152
94014,0.06460166
78881,0.5539761
14075,0.6414496
11555,0.6329861
5033,0.13650325
46050,0.1275949
52107,0.448116
121559,0.27271613
96231,0.18122615
57805,0.031189207
23159,0.04627649
113312,0.48085788
91823,0.53698653
59247,0.5098587
49106,0.08728134
10259,0.02172378
82183,0.09123656
89322,0.09949257
41988,0.1760408
73124,0.78247595
32230,0.037587587
14949,0.53372425
119003,0.068711214
127124,0.039330818
3991,0.030008871
83887,0.59982073
22357,0.17797539
39938,0.03780959
98648,0.23764414
106019,0.045947254
125780,0.29826334
113689,0.06478345
96013,0.19719999
51240,0.111055814
118129,0.044744294
5287,0.73303455
9469,0.05879562
108593,0.24132967
58538,0.22062771
126559,0.23224123
128880,0.025688943
89786,0.05894462
69868,0.06011279
92968,0.9015469
137661,0.056721464
18801,0.078287914
33803,0.098262854
128776,0.25002927
112030,0.116813935
48336,0.17330155
67227,0.49760398
57697,0.12662458
49680,0.5995073
125712,0.06833134
82463,0.3150908
106202,0.29796523
90731,0.017775495
130533,0.91662836
89070,0.081449755
44676,0.114608064
16139,0.797001
65346,0.069715716
83885,0.1008391
126657,0.25259826
36045,0.046036437
38595,0.17445698
47420,0.38434184
57675,0.10206371
132234,0.30808806
108390,0.22403818
74791,0.057676014
25359,0.71410394
61339,0.09137474
145522,0.23223153
54009,0.05545184
86331,0.09874021
51660,0.6397851
115864,0.04891304
111545,0.539644
107341,0.13735285
138299,0.5692604
140331,0.29442203
26397,0.07394149
25630,0.062298134
6443,0.11532768
128615,0.11328829
5072,0.12361232
115460,0.07917809
28637,0.3541856
116044,0.122495726
81933,0.23340258
107559,0.25999779
46049,0.7370906
4053,0.120723836
138007,0.04642703
60208,0.34436163
62770,0.02824523
97942,0.45116946
23491,0.4565403
67851,0.11793774
118182,0.8551796
34066,0.12960088
129088,0.015052876
79490,0.9543178
77761,0.02103692
18618,0.3743406
146869,0.58339983
135873,0.082322806
91593,0.5903426
9106,0.2350677
101672,0.04131521
70368,0.099699415
137569,0.11552955
18140,0.054044213
93741,0.47594723
114523,0.18909232
115406,0.13143092
44889,0.11392987
106629,0.4965284
122024,0.7294277
8240,0.060767632
75077,0.42454416
139455,0.29779282
60751,0.1513705
55322,0.92022914
42892,0.27877855
39877,0.8277147
29385,0.06343447
69319,0.19874567
113474,0.07755553
135876,0.05682182
59408,0.08181757
18767,0.16946204
70986,0.30169803
130026,0.054227274
32502,0.056131046
72894,0.2212748
6659,0.71566415
72749,0.09324313
30962,0.40978628
5251,0.7201545
51779,0.2601455
20750,0.41947547
82570,0.042355616
136036,0.13395177
66087,0.13014449
126131,0.11942877
131394,0.039472844
6974,0.28368574
108951,0.11115991
2377,0.26388803
148247,0.09170577
87966,0.09023887
119178,0.68133706
112021,0.22515348
82072,0.2706863
96519,0.14919065
65894,0.5902953
116351,0.032533657
84479,0.024894884
45307,0.2597416
62418,0.08069929
90780,0.29486755
12214,0.13139424
117936,0.5268034
140968,0.100429714
39455,0.028168326
100059,0.25399134
7470,0.08364632
92225,0.3803857
141605,0.06430902
138755,0.09333693
39920,0.12485976
17088,0.04924411
30612,0.7403416
57220,0.1130029
13437,0.24868457
58766,0.1845327
48375,0.43610537
140491,0.13963357
21947,0.07331676
48681,0.13410683
137774,0.0473673
56428,0.09913027
16690,0.23267862
75748,0.078443825
127252,0.23218346
106848,0.17214783
132976,0.09991255
92999,0.4428909
147292,0.5834501
105410,0.6384711
5222,0.50493175
145243,0.18692736
39323,0.07712822
7781,0.57774603
116808,0.11166495
102356,0.105623335
128619,0.1100805
62170,0.10368874
14508,0.7719591
147081,0.4708174
94065,0.05472473
23879,0.25301057
49044,0.5709992
120689,0.07101441
71342,0.6791698
10925,0.1261453
59448,0.045386568
137328,0.107606076
101976,0.16524534
149906,0.013086159
32469,0.070168145
60453,0.942569
98599,0.11554606
129567,0.42953268
105368,0.28682888
35698,0.27571929
70837,0.15373226
10843,0.084452264
9823,0.4965092
136520,0.5894216
85387,0.6238036
60425,0.08252576
83996,0.048285875
72794,0.20341669
58673,0.8192244
1243,0.072006635
111562,0.56786686
1247,0.3465356
54930,0.04768087
67346,0.123583056
138259,0.12940043
7433,0.17408782
118305,0.19420566
129326,0.41441286
55955,0.079161145
47960,0.13090582
79749,0.17766187
38295,0.46737838
2012,0.18286319
42246,0.7584555
47832,0.29936883
79336,0.16815245
30699,0.33177942
132703,0.07095393
93896,0.30555502
532,0.10641777
120552,0.32983452
97941,0.09520833
54336,0.06992244
37498,0.07291004
115156,0.0728604
74424,0.95972043
38051,0.037239343
63753,0.2733224
8194,0.45349053
123056,0.19443919
112165,0.24576436
126948,0.07496442
94200,0.92022586
42807,0.43249467
132095,0.19463676
25707,0.34396693
116604,0.09343261
100761,0.87717885
41880,0.11644089
28123,0.13566414
103971,0.14086953
32225,0.06244533
121160,0.12919542
132073,0.9317515
73839,0.09848772
26255,0.38975847
40947,0.047598775
67623,0.10994742
70016,0.10754597
134870,0.2029622
9562,0.8260838
75917,0.705747
63167,0.08571714
67939,0.038457613
114573,0.23881766
11574,0.2589644
98165,0.52956456
52361,0.059626736
10917,0.07800426
85832,0.032722905
111440,0.47778505
61714,0.26713368
98865,0.13559191
56753,0.20945661
88535,0.708918
1648,0.17463882
149381,0.3567105
25142,0.06977233
11797,0.1419804
1590,0.38642868
115395,0.60620433
39222,0.063108884
7542,0.90516776
97529,0.34437448
57439,0.50652134
10662,0.1193844
13969,0.74705
35305,0.8577829
39025,0.07266641
73167,0.21414155
69602,0.8712942
24586,0.06764752
117302,0.8071124
57172,0.10197534
36028,0.14066981
2411,0.84149563
63151,0.025532663
2322,0.10637386
43449,0.0799232
40191,0.04566102
87539,0.26203087
87901,0.5102279
74110,0.10115231
46935,0.17746079
61392,0.104416505
46906,0.14901619
54687,0.032861352
98614,0.27584505
61161,0.11564188
143270,0.05151035
49566,0.9353066
136344,0.69776523
142677,0.45334172
71178,0.09501305
27859,0.36057293
118512,0.2888505
69236,0.42021117
106623,0.8990604
3954,0.32798
114575,0.40933457
63805,0.41111717
53815,0.08331184
132638,0.12803353
75737,0.9641298
97698,0.12764022
133949,0.12998304
96916,0.07894393
93795,0.23708683
34223,0.46310377
15435,0.28821495
126778,0.10768336
41529,0.124065936
85868,0.8043795
13757,0.060116306
106070,0.27330148
40239,0.77578676
122782,0.031428337
135693,0.039398137
4975,0.26457047
24862,0.39868546
102544,0.48728582
83474,0.49558848
12322,0.24649183
82030,0.11821883
147490,0.7239467
49629,0.073675424
79497,0.21197142
97814,0.22478974
106021,0.45506105
38591,0.31063628
35972,0.124392614
133880,0.48873127
23892,0.3485563
122873,0.23235087
14689,0.05177044
38352,0.062112845
120995,0.24977835
149749,0.065880254
106251,0.04192812
144783,0.44272763
80512,0.50165
84645,0.37978202
141268,0.097578645
6733,0.028934525
6867,0.065236315
101239,0.4373067
111271,0.16354054
1700,0.17983934
33706,0.10785051
58733,0.074094936
118275,0.045088656
4805,0.25007918
145379,0.533189
112383,0.1630878
21777,0.17709418
139568,0.52981025
68024,0.08006973
17502,0.08096507
110667,0.5043604
50908,0.12869905
72712,0.40953958
453,0.27648625
67570,0.06654814
20050,0.052399922
124245,0.089640856
71166,0.098027706
12021,0.39730257
37047,0.089921504
3764,0.36727166
134867,0.07079063
132407,0.16398236
146927,0.053436026
19150,0.12803379
29843,0.06435063
1541,0.088862695
81231,0.52712464
113909,0.746614
96004,0.97151774
66902,0.65648794
71084,0.1220568
100685,0.44439435
90148,0.14605893
91795,0.2692617
53748,0.063120216
22053,0.39039013
74466,0.43909988
32797,0.5777487
95660,0.60834706
63681,0.09604437
145008,0.09598038
115426,0.33197978
75041,0.10979536
25749,0.043429658
57687,0.57296807
141490,0.14054006
36304,0.27543178
122427,0.07096706
38774,0.11496673
90178,0.5080442
133348,0.54327613
98022,0.05426129
92952,0.052571684
76803,0.8612759
142819,0.70522445
70188,0.484355
37210,0.20048499
54766,0.33991402
92739,0.09733024
134479,0.14431699
134058,0.49083167
110654,0.1538744
132069,0.4114526
115802,0.112014614
26842,0.060410544
50227,0.8070912
118779,0.90523577
22527,0.031555776
68902,0.15279573
14055,0.03543821
5897,0.08288547
85088,0.23724008
95643,0.90295136
83779,0.032190938
59494,0.050677035
33355,0.027248321
30580,0.2437099
118578,0.15180892
143166,0.060810085
32942,0.5594586
96227,0.28195706
13304,0.07871298
106772,0.7595549
106140,0.31032634
59106,0.17676806
25487,0.17089258
139844,0.3661593
145984,0.093116015
70980,0.028914697
136832,0.14311916
116586,0.8370446
6109,0.07792671
112386,0.1483871
148357,0.09504752
105548,0.9242784
119186,0.03787408
54907,0.043971017
60125,0.10357643
134688,0.17758155
43724,0.18734728
11413,0.15974143
50864,0.26434427
68221,0.59427714
68660,0.17344598
130557,0.060559835
85973,0.047463868
73958,0.29564413
88671,0.44209465
115055,0.37597522
14976,0.24510738
725,0.19393736
18748,0.8070337
4549,0.17672487
86993,0.019260053
17311,0.1541148
19563,0.0939846
95542,0.17428422
139321,0.06963526
47649,0.14135012
78702,0.06403682
117618,0.07680646
133077,0.14265731
1027,0.08304224
373,0.036773782
119850,0.15361619
122165,0.19973162
26077,0.39550048
47732,0.39519587
90124,0.46101537
91571,0.057839826
117598,0.37197408
82076,0.042894315
4678,0.9542584
111262,0.33723682
16053,0.6616614
25281,0.09699448
41613,0.10627998
5325,0.5138932
55226,0.042679332
10356,0.15540116
43168,0.039724443
13625,0.377244
93066,0.5331433
89469,0.0397048
45844,0.21806781
121729,0.17584044
128164,0.5226579
111171,0.21970938
35237,0.044617727
34909,0.13456114
50785,0.19898212
5048,0.07969485
142988,0.07972308
26791,0.039452195
72241,0.026868964
65551,0.1794129
109856,0.11149553
141226,0.19536442
15740,0.4944047
111434,0.24330863
149941,0.51682687
131480,0.07196239
9910,0.2557256
105499,0.4631949
52116,0.1919334
19290,0.096781045
36859,0.018291457
33370,0.66451496
7528,0.8887934
68266,0.19653532
89610,0.22344339
82094,0.10972282
112042,0.16063353
40839,0.056162402
34609,0.25770947
2704,0.89737934
9114,0.020800881
148925,0.016697077
75321,0.13289171
113609,0.10996568
82554,0.37077343
89071,0.6212949
142586,0.2860475
3761,0.11943954
113822,0.17482772
43082,0.1683057
144751,0.12000083
114747,0.06664608
29470,0.9672154
132705,0.122391105
96077,0.065100394
146991,0.49142113
51436,0.37427935
76452,0.67405343
100145,0.03285685
66372,0.09171453
124049,0.04213797
127318,0.053342026
8957,0.55484235
5771,0.10080681
1595,0.058168035
4568,0.044402797
122937,0.058186784
2420,0.09150696
134783,0.039812136
13751,0.72553706
55570,0.12806809
114255,0.07920918
28370,0.10809461
31778,0.21449569
16338,0.09072738
140949,0.2511698
128690,0.58925617
85262,0.090907395
21065,0.08483569
124930,0.09144042
89022,0.14776385
47040,0.21161361
30034,0.96458566
143884,0.08052125
63267,0.128092
56000,0.05940426
14874,0.2747107
103152,0.089065455
54453,0.076816335
80987,0.15606318
47970,0.057227753
70839,0.10461557
96701,0.22663598
87106,0.069065146
15702,0.41088787
64088,0.825992
61498,0.13394612
5810,0.14542507
111137,0.15407471
7630,0.86923844
133942,0.08582857
63189,0.09565181
44427,0.56564975
124589,0.043137755
98050,0.03622247
60311,0.25186992
57279,0.22287513
10441,0.05953853
59470,0.40845618
17989,0.5574906
39191,0.018321777
61812,0.97472715
84471,0.064369634
96669,0.09674231
115311,0.10309943
110830,0.04565012
107855,0.1331399
5472,0.5432641
120950,0.68938965
30386,0.16625275
83651,0.09392139
65342,0.9078925
114909,0.10714422
122350,0.24707624
45880,0.53152424
49939,0.26849598
106872,0.90906036
17286,0.12377681
2917,0.43104288
86100,0.21324462
110363,0.115439236
32226,0.2007169
116702,0.06758462
12936,0.03160347
38421,0.072222546
22212,0.71372706
147497,0.3763143
105339,0.051999636
51646,0.051067866
46621,0.28754476
79690,0.30495486
931,0.07886343
70134,0.09030802
57535,0.042249914
112461,0.10209961
26749,0.054662075
16240,0.51945627
21324,0.11293468
117198,0.6961047
28120,0.21277909
52824,0.07114816
106423,0.6109708
125165,0.1887354
79984,0.41832134
64825,0.06315782
1644,0.3302424
149012,0.16075528
132901,0.16130956
93252,0.85650986
99559,0.16300647
66281,0.1767174
93333,0.5861799
8999,0.08464028
24609,0.064057484
93924,0.15360548
34468,0.06423326
103871,0.4148205
113002,0.20117392
26556,0.08638915
110809,0.4612438
85425,0.31753656
85734,0.090200976
125692,0.04207282
113825,0.13183239
26208,0.7365597
45073,0.23412618
93652,0.08977738
90041,0.22152379
119904,0.5840123
46779,0.41073012
56319,0.58079344
123492,0.0825067
2294,0.5613796
134075,0.12208141
52987,0.06568731
101147,0.12668836
110236,0.23582812
43836,0.121570446
68987,0.11792342
64863,0.46499863
146923,0.46191904
43276,0.06426094
64155,0.9476237
95253,0.9179708
71659,0.5337821
97361,0.28352287
95327,0.07347094
141254,0.5643663
73564,0.748401
447,0.16974062
84786,0.109027125
31492,0.06857933
83705,0.11341501
143631,0.101276696
53529,0.9125251
45333,0.5006818
127651,0.118667215
121278,0.1480477
94283,0.28720605
20515,0.27189445
33213,0.12868889
47010,0.02051573
101921,0.06063066
111249,0.07814765
29633,0.1511796
102333,0.17747892
109700,0.076717235
30524,0.07468264
40538,0.07118015
116693,0.15464598
3227,0.19066098
84648,0.08251538
66039,0.3569823
20707,0.021899747
21933,0.19668575
78350,0.1351677
21741,0.122522086
14506,0.018650612
31866,0.05550365
39990,0.031123659
55057,0.036940563
105468,0.94120455
141827,0.14477761
80491,0.7008545
102070,0.9102615
148828,0.09222927
139569,0.14078027
14253,0.08173183
19326,0.48349014
48144,0.3336222
99851,0.6166796
36454,0.13726036
122625,0.101845086
83158,0.061803617
74825,0.07069601
15202,0.087112784
4673,0.056254264
127396,0.46490386
51771,0.04339786
124205,0.23313361
46755,0.55704015
111297,0.119089216
92164,0.8201835
99822,0.0769835
41913,0.15391606
124126,0.15560362
20912,0.04823997
126771,0.44018856
19721,0.18533978
9860,0.42693508
139794,0.51377887
31177,0.53816766
64118,0.8521081
137937,0.109406576
91177,0.3817636
82306,0.27230534
141374,0.03079645
75467,0.86042774
50021,0.24008296
45916,0.06189326
29394,0.055139072
125184,0.04099662
28463,0.13572633
146728,0.1564044
139968,0.061734628
114382,0.034477495
79142,0.20828028
139269,0.72494036
97813,0.89760923
14309,0.15621722
91456,0.978945
30797,0.06250811
71265,0.04066371
129249,0.19327267
80483,0.3487827
147794,0.09451498
70861,0.3927081
27913,0.895971
22590,0.06596014
104226,0.08521733
142491,0.093464
11729,0.5152927
13074,0.09913476
132330,0.07139898
74704,0.49076232
108227,0.6917769
76559,0.09680302
86838,0.09365444
92021,0.19658923
38385,0.36879545
4410,0.10409226
120717,0.43235633
32496,0.07672174
77803,0.1798114
110737,0.34248957
13028,0.652259
8375,0.09259819
57617,0.11111629
49685,0.2976053
17290,0.14004773
38073,0.7762409
103411,0.46294874
135644,0.043649808
63601,0.1071822
16194,0.09102078
12581,0.08664374
16314,0.5184601
97966,0.1956602
31934,0.7358777
35593,0.22732201
14806,0.22586636
40616,0.08563109
49953,0.20373428
79361,0.5776595
99362,0.16458501
115260,0.0626434
94948,0.18057884
65254,0.086091354
12013,0.09133063
140120,0.06856613
36918,0.03308158
55384,0.4284476
115747,0.2925023
78050,0.07197876
60103,0.34867597
8124,0.050353475
28069,0.21156693
49478,0.4425106
72401,0.16778329
14821,0.113657966
54502,0.40171862
130470,0.09932221
133211,0.2444277
36067,0.122789435
45114,0.28839612
108549,0.13714053
18169,0.9817516
120392,0.14632426
111421,0.10805534
103540,0.27218977
134157,0.050221972
34418,0.074181445
33683,0.37724003
105397,0.51023555
18706,0.45405942
31220,0.1465465
94360,0.35252538
140050,0.7663676
18592,0.4882547
33571,0.05695971
57858,0.5624246
101623,0.55063367
48958,0.055884156
101515,0.04639853
5964,0.07944716
56406,0.1066925
83824,0.3592487
13002,0.08618722
65361,0.082407326
73432,0.23036022
13884,0.108940005
103044,0.50887585
105999,0.18674982
139314,0.03553383
3578,0.10243814
139060,0.16453813
138034,0.07890244
2578,0.90776485
46598,0.09563544
76471,0.08570885
107673,0.033394527
102422,0.3007082
74326,0.7351756
95014,0.40871385
28162,0.6371758
45098,0.51767373
54093,0.47369307
44487,0.63257045
11702,0.05421373
115560,0.16006303
70307,0.120174736
27762,0.28407788
125849,0.7175821
7559,0.034101598
19144,0.96465987
84710,0.022377724
29333,0.4449748
84945,0.06355597
58748,0.5019788
52321,0.8972834
78105,0.16976139
70990,0.30865493
130066,0.038898557
6634,0.13046266
90593,0.102269895
84361,0.3472875
62944,0.45666862
149173,0.20677665
23513,0.8652829
26221,0.93835884
4956,0.22343399
13998,0.50373125
99665,0.3701154
70104,0.60067064
144498,0.09683756
8389,0.42029113
41107,0.52983755
89563,0.4993401
75810,0.060626328
101962,0.4418496
106394,0.14122018
89170,0.91678405
137019,0.5234184
98836,0.039442025
102450,0.15979975
30174,0.58344626
129927,0.16699147
140118,0.2206707
84646,0.1391981
52597,0.08217939
102498,0.10271794
127736,0.7528145
101422,0.36056355
46752,0.051268026
125357,0.20893566
120422,0.26897287
3011,0.76415515
25731,0.4389245
24237,0.12936437
111776,0.07635666
107382,0.42335525
50701,0.038606904
135674,0.050953858
30826,0.30650148
94713,0.42037636
93396,0.27579576
33940,0.24108678
142424,0.0673363
101984,0.43297026
56082,0.042910624
96354,0.43853024
23035,0.22342853
45030,0.090299405
120349,0.16683777
33329,0.36048397
47149,0.3526597
88291,0.04350465
127152,0.070314184
131516,0.046705604
147878,0.19092359
76450,0.2700278
100802,0.11608574
75940,0.32768455
47272,0.11308096
65141,0.24065462
100332,0.10018526
2410,0.27943003
69753,0.7312915
144315,0.05734199
139607,0.06513062
105980,0.45158398
15752,0.23225398
26859,0.6255712
86477,0.13066022
57634,0.1229408
39744,0.8554515
116830,0.29919407
142234,0.274735
84305,0.041076753
48484,0.10275771
33253,0.53825366
118774,0.018046165
35783,0.22009206
21097,0.1983257
64997,0.14542572
93088,0.07580593
113559,0.87916523
109486,0.13129854
25999,0.07639676
110129,0.111322686
76615,0.76509356
97092,0.22128129
47254,0.11408973
143480,0.030675875
68303,0.073213466
36495,0.6411366
16459,0.08314061
148926,0.084016174
127853,0.044615
16437,0.052536543
49180,0.34523067
95898,0.049366675
62950,0.34098983
140523,0.07987709
137953,0.20261954
1079,0.17259707
54258,0.03340371
110212,0.22903684
87944,0.034252446
108788,0.813825
10691,0.79033077
81948,0.1334528
32083,0.065418795
136170,0.052063674
114404,0.09511809
47067,0.7806424
37067,0.25066945
54483,0.7433403
91565,0.033178676
88074,0.11740191
48173,0.07902472
140325,0.10867889
121449,0.48396495
81846,0.82349545
112279,0.12092766
106171,0.24390838
21068,0.33460343
78097,0.05620587
102062,0.23787838
29292,0.23597467
2665,0.2927739
100476,0.17901763
123952,0.44297692
3879,0.1375568
89924,0.3910692
142972,0.1286174
132656,0.07355374
96831,0.10177307
32941,0.46685544
95029,0.26706156
98225,0.15709284
115871,0.85211444
16044,0.9131196
21900,0.52187
7756,0.3421264
30406,0.095789135
86346,0.04913382
33138,0.29793948
30441,0.042146027
11720,0.40301475
104428,0.23432887
121897,0.2682421
143603,0.06471631
6262,0.11738383
83552,0.09231536
13081,0.08829841
13841,0.10384222
57429,0.8542684
61243,0.6728045
140288,0.3820716
282,0.74520135
105059,0.054443892
133440,0.31350902
41416,0.943625
107096,0.90927094
1269,0.038768336
75434,0.15185052
29428,0.38847572
78580,0.08749889
38713,0.14610057
124577,0.85694724
16711,0.0944403
65059,0.087517835
27120,0.33603746
109502,0.06606474
110651,0.09259058
47396,0.24195643
73575,0.5394349
58219,0.32742354
26748,0.07357554
116999,0.13242987
84724,0.20990978
106892,0.052003056
53021,0.27216816
104945,0.0991243
145653,0.9105292
129086,0.07930471
69225,0.24567597
92299,0.042209048
81970,0.18799806
52695,0.09380089
21537,0.436909
40700,0.04046867
49299,0.62627774
28785,0.09340866
16513,0.033536963
77185,0.058244865
122748,0.05997871
108300,0.5003556
41030,0.113450736
63020,0.082951754
144119,0.10808493
40213,0.8968077
91768,0.33293554
25232,0.47878593
73214,0.93452513
3947,0.6250929
117601,0.08186162
46120,0.113306604
6589,0.09278163
134884,0.9692657
76286,0.04219148
62571,0.1522573
31946,0.047574844
251,0.11890986
54389,0.03589414
145361,0.03648249
132031,0.07753897
85107,0.29301476
56176,0.502008
114755,0.079392806
134497,0.11544936
135948,0.39574537
113902,0.12915927
7181,0.7016429
131817,0.06327711
17113,0.11109988
77517,0.046097994
64910,0.08741368
9781,0.08810148
135042,0.055249862
103589,0.30108777
4545,0.42397532
29466,0.22174552
125209,0.9424639
33455,0.1954735
135246,0.04816789
139088,0.29844588
37506,0.111909084
8370,0.22221676
116618,0.66012174
110370,0.065932654
115217,0.11952067
39901,0.07084044
125521,0.5704954
145671,0.6113675
81240,0.13211916
53866,0.6013548
141223,0.38443124
86513,0.06247293
89867,0.20090152
88010,0.6963213
124365,0.096278295
64038,0.059066705
99874,0.46767345
81988,0.06537941
75978,0.36228156
101631,0.33350164
102702,0.70551294
81351,0.67560035
51971,0.032131758
122617,0.22304712
148266,0.2520269
149128,0.15355869
46248,0.049992587
82050,0.29986736
109059,0.11323023
133627,0.4864871
104055,0.11482717
4243,0.076457955
77665,0.09700359
64850,0.5965927
23542,0.3257765
110127,0.14645566
11507,0.93688375
92279,0.5564476
92605,0.04019975
59828,0.24715795
147475,0.053109296
89424,0.039218307
145069,0.48472825
125667,0.049273085
5918,0.15743211
18852,0.11799324
97748,0.25263438
25726,0.15511449
137947,0.057402033
20989,0.04709865
12591,0.38435093
19825,0.032761503
143927,0.67117
96835,0.18913835
115610,0.05300679
4380,0.087071106
140007,0.2565879
142540,0.18539463
117369,0.051229052
27766,0.07481919
113515,0.113339275
65553,0.3344238
82534,0.07523754
140295,0.22762091
88666,0.13160151
23183,0.1209991
91499,0.2599154
65683,0.029566811
125684,0.10528009
22360,0.13587369
86476,0.24058698
96409,0.12314081
143404,0.84461
18316,0.10598815
8171,0.086757176
37158,0.3725361
24794,0.2842002
23274,0.5913869
125199,0.37224513
122897,0.042598836
133350,0.098916285
106257,0.16574979
92334,0.03357099
86612,0.05389777
131462,0.111879036
117986,0.1527427
84892,0.09083125
18817,0.44171804
82125,0.080378346
95817,0.08740974
95430,0.047383495
93768,0.8851932
25450,0.18686719
88722,0.31332684
130003,0.113829516
80624,0.22571865
21865,0.12529616
5863,0.59437513
60770,0.31148493
94381,0.8289892
39464,0.5870808
96922,0.44069505
141188,0.5275092
43491,0.13840912
129260,0.12119612
89269,0.3766543
6400,0.61676395
147308,0.5326058
41053,0.4379154
85344,0.02754331
26542,0.55723006
135089,0.12061626
124754,0.30616513
16135,0.15685326
114057,0.092641756
93221,0.09362525
144710,0.20202565
44771,0.03708868
94956,0.23765011
143583,0.5056757
34207,0.1173275
62758,0.5868676
113278,0.14276598
103336,0.11126372
31647,0.8589702
56413,0.10197243
105466,0.5202943
4926,0.08954018
61284,0.3078773
15693,0.32188982
102452,0.0716713
99116,0.1266211
56809,0.5438681
24847,0.079459734
36856,0.054685388
18428,0.052141443
148056,0.061529383
46545,0.107759334
43267,0.102218054
8624,0.18724237
53986,0.58141255
119341,0.10954539
20498,0.62379897
3470,0.1239158
58341,0.16563103
28285,0.043832157
116431,0.11953938
83606,0.0655846
92773,0.46556997
35461,0.8965368
19592,0.088116355
76270,0.30577078
102087,0.23659313
43524,0.09483667
35502,0.056738988
117254,0.20948656
128378,0.08653951
18937,0.04143893
49764,0.9274667
146732,0.11318832
1456,0.4159987
3371,0.37346002
4420,0.09432264
115280,0.046831354
9095,0.15309334
114470,0.7013998
52637,0.0671918
78033,0.09398484
53702,0.018590687
138231,0.0530227
126971,0.060650133
25852,0.4025812
119481,0.06997474
58605,0.41464448
145324,0.105326764
146730,0.2218437
30316,0.06800304
120310,0.47565076
118278,0.6028309
130909,0.7814129
110961,0.0806989
148141,0.029899249
73641,0.31998366
101953,0.07733444
35840,0.16459703
142964,0.16361704
96531,0.18127875
127499,0.045515016
14341,0.9533105
31632,0.10805111
37604,0.06416323
13356,0.100585505
56526,0.05313582
105315,0.09768541
98605,0.73805594
82833,0.5883559
140688,0.111589864
77569,0.84097046
16962,0.10844864
111956,0.090539016
75146,0.09957654
28953,0.79255426
143393,0.15260509
48933,0.055312496
108051,0.48412454
29204,0.053518172
84705,0.06099028
78172,0.26762968
146506,0.20246118
125652,0.057573497
71353,0.05086968
44360,0.7239616
95600,0.3954466
60368,0.4262917
126571,0.05787173
18620,0.14109279
121413,0.5919859
49412,0.32791042
114158,0.12403372
136423,0.40107325
134921,0.09330246
109599,0.06408692
138020,0.5540691
45799,0.10941821
74774,0.065321475
12044,0.027011763
28401,0.10308962
114133,0.2372997
124859,0.077607416
95599,0.11205295
92635,0.06692083
147227,0.5122233
104094,0.099305674
71841,0.14183201
99504,0.22440766
124902,0.042710762
53071,0.21938568
134714,0.3328567
127782,0.083433755
93047,0.10908974
17956,0.050220903
114166,0.06773372
86479,0.090272985
13120,0.16808759
463,0.8763987
31350,0.9399859
38503,0.0844835
25727,0.49544188
132944,0.17893103
18641,0.79819393
79015,0.07970011
113506,0.34489268
26644,0.058125783
137366,0.86835444
149592,0.04380961
58747,0.07262142
34265,0.06655159
78308,0.101362646
42402,0.06918343
74172,0.23210764
41097,0.6427948
48272,0.06727721
87613,0.83421373
95671,0.13862993
53892,0.08226946
64700,0.38384083
951,0.09046056
78633,0.14387858
41156,0.1614159
30305,0.23255055
99271,0.15116088
51815,0.1232214
22835,0.19691923
144479,0.9016158
13946,0.041971236
146985,0.22276461
149697,0.054723423
111708,0.09930272
87899,0.34091958
93945,0.080856085
131722,0.04349726
111360,0.26193815
135364,0.07167653
16523,0.17924604
62888,0.05265417
111264,0.5682868
79687,0.1437225
88131,0.6978947
53745,0.6640724
130405,0.11222903
74417,0.080880046
19350,0.03081392
65151,0.031676255
33,0.053854417
105089,0.9639153
14828,0.19926038
23387,0.14489749
127197,0.1101607
148709,0.20880668
21476,0.08412676
32737,0.21051918
69774,0.063310385
40444,0.23232737
73829,0.118270196
97971,0.5816747
32697,0.38121194
24997,0.13660906
91040,0.09262889
98055,0.5060318
13000,0.057395466
139228,0.33159563
43110,0.12309686
89180,0.18015784
23347,0.10700784
81265,0.064619444
47691,0.15120329
59342,0.092121996
42432,0.064380415
34888,0.6843536
98656,0.30397385
26986,0.13239709
105780,0.49520487
80258,0.16863412
140438,0.15312065
89042,0.11241744
91194,0.13775001
47278,0.9402602
113410,0.9446821
117312,0.51777494
43238,0.24353968
1353,0.27141258
13213,0.49874017
144914,0.8985613
119610,0.94730145
110118,0.1189186
107537,0.1957761
138251,0.8251015
130862,0.12032593
87862,0.04456498
52984,0.09048471
705,0.11920171
50251,0.3383957
122953,0.096041635
47579,0.03925636
145026,0.093171455
110002,0.44030598
95551,0.067273006
140242,0.22128595
130083,0.366116
19752,0.122035556
47756,0.05689781
110466,0.07742599
39907,0.912423
67770,0.06723446
37857,0.11420024
63935,0.4934596
66699,0.042610344
135420,0.39331847
97044,0.37671086
27246,0.74382883
97783,0.42857796
108720,0.14069368
141501,0.28954923
27680,0.6343773
7896,0.4665477
76412,0.23902346
99460,0.28795192
80675,0.536621
49640,0.09928118
64127,0.12684557
36552,0.12538093
62861,0.2690951
90069,0.8509772
49214,0.5837238
53190,0.11614679
143660,0.048484694
118018,0.06397623
46547,0.83607
6609,0.810148
37951,0.23070434
13601,0.22573231
111667,0.02859324
26233,0.57977265
66631,0.12037613
102852,0.2457639
139365,0.093030445
5350,0.09713588
90203,0.899104
13570,0.10519267
35849,0.30524316
3844,0.7077648
38675,0.38665718
32145,0.35835373
65524,0.3468914
105921,0.32451335
33502,0.62152994
37421,0.046842873
146128,0.18425946
108508,0.28729114
18216,0.23829155
94955,0.5429865
8493,0.1006539
134572,0.121103264
77572,0.10783285
90094,0.20394756
21899,0.1320277
137318,0.018850435
109990,0.20504665
137677,0.11074287
31231,0.15842037
77223,0.26943138
47247,0.8182515
36187,0.029678596
32856,0.17364551
112663,0.15665857
130946,0.07873098
131853,0.91548616
29608,0.44735894
50137,0.07672826
12665,0.7507177
64221,0.21752454
31154,0.4420544
11200,0.0918708
88439,0.73137194
143954,0.27503222
127698,0.5725421
46666,0.5377064
142018,0.37598827
94383,0.10600138
126339,0.23646678
29081,0.06614874
51806,0.0750213
44631,0.06327508
2550,0.23633173
84841,0.4968794
13746,0.35808513
22094,0.61251014
114819,0.62972206
112283,0.5464105
82696,0.46392363
46564,0.9528495
103989,0.45356518
123411,0.32800633
45758,0.07438029
81070,0.50441027
110669,0.27036974
128535,0.9370182
62467,0.26906684
61012,0.09345258
1039,0.46742734
146129,0.28914183
114498,0.052852344
128416,0.03855127
7378,0.6699869
129767,0.051590517
141988,0.0654053
146231,0.13298571
140415,0.13719219
105813,0.36419037
16137,0.12233249
85991,0.1764427
721,0.14008431
47685,0.08394014
25175,0.12528878
96176,0.18466325
79602,0.05147436
72650,0.84094644
1416,0.04772251
8640,0.032304604
133986,0.07648046
3378,0.24195448
5373,0.37672308
91061,0.47292587
15896,0.5322077
19275,0.5370977
119704,0.292325
88954,0.28365508
89895,0.9043004
90417,0.044109527
49648,0.06694059
14033,0.049705002
84234,0.41307214
125642,0.043234706
72978,0.07006793
139643,0.07757582
14236,0.27106258
112942,0.058432076
105669,0.050024334
124239,0.052566376
128722,0.06943736
107189,0.078478694
52343,0.8561996
64448,0.42783317
95100,0.81541884
81261,0.96889615
34231,0.96012664
89162,0.07465549
113450,0.08996518
100049,0.7198589
35864,0.13939115
63258,0.11529574
73036,0.03993299
62345,0.06326516
49278,0.41126698
114045,0.050808024
75153,0.18843162
35204,0.13699721
23221,0.31638843
55882,0.71094334
44176,0.1292789
136786,0.17273636
67063,0.07552584
130721,0.056726005
69480,0.28416312
7009,0.44582048
129450,0.09515515
4044,0.04220563
66446,0.03383197
72656,0.06853696
24900,0.06728852
70087,0.7027749
125149,0.73948884
131874,0.5010619
106861,0.26747224
15196,0.059410125
125964,0.4797068
45939,0.5230517
105823,0.22872405
128670,0.24913344
55309,0.05979258
57639,0.11319581
119077,0.097222425
36154,0.2367265
87796,0.5666381
14632,0.65963507
116522,0.059049714
106567,0.2279587
84692,0.020761127
148614,0.111167066
51422,0.040560067
76765,0.16764125
106187,0.90308166
93657,0.6007762
47699,0.16005711
23245,0.07177965
101329,0.85659766
124083,0.03755933
28080,0.04365801
64662,0.21804269
84097,0.49865097
45179,0.09672848
69354,0.16773565
32304,0.5049128
116920,0.16512199
136559,0.6500625
118273,0.24040127
70009,0.7694617
26535,0.42753378
101406,0.104123354
123447,0.07911376
98221,0.080526814
129625,0.0822967
26616,0.8915298
135878,0.67262095
56525,0.2689885
134820,0.16344325
135835,0.30520704
129926,0.43347037
119102,0.1760383
16205,0.07434189
71089,0.55301577
18793,0.40963396
98264,0.1097607
103909,0.44522533
119588,0.7160108
5248,0.39012152
49383,0.14877549
23721,0.2186242
124853,0.85523915
27855,0.028234892
130677,0.53829914
5416,0.42089486
83644,0.2329081
99431,0.25504774
142494,0.20529822
148921,0.08983064
73878,0.4629682
119746,0.5179485
115608,0.34803945
82420,0.57863057
4653,0.29473504
7252,0.030102752
36656,0.26982465
5681,0.5320445
23070,0.121454924
124828,0.036752276
7752,0.20841652
91329,0.12527876
65442,0.23627912
17018,0.11590503
1597,0.16959882
128892,0.6247981
4223,0.25079575
14020,0.051411107
129175,0.3582722
16951,0.24356999
105956,0.27792138
68437,0.7980751
118965,0.12949984
85865,0.18940589
85633,0.06201062
147012,0.8650331
9957,0.13115095
98566,0.053913526
6313,0.2254683
63578,0.2638196
14289,0.21303272
130920,0.19363861
144093,0.06828689
77716,0.27537972
113568,0.096913196
95315,0.2353765
140037,0.4862138
111142,0.6702774
65213,0.3208329
15170,0.14441778
95153,0.20840389
88955,0.24379224
70403,0.51726
99156,0.7339389
6927,0.48769197
49287,0.96669644
25472,0.10623836
95389,0.9316059
14421,0.091922745
7591,0.047442302
5572,0.2541766
63973,0.08619374
18563,0.080502614
42096,0.0907421
98136,0.16838701
15587,0.044856913
8992,0.23162186
20237,0.90650433
9364,0.34511936
16797,0.34089455
25778,0.23241329
24535,0.07460521
1241,0.27000606
72213,0.16996576
89126,0.3607407
18473,0.6163903
10084,0.041218277
65216,0.16243502
75251,0.041270025
24250,0.45428234
135718,0.017546814
71532,0.09785364
10279,0.42257777
47753,0.24207026
2546,0.34715915
82244,0.13339758
39027,0.12834518
104570,0.061090805
33778,0.16986546
55974,0.032397818
107479,0.4555264
137548,0.71036917
84810,0.5043514
27264,0.12563984
30525,0.46046793
117158,0.14542039
107010,0.07953524
106624,0.025663165
148858,0.0860386
128969,0.88424385
11941,0.42795414
102152,0.113097034
81058,0.039822407
114469,0.11224933
79461,0.23583291
32590,0.052710284
20938,0.31767172
18351,0.16725199
37209,0.13986598
134150,0.08548233
37925,0.8121968
96792,0.46385705
131009,0.36092263
83747,0.050252948
31111,0.42599058
119400,0.036422953
51007,0.08649266
35119,0.17372362
104303,0.76459897
41424,0.15907082
55861,0.20698223
145541,0.258205
139884,0.04006208
44018,0.14724383
5154,0.51828796
71965,0.11614576
61190,0.10737528
68137,0.20743105
37881,0.07414767
126225,0.20599872
86859,0.020455733
98875,0.072663054
129093,0.08561884
25669,0.44366628
118057,0.08938262
65878,0.041695863
137784,0.043030567
50373,0.07081263
90107,0.05425797
4570,0.8358008
90054,0.18714583
11009,0.18529184
41571,0.15065815
20441,0.47475824
87303,0.016977485
68383,0.17015952
40890,0.81868947
49142,0.23448597
45285,0.1348173
55467,0.06053609
12754,0.12423383
133254,0.057593085
65021,0.6283317
34342,0.117043525
103686,0.73225427
110389,0.17739855
53612,0.13737334
6136,0.2451425
67320,0.059821576
55154,0.09716562
21273,0.16810745
90826,0.22584887
95952,0.7533541
107207,0.03653115
73453,0.85366404
86143,0.07182906
47563,0.13775413
135570,0.46989357
102648,0.0816705
102732,0.08048117
124508,0.0740408
104684,0.3274045
145484,0.24561411
102401,0.06469693
70723,0.21381658
19040,0.60508245
80421,0.86064035
129588,0.33009925
29952,0.10119635
58824,0.18354116
88022,0.12428305
56979,0.22078504
4764,0.15890394
82263,0.08228215
94544,0.18406187
103142,0.39945766
101764,0.31598
132200,0.086513214
18468,0.054601394
18851,0.13221599
23317,0.15464726
90722,0.46650055
137271,0.23111853
72724,0.47287357
67477,0.12383104
144088,0.20550601
108187,0.18360187
117599,0.32301313
31517,0.40921372
94938,0.29816452
99876,0.22270192
52002,0.57556516
130046,0.32452038
23287,0.08684184
138606,0.089424856
147535,0.854707
66660,0.14180428
6793,0.30793956
132581,0.4881799
23841,0.098594815
92900,0.39007238
38162,0.25940838
118011,0.7874248
1544,0.09908914
5655,0.13746528
110071,0.41857475
82233,0.48955917
129708,0.15936819
74463,0.10052989
77084,0.6522995
79026,0.25921783
127710,0.14298905
51315,0.2799101
96187,0.12353348
129769,0.029763062
74722,0.17918395
126547,0.8781446
89110,0.15264939
24975,0.6736719
58051,0.4374341
47653,0.08066244
69981,0.0597005
99703,0.18790333
84034,0.04756379
104131,0.07073363
36041,0.42621455
4515,0.12090593
135360,0.08732538
61643,0.031439938
125318,0.19609565
106583,0.5067339
135482,0.48727223
106860,0.1766971
10348,0.04773586
128556,0.05789409
136387,0.65508926
101401,0.60768914
61533,0.31799108
7081,0.04563203
45854,0.13396858
24065,0.15710337
1935,0.25597748
10764,0.049560983
70374,0.03185154
145395,0.05437362
35358,0.7649353
22283,0.050583478
45248,0.08727304
111265,0.4431943
111542,0.28355488
107596,0.06477176
130806,0.19295369
25915,0.09916675
40886,0.031116448
136372,0.14835131
67504,0.3244968
99325,0.12910946
71539,0.06301255
122200,0.6572567
132344,0.5207295
26162,0.10617674
129466,0.70937717
144309,0.23230824
72232,0.24534355
87710,0.10211822
87251,0.058760956
135208,0.45037404
129494,0.057826567
131460,0.113516554
18604,0.09530695
57861,0.10065938
115658,0.2360889
51559,0.18274364
106602,0.038633328
15194,0.09705694
23888,0.5494283
72551,0.10779815
130840,0.42511475
45994,0.29594955
71374,0.13460319
36644,0.053699385
70767,0.7127837
19666,0.73984694
91525,0.09064939
3475,0.5667277
61055,0.058535896
48903,0.071426146
114422,0.174608
139457,0.08607971
67256,0.3471177
27062,0.19102293
29471,0.08510921
39924,0.14690939
28520,0.31781086
72821,0.06289997
148768,0.0983025
2931,0.18966553
142787,0.37464258
108065,0.13485308
42902,0.57578605
79317,0.41667086
66976,0.029594693
78638,0.07925962
64131,0.949027
53620,0.26696312
42332,0.22668208
4003,0.30413815
115992,0.08897709
100097,0.6629404
79372,0.20179029
14474,0.40173268
127426,0.5467418
66196,0.31956053
118759,0.76819295
77942,0.18477358
48352,0.049761947
134916,0.49513155
82817,0.51448905
14109,0.38161156
70579,0.94589156
53556,0.03524003
110622,0.12032599
104060,0.10273819
124441,0.52439946
103815,0.1053934
71793,0.08436347
129246,0.0650145
41688,0.11104073
137933,0.12385871
26929,0.5192759
145793,0.23286088
117006,0.3163286
68374,0.28593442
93661,0.18110088
39217,0.08143076
69917,0.09717895
120781,0.11565234
67590,0.231668
87494,0.2869757
17793,0.14413215
13380,0.08565918
149814,0.071199626
10652,0.312839
148590,0.94034207
31262,0.67024183
8352,0.027964573
47831,0.3428745
147403,0.42820004
83495,0.05074794
7563,0.5508685
75733,0.5855447
143003,0.102948986
25449,0.5482044
112039,0.015594301
14178,0.07618542
76954,0.09362294
8388,0.03674588
30486,0.06407956
76222,0.058159668
130628,0.13906457
57977,0.07337677
95137,0.60272896
87167,0.2225948
111373,0.109868206
78938,0.12378327
62469,0.14469449
136114,0.009836723
33538,0.33152032
52476,0.82470286
15744,0.10287704
130504,0.45070264
13400,0.057369985
135362,0.098632775
116911,0.18289003
93361,0.19771688
137678,0.86750746
65623,0.32758737
1641,0.18500955
122649,0.13079132
115322,0.058754005
112289,0.8794627
79159,0.27519256
89007,0.39765432
88961,0.03294015
110294,0.10741859
137561,0.013051933
116716,0.50037116
29288,0.41478547
42390,0.023709027
30426,0.03223406
11418,0.76496243
73602,0.3144927
2133,0.3009241
86139,0.40095502
122120,0.045137566
46079,0.31287563
23553,0.93692625
50639,0.16795935
82473,0.44291136
108131,0.06490658
6517,0.18941063
143031,0.3780236
27536,0.17043309
664,0.25860918
128069,0.1716349
137388,0.2620891
32118,0.17359325
89208,0.36679822
78258,0.046954278
95030,0.38711375
118486,0.105615415
136130,0.11483721
9930,0.0919734
49342,0.039201606
5624,0.09993048
36105,0.3448979
90932,0.12754099
142475,0.025523748
126097,0.068039015
114371,0.037436213
64934,0.2555134
135341,0.07794283
70194,0.14719117
7384,0.9307359
28483,0.023806283
98256,0.12720683
87955,0.05538884
121260,0.14828987
125027,0.7676086
126813,0.11136412
96451,0.0448299
12655,0.031220539
134671,0.17905377
66678,0.61445373
126456,0.10613536
38450,0.36656755
31182,0.37893972
30014,0.3744279
82087,0.87947404
86074,0.040369347
23011,0.06570107
25959,0.051162027
142415,0.050635453
83022,0.781523
107604,0.2201506
147991,0.3145978
32481,0.11699548
42976,0.055816367
8973,0.16558424
84843,0.65005565
43572,0.251962
58800,0.5020633
12170,0.18701555
80312,0.38058627
26676,0.32298303
56720,0.19956143
129891,0.13787223
19967,0.3011018
7281,0.6020913
28318,0.07611594
124725,0.08290082
83023,0.13315226
3155,0.1985533
46939,0.69451225
75989,0.21923615
86108,0.30581093
125677,0.39286762
103258,0.026126303
32017,0.115642704
83650,0.0876588
22688,0.075247794
145000,0.52462703
62491,0.3627715
110064,0.027077967
48880,0.032488745
140535,0.12871285
148924,0.11607338
6665,0.9649658
90145,0.08491733
8589,0.10032448
121180,0.042736746
141444,0.72155964
52649,0.05933883
136101,0.5387006
12334,0.63597643
141484,0.07303005
62742,0.42170915
76737,0.15095605
77790,0.062484194
64965,0.70289814
77098,0.9294327
95205,0.12787752
83549,0.3737291
83392,0.4342324
124938,0.41944522
123,0.11964685
67582,0.09419944
7628,0.46547836
53838,0.054631073
133172,0.19882703
1009,0.5473071
32099,0.057735685
40153,0.45024887
82866,0.040849574
142885,0.06356526
103272,0.7431523
71857,0.44043925
126305,0.112220585
66141,0.23409183
140983,0.14349014
67194,0.31184533
30358,0.0534288
126085,0.053851176
110337,0.2214344
13506,0.16468826
2620,0.35649985
68729,0.056936458
76886,0.82975703
59095,0.16138716
27168,0.08050132
49008,0.39330652
39214,0.8805128
92898,0.11226178
113747,0.09832013
134868,0.098727584
120816,0.100544535
29999,0.1476685
121703,0.13247862
105366,0.12701985
72450,0.29526827
120192,0.82968605
29543,0.5881355
120197,0.64971095
130730,0.2981313
78516,0.7935764
72212,0.15766115
28998,0.33945057
66115,0.30569872
145133,0.9413915
10101,0.1999723
31877,0.22937156
61261,0.70950323
103711,0.18639386
139887,0.0922859
15346,0.16496903
65950,0.24490096
101553,0.37323806
14509,0.09523483
50520,0.04932242
115122,0.22057606
136660,0.89671504
125095,0.39324212
50989,0.73572946
133780,0.21414492
118242,0.8977261
148997,0.16827373
147690,0.20908694
106030,0.12509888
122492,0.14412163
76837,0.11383531
28980,0.7288354
39693,0.051254988
97705,0.1981818
29551,0.14005876
17329,0.17962138
73945,0.35785237
71288,0.51365834
107563,0.16389504
76838,0.042932317
144497,0.26602
34398,0.8641827
82726,0.16264221
52121,0.08553141
14343,0.15520875
113679,0.0933643
31497,0.08016813
147347,0.032129046
145824,0.7509879
84388,0.42530924
92736,0.06908505
147208,0.18816423
60669,0.36353707
108582,0.06275274
139519,0.05379462
72643,0.23137352
135312,0.06698699
37969,0.18434656
72198,0.06851582
78047,0.37725914
76855,0.10023875
110599,0.23530486
121236,0.07504221
90946,0.118228965
118804,0.4508062
107209,0.08350777
15534,0.6699164
80707,0.37480265
44873,0.2685936
85313,0.08063088
86874,0.0822914
140837,0.09688341
37348,0.13090582
43514,0.10107045
14101,0.59607285
2193,0.24941576
106108,0.24607372
21649,0.39258057
102495,0.49328816
34187,0.1705503
93248,0.061906338
29475,0.15739955
124970,0.3562628
62070,0.34733564
45925,0.10586424
149048,0.074939825
62239,0.17987525
62459,0.03000386
36170,0.6481965
12700,0.54774106
103133,0.059395798
83630,0.42873144
70554,0.17360964
99474,0.5776131
49885,0.10737606
149795,0.96514255
20081,0.12454593
121062,0.35358855
77611,0.31428394
127794,0.17807673
113942,0.26790476
56984,0.094658636
98039,0.22229062
113019,0.028731627
132400,0.11985275
146455,0.46014753
112007,0.8674376
67045,0.6058503
142215,0.23077591
134557,0.69945437
110889,0.19628298
32586,0.34157425
96481,0.25605878
142997,0.51535267
80050,0.04763599
716,0.095815875
95166,0.33762676
16558,0.5568407
72344,0.3725848
43285,0.08575758
83162,0.099283375
87461,0.14535746
81597,0.11500028
1538,0.122152105
95311,0.12967941
75608,0.34429646
82151,0.16358933
125648,0.92114127
149263,0.28355658
44094,0.4930525
20304,0.9525355
146316,0.09439637
114060,0.24063192
14803,0.6429087
50027,0.72172564
76881,0.24421275
106137,0.119108096
55953,0.21669567
3063,0.36526418
36568,0.5902851
63466,0.3174754
143251,0.009188453
117958,0.22575562
133210,0.40715507
72404,0.4741716
121795,0.1132818
110358,0.51306224
39789,0.13015196
89770,0.09479437
10902,0.09048471
45156,0.12783313
86486,0.071198925
77372,0.07079512
132560,0.16768458
114217,0.25176436
89091,0.1039126
93706,0.05066262
18206,0.7776075
34213,0.27262393
5563,0.09726145
9862,0.10463688
50354,0.35591114
135839,0.4683814
99799,0.09397826
33933,0.09911613
149901,0.059878923
60909,0.06519556
22281,0.107370235
77365,0.32088327
96735,0.8491551
83799,0.21570347
135940,0.24455956
130659,0.68672806
107264,0.132896
62042,0.8306579
63998,0.32923508
112047,0.030603055
76911,0.057616085
125102,0.102630235
147775,0.9645207
94880,0.08158881
142261,0.09739746
32903,0.07173781
70784,0.1816895
57761,0.096384436
23410,0.12845233
46018,0.6309668
102484,0.35249344
129839,0.0868629
68905,0.24303585
68014,0.23230387
55581,0.06347006
11915,0.15196063
190,0.30550167
62895,0.048177633
75050,0.73170376
107454,0.8184603
142711,0.08861288
73128,0.0735056
131758,0.48813695
55463,0.19848603
146337,0.040301338
10588,0.124585696
97104,0.027889125
4656,0.10806937
127506,0.2784691
126810,0.08718794
100389,0.92593724
77619,0.17822982
97634,0.5638034
23834,0.109211616
20010,0.03839768
56391,0.7308111
1913,0.5084525
93601,0.35154548
107991,0.04829083
110205,0.07425318
123505,0.10532495
88432,0.08649527
140468,0.102050796
5562,0.5018924
146713,0.18380207
92062,0.184803
30908,0.06855427
44781,0.056211576
131363,0.2244241
92560,0.10207779
122098,0.5485471
24834,0.015971318
38255,0.8691886
4723,0.5826116
7092,0.2099585
41289,0.86629266
112371,0.053889718
114011,0.112611026
30347,0.17523292
28104,0.2537457
13207,0.04611333
81380,0.08790518
3597,0.73118526
102434,0.30225655
79240,0.19232936
6947,0.43337217
60569,0.6405679
28312,0.013118153
119665,0.8924533
92638,0.074697554
89599,0.9152131
55851,0.8466814
60123,0.37965727
21216,0.30395654
133084,0.87747735
127923,0.74363923
93993,0.127995
148175,0.3373513
89064,0.90453553
103089,0.88038236
18724,0.07068171
14444,0.6477512
28879,0.01833932
27336,0.052254207
87969,0.0950307
113998,0.28163943
124766,0.076570846
13152,0.11908585
83953,0.020549266
19781,0.109667875
118945,0.27519858
58708,0.24938656
32030,0.42244112
23581,0.2614873
11852,0.067980714
143605,0.81046814
108421,0.35928777
2621,0.072822206
45527,0.06661836
60279,0.08864043
15096,0.031782605
128786,0.104584314
45351,0.3561202
146648,0.04357095
138394,0.019969922
79957,0.07442239
13124,0.033038072
71874,0.053963017
94546,0.12746954
8177,0.081360415
80364,0.2865799
70242,0.21514189
143259,0.05107138
108002,0.080132425
64714,0.066525646
106497,0.059466142
112338,0.055759743
44931,0.24195822
71036,0.20801538
59861,0.10236735
68332,0.03901406
127044,0.38902023
39552,0.076505646
136198,0.27377385
90858,0.8123314
117813,0.11813216
120647,0.05658996
21872,0.8908176
115424,0.7482417
17526,0.057877317
124572,0.8931539
37457,0.63353366
41530,0.14132853
56624,0.46040726
109505,0.11136913
91076,0.04466931
72411,0.09093595
32702,0.04563143
90757,0.09931026
34331,0.06106311
33463,0.15557347
51617,0.42651838
143651,0.59112597
67912,0.26466516
49344,0.07652455
54522,0.052785516
46578,0.8346837
54505,0.13965644
1838,0.03679894
69271,0.14973411
128907,0.16031364
23722,0.1039489
4892,0.089133516
117476,0.22471496
30491,0.13285889
47618,0.052307464
144611,0.11192246
72102,0.08407264
139372,0.120821334
70801,0.8271143
72675,0.72508657
65176,0.06352525
80708,0.59463215
1520,0.050328877
73530,0.4074875
50733,0.8954004
42851,0.43397722
122652,0.08452197
34719,0.114006855
145385,0.2510386
147481,0.35883895
46203,0.10212455
53327,0.36947352
60627,0.4433785
48094,0.20618904
120680,0.7539976
73917,0.32694134
12310,0.49635547
137550,0.323717
104835,0.30374038
130344,0.1358073
863,0.24533379
137380,0.05422286
107733,0.8907573
32618,0.36765844
136523,0.06445976
129855,0.39643016
85416,0.08470497
3360,0.047146343
15524,0.15483743
11470,0.27267563
56297,0.23532723
48185,0.07533511
142289,0.09500108
119101,0.15051825
131906,0.068386585
90200,0.27643797
83999,0.20778628
64645,0.5558036
11849,0.09621099
17557,0.7596134
121106,0.6557758
82822,0.10922091
33496,0.19620971
76496,0.14493859
64603,0.18964711
122134,0.10134892
135336,0.124319196
61317,0.47675037
26254,0.09532742
96254,0.47394133
78339,0.35367697
41497,0.04915064
89165,0.5345758
117955,0.050335053
94882,0.24492538
39352,0.06831083
78939,0.044272758
59914,0.17192708
127680,0.40901428
20290,0.2501853
106634,0.25534287
101154,0.13772556
58122,0.06942419
76421,0.44519335
5415,0.62081784
53491,0.4824638
77669,0.3919199
110578,0.58768684
65704,0.16073947
10512,0.11689826
74670,0.10580314
72639,0.07502727
79065,0.24644955
127453,0.11317144
111483,0.46426225
100781,0.36061633
119466,0.12680815
125834,0.36986357
5859,0.0869553
8971,0.57008314
18843,0.03335971
86174,0.27112168
108711,0.5832362
3489,0.16556256
146772,0.20182109
53809,0.84055334
86665,0.35164097
68148,0.051736716
30260,0.122359015
96938,0.037541687
61957,0.22856022
3726,0.062126372
58273,0.3296864
103364,0.14996997
146390,0.3828653
98063,0.5394409
134749,0.1260846
113100,0.13782422
100141,0.225065
17020,0.40170962
97409,0.118597716
39819,0.07666064
19477,0.6794948
27231,0.1699217
90462,0.46150517
71100,0.8953272
63859,0.13357699
95006,0.37005994
31501,0.44372082
47647,0.3354622
30556,0.42608872
46133,0.09211039
75712,0.42052105
23311,0.15512308
116927,0.12647544
12279,0.07395851
38501,0.09306759
57127,0.96507114
126134,0.13968779
34534,0.8189663
61060,0.06584058
100099,0.15222837
7506,0.044055555
139749,0.8417152
11586,0.05583796
129028,0.18165591
138593,0.4432737
141134,0.29583886
14565,0.24457541
11377,0.04465218
135965,0.14725964
127095,0.041316424
12938,0.39314437
81644,0.17586203
17797,0.08283818
44686,0.30510956
145205,0.117315695
63699,0.04710164
68915,0.076459385
147422,0.12315889
119708,0.1450071
20360,0.31258294
17917,0.6822233
147928,0.11924615
69886,0.30705643
102124,0.25957748
97059,0.08877853
61866,0.43466556
63494,0.28032437
104317,0.067767665
93762,0.052732024
95148,0.30448794
133196,0.8530334
126099,0.040068965
29645,0.50314826
124267,0.18078417
106960,0.09943823
112594,0.050036516
83864,0.029939024
102079,0.66165835
134082,0.7380362
44352,0.27363244
31116,0.05770735
147400,0.16003872
123272,0.35230905
71575,0.054107424
107277,0.04895236
126396,0.5336991
67814,0.2999841
99522,0.6534792
101614,0.6810136
10848,0.39689848
111505,0.84387374
21925,0.7329062
25712,0.15543894
147782,0.023154382
65143,0.25053287
93509,0.37571707
64083,0.13759813
16461,0.085372105
5277,0.043562956
148969,0.2055738
139642,0.20841515
72405,0.2362385
64039,0.14751536
147772,0.05583351
54019,0.19282034
35343,0.20990174
139747,0.5806452
125603,0.32106254
28365,0.1193559
81890,0.1099334
23472,0.08726833
134581,0.84537715
37955,0.08052274
44550,0.17326124
71345,0.06938051
101727,0.09094283
105127,0.9139649
101281,0.283612
11606,0.3553419
27101,0.09405491
86867,0.15695019
116088,0.046416815
3468,0.86950547
23207,0.037591796
79069,0.07417264
140882,0.19676906
48226,0.86357796
84529,0.072498664
43635,0.10211714
26239,0.21532497
49793,0.6094812
125487,0.28453285
141023,0.03809955
34254,0.2669004
71710,0.07193017
20051,0.34325507
13498,0.21549518
11867,0.04642036
56225,0.13359262
127840,0.10918415
43997,0.083898485
73752,0.4547544
136000,0.045424975
48428,0.26295295
18981,0.05897771
102109,0.16105977
71820,0.0910448
52470,0.24243596
17656,0.1736791
66226,0.5130379
100156,0.8175123
56989,0.12134343
43433,0.04188752
65577,0.057427824
33338,0.07729571
122686,0.55494475
85381,0.046802554
75231,0.7966173
13963,0.12779546
69230,0.24572548
107437,0.0635499
72175,0.06936143
7719,0.29494134
78387,0.070314415
5983,0.03774456
99737,0.27773374
102950,0.10065813
123605,0.24963588
88911,0.1667371
87098,0.14965667
122195,0.5047846
110173,0.17953323
27593,0.26741466
101813,0.5061843
134767,0.05643721
94978,0.06529163
87157,0.040769953
7020,0.10029653
48679,0.03995797
15535,0.76729435
143642,0.09371963
79459,0.042052254
73942,0.28060332
18824,0.08614811
114851,0.07320324
23366,0.025331749
27073,0.1247781
75441,0.1495111
102074,0.4059791
15791,0.07191825
40202,0.15014566
81050,0.17198925
114966,0.1593946
149385,0.18276446
107636,0.100519955
18765,0.45526543
37292,0.93574345
60021,0.052832726
22995,0.059649896
136690,0.13237023
93713,0.8595176
135445,0.3232248
24417,0.5344778
34105,0.05939959
23087,0.016548473
93261,0.057443976
99981,0.10078634
28776,0.04111964
118754,0.077889405
53299,0.19934508
119262,0.15653391
51424,0.7926682
63792,0.04789144
33742,0.04269017
95277,0.47415447
133434,0.056903042
106825,0.222518
54120,0.29956138
134613,0.17876355
83992,0.3677654
8227,0.33515567
31054,0.108037025
111229,0.11464443
32223,0.42668125
44138,0.06290376
139684,0.3848738
95829,0.16892205
139304,0.18179715
80174,0.44928744
47323,0.26281166
110207,0.8112562
91103,0.058132287
145734,0.7499787
24477,0.9292999
101276,0.3364447
22380,0.16219091
100605,0.06393903
123166,0.114721194
130717,0.10117963
71306,0.61259234
134214,0.03148797
52942,0.05435788
110459,0.044279568
147224,0.3225094
79464,0.22811644
117969,0.07398397
22751,0.3767975
32970,0.034135725
63404,0.3988685
116489,0.4017569
47012,0.17340603
19226,0.06736968
64428,0.10004855
109292,0.15240192
22236,0.11029725
41229,0.023218133
111372,0.11456384
149660,0.11233912
97095,0.8949838
2093,0.16268331
60828,0.3891082
122029,0.8235683
41186,0.04085345
88368,0.05079056
104238,0.06657313
84637,0.49042502
98396,0.054308843
103664,0.17049132
40957,0.374031
99368,0.658788
53615,0.14503264
132683,0.12477753
31906,0.039461974
147695,0.5011615
147063,0.09262227
78687,0.060160037
129198,0.081598625
43332,0.095044486
27163,0.14851713
16422,0.14252248
34306,0.036225606
130042,0.030351188
108273,0.07858638
82312,0.087086305
80342,0.957696
111300,0.17913848
107103,0.29590693
20494,0.32225278
111178,0.049714766
94343,0.14024995
37712,0.40411878
25609,0.36647555
62596,0.15677173
54951,0.19291279
103763,0.89283204
44199,0.46159223
23667,0.5302611
43636,0.50020134
101085,0.1790413
98329,0.0693454
32958,0.9648265
100949,0.07797725
118536,0.03578155
26660,0.06081589
61905,0.935046
4433,0.6376314
3037,0.048318308
85491,0.55976343
103838,0.2532481
53530,0.044864077
65638,0.077068046
2367,0.4928425
97589,0.16494532
47845,0.035649993
134403,0.39800718
127102,0.30982447
83219,0.08594124
113277,0.8083557
146319,0.39101458
110406,0.032907188
87959,0.0924766
24861,0.08830006
120988,0.08278262
3317,0.4482775
117911,0.33960122
29360,0.10435256
6702,0.038493626
147171,0.1590501
96908,0.071677506
28497,0.40123305
41012,0.27158022
57690,0.4497944
109955,0.07001985
107130,0.3184681
95123,0.039862894
42947,0.119001634
134442,0.09586662
110490,0.23125802
78822,0.03516521
67722,0.38150162
146707,0.03543152
27878,0.37646008
52200,0.0935567
83431,0.075378396
94580,0.46954215
42296,0.067369506
34911,0.56492305
47834,0.094170034
96283,0.12119246
94992,0.53701216
74882,0.15297298
116662,0.07460662
61183,0.15309627
124224,0.0671328
75700,0.5445737
61125,0.70562506
123410,0.14748845
26483,0.14119025
129355,0.058261983
26798,0.036440026
70231,0.18789859
103737,0.090281405
113461,0.16876933
52423,0.093822405
134103,0.17503966
80935,0.08777085
22221,0.4191257
32361,0.45300862
106608,0.4693834
5745,0.49355784
140812,0.06998576
20830,0.077396594
20686,0.2333139
144998,0.08254566
77013,0.06939236
85697,0.0650739
10223,0.8970825
52334,0.27556312
103776,0.048877362
62825,0.24143279
42864,0.28310385
111465,0.5365586
33332,0.41160408
40081,0.026951117
122586,0.07782818
133853,0.09651781
118027,0.06758193
83588,0.13000387
101106,0.16128908
15127,0.17302883
21395,0.10259611
104454,0.10577423
120979,0.085542455
51188,0.41540134
134383,0.19759077
111343,0.44393697
108370,0.49345484
81514,0.13942182
7915,0.27263808
78043,0.2483622
128553,0.050902702
139373,0.11967439
149708,0.1842949
98001,0.19952811
134286,0.25903365
104387,0.058468726
28537,0.6640158
83949,0.024652328
14685,0.03182791
88276,0.09716571
80951,0.06049892
17716,0.10251471
82475,0.5745715
68724,0.86731416
144634,0.07862995
107859,0.60916406
116095,0.8211763
112479,0.033956517
142970,0.08513738
36026,0.09757079
48608,0.095876046
127340,0.14121222
128142,0.26737282
89600,0.15267523
86992,0.10181541
79784,0.11400951
39548,0.66198033
122638,0.06590785
73287,0.96416616
31557,0.8552209
127789,0.1371912
88715,0.12613243
82054,0.5492303
3820,0.37392747
50276,0.114541136
49416,0.14071545
78508,0.8322218
1078,0.09174192
73062,0.118381344
57762,0.092273474
72294,0.6397189
110582,0.27549022
73957,0.42110074
36142,0.12391442
139489,0.09522734
15380,0.090095475
94190,0.24474582
96825,0.44226357
5716,0.5350501
72216,0.08497213
7867,0.4446445
13114,0.1065411
107682,0.19691074
47412,0.08214072
69892,0.019450918
17210,0.2566322
134011,0.33117366
120051,0.08668009
35308,0.085766844
42720,0.050343998
33079,0.29138017
40423,0.16293086
149676,0.1893512
51533,0.019331634
38452,0.08599528
101029,0.1658223
94433,0.41155043
41807,0.09609445
38199,0.17550646
60222,0.0675489
125310,0.1778727
123047,0.113658495
22859,0.889256
34768,0.24677129
22206,0.29037285
87667,0.12394129
103381,0.23326576
26902,0.14362355
89707,0.35432336
145068,0.054846518
146981,0.10506581
117363,0.084613174
40850,0.16936313
30061,0.08187203
49971,0.04127724
12690,0.26892233
54788,0.35176492
17451,0.8362404
92563,0.9611542
80403,0.50705045
57113,0.35142016
71515,0.2242513
129856,0.054702178
81647,0.18367366
118034,0.29591125
142389,0.07897296
120774,0.24886328
111808,0.7252276
138949,0.55005634
67411,0.17079453
140151,0.12714045
52246,0.029800117
15913,0.08050503
73467,0.049884975
3720,0.03973553
47393,0.22796136
17454,0.51822114
62833,0.42375746
129112,0.04043281
94739,0.36723068
32852,0.26744658
20489,0.39789632
15471,0.0705003
28265,0.027395085
51544,0.13137951
67106,0.27864686
95265,0.4087963
7438,0.09904554
74290,0.32359606
121982,0.13313979
119445,0.23609805
149321,0.12912855
39844,0.38125065
123881,0.0298103
45998,0.26761335
29919,0.05247535
97795,0.043135967
119800,0.097329885
78293,0.4677654
137422,0.1115511
33879,0.25268722
112249,0.16638012
7532,0.69944084
109712,0.63427866
60170,0.6360718
138964,0.38196075
11082,0.08453849
35329,0.10248372
74258,0.041681092
48890,0.2882819
109327,0.1636876
31234,0.22177869
97192,0.8139186
101638,0.10963565
47898,0.060919676
99819,0.19597897
58849,0.72697115
143415,0.068513066
75784,0.04408573
83249,0.10570729
3723,0.8730091
145456,0.038106233
81193,0.113742724
79639,0.12133487
32319,0.12602603
46566,0.072565414
5935,0.14378849
56188,0.61949605
19393,0.3566484
36480,0.042279184
121095,0.04863583
141720,0.1866466
8631,0.2919394
82579,0.7800993
38739,0.8952168
72436,0.61560565
11581,0.49838707
44806,0.285297
126582,0.11412359
133491,0.01599741
124220,0.10854828
82298,0.6646721
52933,0.06349098
148255,0.09670544
134357,0.17154329
1316,0.02618884
47927,0.34359342
71527,0.94593024
92486,0.48440433
111525,0.04944918
121183,0.053072114
4992,0.2824111
67540,0.24725544
127434,0.10492034
50386,0.95169556
70326,0.22494721
86207,0.11227918
41501,0.03090903
19858,0.11401496
104266,0.24141118
125732,0.8758948
53403,0.52641225
102080,0.25787193
44418,0.48901772
92524,0.28770402
6943,0.6063058
87497,0.3259962
32851,0.105406284
26738,0.21438621
12040,0.05802885
91361,0.03520575
38532,0.36400014
117394,0.346584
138374,0.09423281
28779,0.0833685
113076,0.08112317
43569,0.756178
121855,0.52073437
43258,0.08751111
72657,0.45923758
107903,0.054944944
108797,0.62093574
106356,0.5475745
136351,0.21356516
111695,0.12161335
135001,0.10296782
46302,0.40398675
77564,0.04992603
139011,0.26095697
87782,0.39878044
10105,0.07569278
131270,0.058605306
71289,0.1887061
38504,0.22481258
16301,0.41871625
141384,0.6942893
85404,0.06858277
20662,0.8251572
30907,0.06929945
8436,0.1288127
70257,0.22791395
123802,0.15182593
126859,0.2188217
85763,0.11778219
75285,0.11487492
149770,0.8756904
28163,0.76038206
22775,0.08585295
127991,0.7314212
56529,0.13549891
127944,0.8643909
113331,0.45513698
33564,0.09837709
138781,0.034939084
55354,0.09709037
48477,0.13003883
35724,0.19520004
75382,0.057299655
39477,0.10379167
11045,0.48869425
23926,0.24949472
104715,0.9671418
57252,0.18188281
83654,0.49035174
63999,0.3215878
21063,0.53904635
49772,0.034670062
2200,0.07385254
118155,0.8500542
128649,0.07721491
12699,0.9080798
88685,0.022891285
45564,0.050228592
43914,0.30287966
8638,0.102988526
39970,0.16252708
139428,0.8587708
107180,0.057202205
80962,0.2945745
56212,0.44689256
32581,0.15694328
62462,0.11712208
128562,0.1348749
138097,0.9023685
106951,0.08350775
36401,0.23392911
83373,0.18553194
32002,0.81312734
99101,0.7115646
110136,0.8382151
47051,0.20541154
59793,0.20563877
143102,0.11582318
31777,0.050823722
35192,0.3167943
73457,0.073319204
117863,0.26351526
21396,0.26066548
125441,0.09979414
89305,0.21068905
85274,0.28449255
80759,0.09158962
15856,0.058680017
50142,0.18709801
108504,0.5136938
65125,0.044132743
15771,0.7795374
147294,0.099204555
86197,0.17276387
34757,0.60960186
21013,0.44866735
71031,0.11407286
89612,0.14984243
115705,0.10290999
65457,0.14700177
139991,0.4187491
10303,0.35207257
91539,0.4794937
3888,0.11439661
108344,0.90662897
28459,0.91709334
19872,0.6155015
73635,0.09096589
58262,0.077495
81166,0.03393966
34217,0.39065653
138585,0.030690232
91231,0.2320191
28411,0.054049112
120742,0.122847974
142561,0.06795832
33555,0.1234701
56910,0.051742062
16183,0.468145
84101,0.15049602
84834,0.13511778
51507,0.18975922
123628,0.025141329
149828,0.3593198
19160,0.07108508
80188,0.52706313
607,0.7809011
1168,0.9683003
36330,0.09100202
17813,0.07162265
66466,0.073521025
67586,0.16435923
113896,0.42993528
89280,0.1657118
73560,0.068304785
113528,0.08805527
33160,0.42118657
118378,0.33240932
17664,0.081905514
97871,0.16851743
35049,0.09221795
102383,0.057507765
36278,0.015399285
24892,0.5482006
145526,0.027851162
147700,0.09338112
44841,0.08632686
96615,0.11408374
51927,0.3896798
98899,0.44421774
85057,0.21560217
99389,0.03644926
74531,0.040205296
63510,0.049739283
59891,0.13963109
142348,0.17064914
40641,0.06386668
91902,0.04706806
35658,0.050637938
26092,0.174545
46013,0.18553923
12586,0.32493135
123885,0.59215903
106867,0.31230846
10323,0.7985316
38906,0.2835031
99661,0.07541472
128396,0.0942574
123797,0.23583703
100179,0.1411549
3946,0.06439097
12196,0.24444622
52156,0.07316691
102911,0.61610186
142434,0.2396532
44832,0.2829451
127129,0.2644367
100143,0.94667035
30579,0.1824275
44017,0.06947249
69651,0.96886504
5875,0.55932087
32938,0.1013222
60698,0.12140287
38728,0.18765266
55526,0.6215242
119822,0.09106181
120605,0.05578352
129536,0.81641436
76820,0.08640116
101173,0.11592182
58572,0.30543837
15682,0.7575768
132541,0.046833515
55484,0.123498105
4791,0.061188154
114926,0.4385902
123366,0.6033777
68297,0.3866279
57040,0.03875795
32155,0.094353825
110675,0.069391884
65960,0.92473185
94670,0.2288469
97841,0.12405572
22168,0.023857312
122843,0.07915918
45743,0.03155773
107339,0.13831009
133703,0.13598716
29613,0.1915331
111167,0.07771641
80289,0.6412702
93212,0.7283481
37679,0.03924724
66239,0.03199855
98826,0.5368181
14549,0.24483417
137107,0.4148721
31370,0.17172955
94990,0.44903126
109881,0.743198
141910,0.124717996
143146,0.09229792
105654,0.047914244
64621,0.612083
11757,0.293499
9845,0.08962162
109969,0.04871302
481,0.78238773
63428,0.10571752
31606,0.95838666
126789,0.56934756
5787,0.16654816
106871,0.051071275
93161,0.087070405
40020,0.02134311
60765,0.11282326
91203,0.17108187
87645,0.11722401
146023,0.721909
81270,0.02118335
86000,0.051444218
96725,0.07430149
41246,0.12771656
1969,0.21119224
49864,0.21720189
142274,0.44488597
13358,0.074631594
131156,0.30680346
117831,0.4714977
99009,0.24508868
6444,0.9653377
124320,0.19267711
18769,0.07801946
121346,0.05505192
37775,0.26369363
19206,0.044604607
106849,0.32270655
35719,0.059287712
122603,0.053176947
80481,0.6185221
91535,0.08403892
138586,0.106332935
71099,0.06721125
58560,0.09066393
17663,0.39359763
109461,0.6108987
111823,0.14290643
23705,0.17818542
141588,0.13572527
96374,0.5785137
15656,0.19280069
126431,0.07401187
144788,0.8420626
120532,0.053803016
39266,0.35227633
89128,0.08229862
97026,0.06380436
101792,0.34248912
54462,0.39261362
62119,0.06750991
51749,0.45897263
18603,0.6527107
86533,0.1473009
81489,0.094135165
136441,0.20347226
91259,0.26211742
149856,0.24208887
91310,0.056852523
25179,0.1021347
41090,0.74662966
76254,0.8619167
49983,0.19081566
9745,0.18769017
127386,0.98345757
53771,0.56841
54420,0.29597384
149083,0.5290042
51517,0.59241194
58103,0.19587718
47611,0.9379197
24628,0.38932332
125837,0.05607645
45836,0.1478178
33054,0.13242052
121468,0.7577357
82733,0.079949595
71114,0.85007566
37434,0.073704615
101210,0.5064899
17137,0.07446926
79683,0.040981892
30161,0.19956863
72968,0.3645805
79723,0.11416855
83483,0.025634738
35427,0.06843762
39622,0.07698397
145978,0.047175173
31766,0.058766317
127811,0.2453912
125985,0.59178
64824,0.47846287
118490,0.055990595
24595,0.058147497
2834,0.069935516
82060,0.06552215
119115,0.08610725
68000,0.06672673
129723,0.073152356
121566,0.13259839
9641,0.15468444
39735,0.07787098
19444,0.2688255
111247,0.35913742
83193,0.24256937
115958,0.034708433
30956,0.037027474
139673,0.24413632
135456,0.11335307
40127,0.10937254
115369,0.1368106
37324,0.098210074
127204,0.5036501
1661,0.06983201
94267,0.11008984
64688,0.13029303
136960,0.4126863
132891,0.12810966
118435,0.09727697
101269,0.11671703
124482,0.095304064
37565,0.110604465
42381,0.44099006
118639,0.19546358
3732,0.041856147
87668,0.10372619
79737,0.9515906
50644,0.27635697
1569,0.042191334
74606,0.10633973
23611,0.275917
28876,0.0763581
111774,0.12287295
48437,0.09178359
137575,0.05127113
104777,0.05850662
75349,0.6986346
82171,0.045268785
120975,0.20618616
86728,0.09153005
98906,0.07006774
104195,0.09138497
114220,0.10361498
4846,0.38309395
95251,0.1682045
72776,0.29375258
129501,0.15376243
16371,0.34129474
130764,0.13107608
41263,0.38812375
101817,0.3567924
115408,0.063576035
20809,0.13148463
17243,0.48674127
51967,0.06718034
42278,0.090459555
58069,0.15346806
5469,0.08799193
9507,0.34735203
62597,0.041516725
8448,0.02407767
119248,0.5675941
111345,0.34013376
43996,0.051344022
77095,0.030392898
30429,0.21118948
109495,0.55462724
70268,0.47284058
134779,0.11769218
91810,0.54799783
142899,0.11507259
107548,0.45567238
106501,0.85310954
104116,0.24778669
133032,0.12202759
118800,0.036732126
91797,0.63820297
26904,0.15265428
38699,0.2711674
30108,0.23396653
127185,0.07477717
82408,0.5446154
421,0.6539379
89153,0.6135063
114053,0.112791486
87133,0.19229995
51619,0.034848005
110913,0.6343213
4186,0.16629139
35233,0.065499455
116628,0.5569219
102098,0.12682112
20042,0.030906873
78689,0.55521435
108644,0.14270067
65496,0.5888489
75291,0.15202838
139746,0.6045373
47715,0.59197176
28482,0.10234698
92156,0.058088142
52907,0.05494239
55078,0.08995847
148760,0.13372436
17373,0.1413752
26888,0.26750904
10661,0.95870626
15369,0.60918826
114117,0.27689385
124,0.5079186
81027,0.1759801
53578,0.23761253
49862,0.028501453
70799,0.26414195
113398,0.4250107
93743,0.7320981
22528,0.056655865
102140,0.13343845
43992,0.439549
107948,0.12989731
117749,0.20651391
111618,0.36803472
96309,0.32984188
82539,0.4372097
58467,0.15672833
1523,0.120231435
10803,0.041084204
138720,0.3128519
18174,0.21052562
90754,0.7217562
146453,0.9068222
48891,0.4326022
103241,0.123473674
97576,0.06195802
41073,0.16267972
19831,0.113678284
111207,0.057087537
118023,0.416155
45884,0.11062163
58769,0.07672453
102192,0.2833186
60972,0.04273509
52998,0.07724492
48954,0.06130164
99571,0.33787107
144335,0.0516786
33952,0.15414612
27882,0.30906358
108188,0.19895573
56423,0.088748984
52056,0.09827764
133830,0.45543242
87081,0.17653477
55431,0.2874564
38278,0.5818414
15650,0.074314825
125432,0.1015383
145699,0.18326879
18987,0.9338992
6442,0.12615086
82679,0.082069784
77622,0.20597988
134846,0.14992858
72353,0.89043903
46810,0.11686173
143850,0.19946693
72597,0.38530827
89591,0.11859951
122947,0.21717103
30804,0.1429439
84319,0.11445107
49273,0.28679556
128961,0.06667368
32086,0.10473335
123722,0.24489148
83506,0.20351677
64132,0.7253416
44800,0.23363867
75008,0.0859573
136121,0.10212364
28548,0.15528214
142568,0.13532679
60266,0.1346494
136976,0.037301023
2954,0.14524882
58858,0.50230676
51289,0.6764139
14011,0.34029415
21437,0.18494031
121225,0.21742992
96697,0.17550695
112918,0.13984372
66208,0.15465134
6798,0.21056744
144316,0.7963431
147940,0.8364805
64215,0.9373953
111740,0.12747161
64909,0.513477
73670,0.035139438
53058,0.08861248
47622,0.14971697
2966,0.029253505
75126,0.50383335
95546,0.83426315
13052,0.24638578
130208,0.097668365
38468,0.039582115
20569,0.4667928
74728,0.08732862
67915,0.05191344
83087,0.08790757
88476,0.10862267
110305,0.30098632
138141,0.10811746
81097,0.19304405
118982,0.06883969
131126,0.16181035
19089,0.095387846
91492,0.4396091
103975,0.47521806
17098,0.023290584
80562,0.7346463
36101,0.9614389
33962,0.72988325
2302,0.17416485
100777,0.115957245
36413,0.06307781
128656,0.23536721
110023,0.19536307
124596,0.04729711
75895,0.21165399
92453,0.507053
139288,0.44773993
59825,0.37994796
